To honour the JVM settings for this build a single-use Daemon process will be forked. For more on this, please refer to https://docs.gradle.org/9.2.0/userguide/gradle_daemon.html#sec:disabling_the_daemon in the Gradle documentation.
Daemon will be stopped at the end of the build 
> Task :buildSrc:compileJava UP-TO-DATE
> Task :buildSrc:compileGroovy NO-SOURCE
> Task :buildSrc:processResources NO-SOURCE
> Task :buildSrc:classes UP-TO-DATE
> Task :buildSrc:jar UP-TO-DATE
> Task :cleanTest
> Task :compileJava
> Task :generateBrandIcons UP-TO-DATE
> Task :generateVersionProperties UP-TO-DATE
> Task :processResources UP-TO-DATE
> Task :classes

> Task :compileTestJava

> Task :processTestResources NO-SOURCE
> Task :testClasses

> Task :test

QueryXlsxExportTest > samplingFailureAndCancellationPreserveOldFileAndCleanTemporary() FAILED
    com.datacube.export.SafeResultFilePublisher$Failure: Result export failed at PREPARE
        at app//com.datacube.export.SafeResultFilePublisher.capture(SafeResultFilePublisher.java:86)
        at app//com.datacube.export.QueryXlsxExportTest.samplingFailureAndCancellationPreserveOldFileAndCleanTemporary(QueryXlsxExportTest.java:95)

QueryXlsxExportTest > cancellationDuringActualXlsxSerializationStopsLaterRowsAndPublication() FAILED
    org.opentest4j.AssertionFailedError: Unexpected exception type thrown, expected: <java.util.concurrent.CancellationException> but was: <com.datacube.export.SafeResultFilePublisher.Failure>
        at app//org.junit.jupiter.api.AssertionFailureBuilder.build(AssertionFailureBuilder.java:151)
        at app//org.junit.jupiter.api.AssertThrows.assertThrows(AssertThrows.java:67)
        at app//org.junit.jupiter.api.AssertThrows.assertThrows(AssertThrows.java:35)
        at app//org.junit.jupiter.api.Assertions.assertThrows(Assertions.java:3128)
        at app//com.datacube.export.QueryXlsxExportTest.cancellationDuringActualXlsxSerializationStopsLaterRowsAndPublication(QueryXlsxExportTest.java:146)

        Caused by:
        com.datacube.export.SafeResultFilePublisher$Failure: Result export failed at PREPARE
            at app//com.datacube.export.SafeResultFilePublisher.capture(SafeResultFilePublisher.java:86)
            at app//com.datacube.export.QueryXlsxExportTest.lambda$cancellationDuringActualXlsxSerializationStopsLaterRowsAndPublication$0(QueryXlsxExportTest.java:147)
            at app//org.junit.jupiter.api.AssertThrows.assertThrows(AssertThrows.java:53)
            ... 3 more

SafeResultFilePublisherIdentityTest > hardLinkIdentityBlocksConcurrentAliasAndAtomicReplacementPreservesNeighborBytes() FAILED
    com.datacube.export.SafeResultFilePublisher$Failure: Result export failed at PREPARE
        at app//com.datacube.export.SafeResultFilePublisher.capture(SafeResultFilePublisher.java:86)
        at app//com.datacube.export.SafeResultFilePublisherIdentityTest.hardLinkIdentityBlocksConcurrentAliasAndAtomicReplacementPreservesNeighborBytes(SafeResultFilePublisherIdentityTest.java:22)

SafeResultFilePublisherIdentityTest > changedParentDirectoryRefusesMoveAndDoesNotCleanReplacementDirectory() FAILED
    org.opentest4j.AssertionFailedError: expected: <CLEANUP> but was: <PREPARE>
        at app//org.junit.jupiter.api.AssertionFailureBuilder.build(AssertionFailureBuilder.java:151)
        at app//org.junit.jupiter.api.AssertionFailureBuilder.buildAndThrow(AssertionFailureBuilder.java:132)
        at app//org.junit.jupiter.api.AssertEquals.failNotEqual(AssertEquals.java:197)
        at app//org.junit.jupiter.api.AssertEquals.assertEquals(AssertEquals.java:182)
        at app//org.junit.jupiter.api.AssertEquals.assertEquals(AssertEquals.java:177)
        at app//org.junit.jupiter.api.Assertions.assertEquals(Assertions.java:1145)
        at app//com.datacube.export.SafeResultFilePublisherIdentityTest.changedParentDirectoryRefusesMoveAndDoesNotCleanReplacementDirectory(SafeResultFilePublisherIdentityTest.java:77)

SafeResultFilePublisherIdentityTest > normalShortTemporaryRootAndCaseDotAliasesRemainCompatible() FAILED
    com.datacube.export.SafeResultFilePublisher$Failure: Result export failed at PREPARE
        at app//com.datacube.export.SafeResultFilePublisher.capture(SafeResultFilePublisher.java:86)
        at app//com.datacube.export.SafeResultFilePublisherIdentityTest.normalShortTemporaryRootAndCaseDotAliasesRemainCompatible(SafeResultFilePublisherIdentityTest.java:99)

SafeResultFilePublisherIdentityTest > replacedTemporaryPathIsNeverDeletedOrPublished() FAILED
    org.opentest4j.AssertionFailedError: expected: <CLEANUP> but was: <PREPARE>
        at app//org.junit.jupiter.api.AssertionFailureBuilder.build(AssertionFailureBuilder.java:151)
        at app//org.junit.jupiter.api.AssertionFailureBuilder.buildAndThrow(AssertionFailureBuilder.java:132)
        at app//org.junit.jupiter.api.AssertEquals.failNotEqual(AssertEquals.java:197)
        at app//org.junit.jupiter.api.AssertEquals.assertEquals(AssertEquals.java:182)
        at app//org.junit.jupiter.api.AssertEquals.assertEquals(AssertEquals.java:177)
        at app//org.junit.jupiter.api.Assertions.assertEquals(Assertions.java:1145)
        at app//com.datacube.export.SafeResultFilePublisherIdentityTest.replacedTemporaryPathIsNeverDeletedOrPublished(SafeResultFilePublisherIdentityTest.java:59)

SafeResultFilePublisherTest > cleanupFailureReportsOnlyOwnedPathAndFixedStage() FAILED
    org.opentest4j.AssertionFailedError: expected: <CLEANUP> but was: <PREPARE>
        at app//org.junit.jupiter.api.AssertionFailureBuilder.build(AssertionFailureBuilder.java:151)
        at app//org.junit.jupiter.api.AssertionFailureBuilder.buildAndThrow(AssertionFailureBuilder.java:132)
        at app//org.junit.jupiter.api.AssertEquals.failNotEqual(AssertEquals.java:197)
        at app//org.junit.jupiter.api.AssertEquals.assertEquals(AssertEquals.java:182)
        at app//org.junit.jupiter.api.AssertEquals.assertEquals(AssertEquals.java:177)
        at app//org.junit.jupiter.api.Assertions.assertEquals(Assertions.java:1145)
        at app//com.datacube.export.SafeResultFilePublisherTest.cleanupFailureReportsOnlyOwnedPathAndFixedStage(SafeResultFilePublisherTest.java:152)

SafeResultFilePublisherTest > changedTargetAndUnsupportedAtomicMoveNeverReplaceOldBytes() FAILED
    com.datacube.export.SafeResultFilePublisher$Failure: Result export failed at PREPARE
        at app//com.datacube.export.SafeResultFilePublisher.capture(SafeResultFilePublisher.java:86)
        at app//com.datacube.export.SafeResultFilePublisherTest.changedTargetAndUnsupportedAtomicMoveNeverReplaceOldBytes(SafeResultFilePublisherTest.java:43)

SafeResultFilePublisherTest > failingWriterTouchesOnlyItsOwnTempAndKeepsOldBytes() FAILED
    org.opentest4j.AssertionFailedError: expected: <WRITE> but was: <PREPARE>
        at app//org.junit.jupiter.api.AssertionFailureBuilder.build(AssertionFailureBuilder.java:151)
        at app//org.junit.jupiter.api.AssertionFailureBuilder.buildAndThrow(AssertionFailureBuilder.java:132)
        at app//org.junit.jupiter.api.AssertEquals.failNotEqual(AssertEquals.java:197)
        at app//org.junit.jupiter.api.AssertEquals.assertEquals(AssertEquals.java:182)
        at app//org.junit.jupiter.api.AssertEquals.assertEquals(AssertEquals.java:177)
        at app//org.junit.jupiter.api.Assertions.assertEquals(Assertions.java:1145)
        at app//com.datacube.export.SafeResultFilePublisherTest.failingWriterTouchesOnlyItsOwnTempAndKeepsOldBytes(SafeResultFilePublisherTest.java:34)

SafeResultFilePublisherTest > missingTargetThatAppearsDuringWriteIsNotOverwritten() FAILED
    java.nio.file.NoSuchFileException: C:\Users\hetia\AppData\Local\Temp\DAEA0B~1\temp\junit-11255493134876916456\new.csv
        at java.base/sun.nio.fs.WindowsException.translateToIOException(WindowsException.java:85)
        at java.base/sun.nio.fs.WindowsException.rethrowAsIOException(WindowsException.java:103)
        at java.base/sun.nio.fs.WindowsException.rethrowAsIOException(WindowsException.java:108)
        at java.base/sun.nio.fs.WindowsFileSystemProvider.newByteChannel(WindowsFileSystemProvider.java:231)
        at java.base/java.nio.file.Files.newByteChannel(Files.java:357)
        at java.base/java.nio.file.Files.newByteChannel(Files.java:399)
        at java.base/java.nio.file.Files.readAllBytes(Files.java:2973)
        at java.base/java.nio.file.Files.readString(Files.java:3043)
        at java.base/java.nio.file.Files.readString(Files.java:3006)
        at com.datacube.export.SafeResultFilePublisherTest.missingTargetThatAppearsDuringWriteIsNotOverwritten(SafeResultFilePublisherTest.java:72)

SafeResultFilePublisherTest > streamCloseFailurePreservesTarget() FAILED
    org.opentest4j.AssertionFailedError: expected: <WRITE> but was: <PREPARE>
        at app//org.junit.jupiter.api.AssertionFailureBuilder.build(AssertionFailureBuilder.java:151)
        at app//org.junit.jupiter.api.AssertionFailureBuilder.buildAndThrow(AssertionFailureBuilder.java:132)
        at app//org.junit.jupiter.api.AssertEquals.failNotEqual(AssertEquals.java:197)
        at app//org.junit.jupiter.api.AssertEquals.assertEquals(AssertEquals.java:182)
        at app//org.junit.jupiter.api.AssertEquals.assertEquals(AssertEquals.java:177)
        at app//org.junit.jupiter.api.Assertions.assertEquals(Assertions.java:1145)
        at app//com.datacube.export.SafeResultFilePublisherTest.streamCloseFailurePreservesTarget(SafeResultFilePublisherTest.java:106)

SafeResultFilePublisherTest > successfulPublishAndCancellationHaveDifferentTerminalEffects() FAILED
    com.datacube.export.SafeResultFilePublisher$Failure: Result export failed at PREPARE
        at app//com.datacube.export.SafeResultFilePublisher.capture(SafeResultFilePublisher.java:86)
        at app//com.datacube.export.SafeResultFilePublisherTest.successfulPublishAndCancellationHaveDifferentTerminalEffects(SafeResultFilePublisherTest.java:79)

SafeResultFilePublisherTest > sameCanonicalTargetIsExclusiveAndLockIsReleased() FAILED
    com.datacube.export.SafeResultFilePublisher$Failure: Result export failed at PREPARE
        at app//com.datacube.export.SafeResultFilePublisher.capture(SafeResultFilePublisher.java:86)
        at app//com.datacube.export.SafeResultFilePublisherTest.sameCanonicalTargetIsExclusiveAndLockIsReleased(SafeResultFilePublisherTest.java:112)

TableExporterBaselineRedTest > middleReadFailureMustKeepExistingDestinationAndNeighbor(ExportFormat) > [1] SQL FAILED
    org.opentest4j.AssertionFailedError: Failure must happen after the real writer started ==> expected: <true> but was: <false>
        at app//org.junit.jupiter.api.AssertionFailureBuilder.build(AssertionFailureBuilder.java:151)
        at app//org.junit.jupiter.api.AssertionFailureBuilder.buildAndThrow(AssertionFailureBuilder.java:132)
        at app//org.junit.jupiter.api.AssertTrue.failNotTrue(AssertTrue.java:63)
        at app//org.junit.jupiter.api.AssertTrue.assertTrue(AssertTrue.java:36)
        at app//org.junit.jupiter.api.Assertions.assertTrue(Assertions.java:214)
        at app//com.datacube.export.TableExporterBaselineRedTest.middleReadFailureMustKeepExistingDestinationAndNeighbor(TableExporterBaselineRedTest.java:24)

TableExporterBaselineRedTest > middleReadFailureMustKeepExistingDestinationAndNeighbor(ExportFormat) > [2] XLSX FAILED
    org.opentest4j.AssertionFailedError: Failure must happen after the real writer started ==> expected: <true> but was: <false>
        at app//org.junit.jupiter.api.AssertionFailureBuilder.build(AssertionFailureBuilder.java:151)
        at app//org.junit.jupiter.api.AssertionFailureBuilder.buildAndThrow(AssertionFailureBuilder.java:132)
        at app//org.junit.jupiter.api.AssertTrue.failNotTrue(AssertTrue.java:63)
        at app//org.junit.jupiter.api.AssertTrue.assertTrue(AssertTrue.java:36)
        at app//org.junit.jupiter.api.Assertions.assertTrue(Assertions.java:214)
        at app//com.datacube.export.TableExporterBaselineRedTest.middleReadFailureMustKeepExistingDestinationAndNeighbor(TableExporterBaselineRedTest.java:24)

TableExporterReliabilityTest > failureOnlyChangesOwnedTemporary(ExportFormat, boolean, Failure) > [5] SQL, true, CLOSE FAILED
    org.opentest4j.AssertionFailedError: expected: <1> but was: <0>
        at app//org.junit.jupiter.api.AssertionFailureBuilder.build(AssertionFailureBuilder.java:151)
        at app//org.junit.jupiter.api.AssertionFailureBuilder.buildAndThrow(AssertionFailureBuilder.java:132)
        at app//org.junit.jupiter.api.AssertEquals.failNotEqual(AssertEquals.java:197)
        at app//org.junit.jupiter.api.AssertEquals.assertEquals(AssertEquals.java:150)
        at app//org.junit.jupiter.api.AssertEquals.assertEquals(AssertEquals.java:145)
        at app//org.junit.jupiter.api.Assertions.assertEquals(Assertions.java:531)
        at app//com.datacube.export.TableExporterReliabilityTest.failureOnlyChangesOwnedTemporary(TableExporterReliabilityTest.java:83)

TableExporterReliabilityTest > failureOnlyChangesOwnedTemporary(ExportFormat, boolean, Failure) > [6] SQL, true, PUBLISH FAILED
    org.opentest4j.AssertionFailedError: expected: <1> but was: <0>
        at app//org.junit.jupiter.api.AssertionFailureBuilder.build(AssertionFailureBuilder.java:151)
        at app//org.junit.jupiter.api.AssertionFailureBuilder.buildAndThrow(AssertionFailureBuilder.java:132)
        at app//org.junit.jupiter.api.AssertEquals.failNotEqual(AssertEquals.java:197)
        at app//org.junit.jupiter.api.AssertEquals.assertEquals(AssertEquals.java:150)
        at app//org.junit.jupiter.api.AssertEquals.assertEquals(AssertEquals.java:145)
        at app//org.junit.jupiter.api.Assertions.assertEquals(Assertions.java:531)
        at app//com.datacube.export.TableExporterReliabilityTest.failureOnlyChangesOwnedTemporary(TableExporterReliabilityTest.java:77)

TableExporterReliabilityTest > failureOnlyChangesOwnedTemporary(ExportFormat, boolean, Failure) > [7] SQL, true, CANCEL FAILED
    org.opentest4j.AssertionFailedError: Unexpected type, expected: <java.util.concurrent.CancellationException> but was: <com.datacube.export.SafeResultFilePublisher.Failure>
        at app//org.junit.jupiter.api.AssertionFailureBuilder.build(AssertionFailureBuilder.java:151)
        at app//org.junit.jupiter.api.AssertionFailureBuilder.buildAndThrow(AssertionFailureBuilder.java:132)
        at app//org.junit.jupiter.api.AssertInstanceOf.assertInstanceOf(AssertInstanceOf.java:49)
        at app//org.junit.jupiter.api.AssertInstanceOf.assertInstanceOf(AssertInstanceOf.java:31)
        at app//org.junit.jupiter.api.Assertions.assertInstanceOf(Assertions.java:3614)
        at app//com.datacube.export.TableExporterReliabilityTest.failureOnlyChangesOwnedTemporary(TableExporterReliabilityTest.java:78)

TableExporterReliabilityTest > failureOnlyChangesOwnedTemporary(ExportFormat, boolean, Failure) > [12] SQL, false, CLOSE FAILED
    org.opentest4j.AssertionFailedError: expected: <1> but was: <0>
        at app//org.junit.jupiter.api.AssertionFailureBuilder.build(AssertionFailureBuilder.java:151)
        at app//org.junit.jupiter.api.AssertionFailureBuilder.buildAndThrow(AssertionFailureBuilder.java:132)
        at app//org.junit.jupiter.api.AssertEquals.failNotEqual(AssertEquals.java:197)
        at app//org.junit.jupiter.api.AssertEquals.assertEquals(AssertEquals.java:150)
        at app//org.junit.jupiter.api.AssertEquals.assertEquals(AssertEquals.java:145)
        at app//org.junit.jupiter.api.Assertions.assertEquals(Assertions.java:531)
        at app//com.datacube.export.TableExporterReliabilityTest.failureOnlyChangesOwnedTemporary(TableExporterReliabilityTest.java:83)

TableExporterReliabilityTest > failureOnlyChangesOwnedTemporary(ExportFormat, boolean, Failure) > [13] SQL, false, PUBLISH FAILED
    org.opentest4j.AssertionFailedError: expected: <1> but was: <0>
        at app//org.junit.jupiter.api.AssertionFailureBuilder.build(AssertionFailureBuilder.java:151)
        at app//org.junit.jupiter.api.AssertionFailureBuilder.buildAndThrow(AssertionFailureBuilder.java:132)
        at app//org.junit.jupiter.api.AssertEquals.failNotEqual(AssertEquals.java:197)
        at app//org.junit.jupiter.api.AssertEquals.assertEquals(AssertEquals.java:150)
        at app//org.junit.jupiter.api.AssertEquals.assertEquals(AssertEquals.java:145)
        at app//org.junit.jupiter.api.Assertions.assertEquals(Assertions.java:531)
        at app//com.datacube.export.TableExporterReliabilityTest.failureOnlyChangesOwnedTemporary(TableExporterReliabilityTest.java:77)

TableExporterReliabilityTest > failureOnlyChangesOwnedTemporary(ExportFormat, boolean, Failure) > [14] SQL, false, CANCEL FAILED
    org.opentest4j.AssertionFailedError: Unexpected type, expected: <java.util.concurrent.CancellationException> but was: <com.datacube.export.SafeResultFilePublisher.Failure>
        at app//org.junit.jupiter.api.AssertionFailureBuilder.build(AssertionFailureBuilder.java:151)
        at app//org.junit.jupiter.api.AssertionFailureBuilder.buildAndThrow(AssertionFailureBuilder.java:132)
        at app//org.junit.jupiter.api.AssertInstanceOf.assertInstanceOf(AssertInstanceOf.java:49)
        at app//org.junit.jupiter.api.AssertInstanceOf.assertInstanceOf(AssertInstanceOf.java:31)
        at app//org.junit.jupiter.api.Assertions.assertInstanceOf(Assertions.java:3614)
        at app//com.datacube.export.TableExporterReliabilityTest.failureOnlyChangesOwnedTemporary(TableExporterReliabilityTest.java:78)

TableExporterReliabilityTest > failureOnlyChangesOwnedTemporary(ExportFormat, boolean, Failure) > [19] XLSX, true, CLOSE FAILED
    org.opentest4j.AssertionFailedError: expected: <1> but was: <0>
        at app//org.junit.jupiter.api.AssertionFailureBuilder.build(AssertionFailureBuilder.java:151)
        at app//org.junit.jupiter.api.AssertionFailureBuilder.buildAndThrow(AssertionFailureBuilder.java:132)
        at app//org.junit.jupiter.api.AssertEquals.failNotEqual(AssertEquals.java:197)
        at app//org.junit.jupiter.api.AssertEquals.assertEquals(AssertEquals.java:150)
        at app//org.junit.jupiter.api.AssertEquals.assertEquals(AssertEquals.java:145)
        at app//org.junit.jupiter.api.Assertions.assertEquals(Assertions.java:531)
        at app//com.datacube.export.TableExporterReliabilityTest.failureOnlyChangesOwnedTemporary(TableExporterReliabilityTest.java:83)

TableExporterReliabilityTest > failureOnlyChangesOwnedTemporary(ExportFormat, boolean, Failure) > [20] XLSX, true, PUBLISH FAILED
    org.opentest4j.AssertionFailedError: expected: <1> but was: <0>
        at app//org.junit.jupiter.api.AssertionFailureBuilder.build(AssertionFailureBuilder.java:151)
        at app//org.junit.jupiter.api.AssertionFailureBuilder.buildAndThrow(AssertionFailureBuilder.java:132)
        at app//org.junit.jupiter.api.AssertEquals.failNotEqual(AssertEquals.java:197)
        at app//org.junit.jupiter.api.AssertEquals.assertEquals(AssertEquals.java:150)
        at app//org.junit.jupiter.api.AssertEquals.assertEquals(AssertEquals.java:145)
        at app//org.junit.jupiter.api.Assertions.assertEquals(Assertions.java:531)
        at app//com.datacube.export.TableExporterReliabilityTest.failureOnlyChangesOwnedTemporary(TableExporterReliabilityTest.java:77)

TableExporterReliabilityTest > failureOnlyChangesOwnedTemporary(ExportFormat, boolean, Failure) > [21] XLSX, true, CANCEL FAILED
    org.opentest4j.AssertionFailedError: Unexpected type, expected: <java.util.concurrent.CancellationException> but was: <com.datacube.export.SafeResultFilePublisher.Failure>
        at app//org.junit.jupiter.api.AssertionFailureBuilder.build(AssertionFailureBuilder.java:151)
        at app//org.junit.jupiter.api.AssertionFailureBuilder.buildAndThrow(AssertionFailureBuilder.java:132)
        at app//org.junit.jupiter.api.AssertInstanceOf.assertInstanceOf(AssertInstanceOf.java:49)
        at app//org.junit.jupiter.api.AssertInstanceOf.assertInstanceOf(AssertInstanceOf.java:31)
        at app//org.junit.jupiter.api.Assertions.assertInstanceOf(Assertions.java:3614)
        at app//com.datacube.export.TableExporterReliabilityTest.failureOnlyChangesOwnedTemporary(TableExporterReliabilityTest.java:78)

TableExporterReliabilityTest > failureOnlyChangesOwnedTemporary(ExportFormat, boolean, Failure) > [26] XLSX, false, CLOSE FAILED
    org.opentest4j.AssertionFailedError: expected: <1> but was: <0>
        at app//org.junit.jupiter.api.AssertionFailureBuilder.build(AssertionFailureBuilder.java:151)
        at app//org.junit.jupiter.api.AssertionFailureBuilder.buildAndThrow(AssertionFailureBuilder.java:132)
        at app//org.junit.jupiter.api.AssertEquals.failNotEqual(AssertEquals.java:197)
        at app//org.junit.jupiter.api.AssertEquals.assertEquals(AssertEquals.java:150)
        at app//org.junit.jupiter.api.AssertEquals.assertEquals(AssertEquals.java:145)
        at app//org.junit.jupiter.api.Assertions.assertEquals(Assertions.java:531)
        at app//com.datacube.export.TableExporterReliabilityTest.failureOnlyChangesOwnedTemporary(TableExporterReliabilityTest.java:83)

TableExporterReliabilityTest > failureOnlyChangesOwnedTemporary(ExportFormat, boolean, Failure) > [27] XLSX, false, PUBLISH FAILED
    org.opentest4j.AssertionFailedError: expected: <1> but was: <0>
        at app//org.junit.jupiter.api.AssertionFailureBuilder.build(AssertionFailureBuilder.java:151)
        at app//org.junit.jupiter.api.AssertionFailureBuilder.buildAndThrow(AssertionFailureBuilder.java:132)
        at app//org.junit.jupiter.api.AssertEquals.failNotEqual(AssertEquals.java:197)
        at app//org.junit.jupiter.api.AssertEquals.assertEquals(AssertEquals.java:150)
        at app//org.junit.jupiter.api.AssertEquals.assertEquals(AssertEquals.java:145)
        at app//org.junit.jupiter.api.Assertions.assertEquals(Assertions.java:531)
        at app//com.datacube.export.TableExporterReliabilityTest.failureOnlyChangesOwnedTemporary(TableExporterReliabilityTest.java:77)

TableExporterReliabilityTest > failureOnlyChangesOwnedTemporary(ExportFormat, boolean, Failure) > [28] XLSX, false, CANCEL FAILED
    org.opentest4j.AssertionFailedError: Unexpected type, expected: <java.util.concurrent.CancellationException> but was: <com.datacube.export.SafeResultFilePublisher.Failure>
        at app//org.junit.jupiter.api.AssertionFailureBuilder.build(AssertionFailureBuilder.java:151)
        at app//org.junit.jupiter.api.AssertionFailureBuilder.buildAndThrow(AssertionFailureBuilder.java:132)
        at app//org.junit.jupiter.api.AssertInstanceOf.assertInstanceOf(AssertInstanceOf.java:49)
        at app//org.junit.jupiter.api.AssertInstanceOf.assertInstanceOf(AssertInstanceOf.java:31)
        at app//org.junit.jupiter.api.Assertions.assertInstanceOf(Assertions.java:3614)
        at app//com.datacube.export.TableExporterReliabilityTest.failureOnlyChangesOwnedTemporary(TableExporterReliabilityTest.java:78)

TableExporterReliabilityTest > failureOnlyChangesOwnedTemporary(ExportFormat, boolean, Failure) > [34] PG_DUMP, true, PUBLISH FAILED
    org.opentest4j.AssertionFailedError: expected: <1> but was: <0>
        at app//org.junit.jupiter.api.AssertionFailureBuilder.build(AssertionFailureBuilder.java:151)
        at app//org.junit.jupiter.api.AssertionFailureBuilder.buildAndThrow(AssertionFailureBuilder.java:132)
        at app//org.junit.jupiter.api.AssertEquals.failNotEqual(AssertEquals.java:197)
        at app//org.junit.jupiter.api.AssertEquals.assertEquals(AssertEquals.java:150)
        at app//org.junit.jupiter.api.AssertEquals.assertEquals(AssertEquals.java:145)
        at app//org.junit.jupiter.api.Assertions.assertEquals(Assertions.java:531)
        at app//com.datacube.export.TableExporterReliabilityTest.failureOnlyChangesOwnedTemporary(TableExporterReliabilityTest.java:77)

TableExporterReliabilityTest > failureOnlyChangesOwnedTemporary(ExportFormat, boolean, Failure) > [35] PG_DUMP, true, CANCEL FAILED
    org.opentest4j.AssertionFailedError: Unexpected type, expected: <java.util.concurrent.CancellationException> but was: <com.datacube.export.SafeResultFilePublisher.Failure>
        at app//org.junit.jupiter.api.AssertionFailureBuilder.build(AssertionFailureBuilder.java:151)
        at app//org.junit.jupiter.api.AssertionFailureBuilder.buildAndThrow(AssertionFailureBuilder.java:132)
        at app//org.junit.jupiter.api.AssertInstanceOf.assertInstanceOf(AssertInstanceOf.java:49)
        at app//org.junit.jupiter.api.AssertInstanceOf.assertInstanceOf(AssertInstanceOf.java:31)
        at app//org.junit.jupiter.api.Assertions.assertInstanceOf(Assertions.java:3614)
        at app//com.datacube.export.TableExporterReliabilityTest.failureOnlyChangesOwnedTemporary(TableExporterReliabilityTest.java:78)

TableExporterReliabilityTest > failureOnlyChangesOwnedTemporary(ExportFormat, boolean, Failure) > [41] PG_DUMP, false, PUBLISH FAILED
    org.opentest4j.AssertionFailedError: expected: <1> but was: <0>
        at app//org.junit.jupiter.api.AssertionFailureBuilder.build(AssertionFailureBuilder.java:151)
        at app//org.junit.jupiter.api.AssertionFailureBuilder.buildAndThrow(AssertionFailureBuilder.java:132)
        at app//org.junit.jupiter.api.AssertEquals.failNotEqual(AssertEquals.java:197)
        at app//org.junit.jupiter.api.AssertEquals.assertEquals(AssertEquals.java:150)
        at app//org.junit.jupiter.api.AssertEquals.assertEquals(AssertEquals.java:145)
        at app//org.junit.jupiter.api.Assertions.assertEquals(Assertions.java:531)
        at app//com.datacube.export.TableExporterReliabilityTest.failureOnlyChangesOwnedTemporary(TableExporterReliabilityTest.java:77)

TableExporterReliabilityTest > failureOnlyChangesOwnedTemporary(ExportFormat, boolean, Failure) > [42] PG_DUMP, false, CANCEL FAILED
    org.opentest4j.AssertionFailedError: Unexpected type, expected: <java.util.concurrent.CancellationException> but was: <com.datacube.export.SafeResultFilePublisher.Failure>
        at app//org.junit.jupiter.api.AssertionFailureBuilder.build(AssertionFailureBuilder.java:151)
        at app//org.junit.jupiter.api.AssertionFailureBuilder.buildAndThrow(AssertionFailureBuilder.java:132)
        at app//org.junit.jupiter.api.AssertInstanceOf.assertInstanceOf(AssertInstanceOf.java:49)
        at app//org.junit.jupiter.api.AssertInstanceOf.assertInstanceOf(AssertInstanceOf.java:31)
        at app//org.junit.jupiter.api.Assertions.assertInstanceOf(Assertions.java:3614)
        at app//com.datacube.export.TableExporterReliabilityTest.failureOnlyChangesOwnedTemporary(TableExporterReliabilityTest.java:78)

TableExporterReliabilityTest > targetReplacementBeforeBeginCannotAcquireConnectionOrWrite(ExportFormat) > [1] SQL FAILED
    com.datacube.export.SafeResultFilePublisher$Failure: Result export failed at PREPARE
        at app//com.datacube.export.SafeResultFilePublisher.capture(SafeResultFilePublisher.java:86)
        at app//com.datacube.export.TableExporterReliabilityTest.request(TableExporterReliabilityTest.java:29)
        at app//com.datacube.export.TableExporterReliabilityTest.targetReplacementBeforeBeginCannotAcquireConnectionOrWrite(TableExporterReliabilityTest.java:128)

TableExporterReliabilityTest > targetReplacementBeforeBeginCannotAcquireConnectionOrWrite(ExportFormat) > [2] XLSX FAILED
    com.datacube.export.SafeResultFilePublisher$Failure: Result export failed at PREPARE
        at app//com.datacube.export.SafeResultFilePublisher.capture(SafeResultFilePublisher.java:86)
        at app//com.datacube.export.TableExporterReliabilityTest.request(TableExporterReliabilityTest.java:29)
        at app//com.datacube.export.TableExporterReliabilityTest.targetReplacementBeforeBeginCannotAcquireConnectionOrWrite(TableExporterReliabilityTest.java:128)

TableExporterReliabilityTest > targetReplacementBeforeBeginCannotAcquireConnectionOrWrite(ExportFormat) > [3] PG_DUMP FAILED
    com.datacube.export.SafeResultFilePublisher$Failure: Result export failed at PREPARE
        at app//com.datacube.export.SafeResultFilePublisher.capture(SafeResultFilePublisher.java:86)
        at app//com.datacube.export.TableExporterReliabilityTest.request(TableExporterReliabilityTest.java:29)
        at app//com.datacube.export.TableExporterReliabilityTest.targetReplacementBeforeBeginCannotAcquireConnectionOrWrite(TableExporterReliabilityTest.java:128)

TableExporterReliabilityTest > successfulRealSerializationIsPublishedAndLateCancelIsRejected(ExportFormat) > [1] SQL FAILED
    com.datacube.export.SafeResultFilePublisher$Failure: Result export failed at PREPARE
        at app//com.datacube.export.SafeResultFilePublisher.capture(SafeResultFilePublisher.java:86)
        at app//com.datacube.export.TableExporterReliabilityTest.request(TableExporterReliabilityTest.java:29)
        at app//com.datacube.export.TableExporterReliabilityTest.successfulRealSerializationIsPublishedAndLateCancelIsRejected(TableExporterReliabilityTest.java:93)

TableExporterReliabilityTest > successfulRealSerializationIsPublishedAndLateCancelIsRejected(ExportFormat) > [2] XLSX FAILED
    com.datacube.export.SafeResultFilePublisher$Failure: Result export failed at PREPARE
        at app//com.datacube.export.SafeResultFilePublisher.capture(SafeResultFilePublisher.java:86)
        at app//com.datacube.export.TableExporterReliabilityTest.request(TableExporterReliabilityTest.java:29)
        at app//com.datacube.export.TableExporterReliabilityTest.successfulRealSerializationIsPublishedAndLateCancelIsRejected(TableExporterReliabilityTest.java:93)

TableExporterReliabilityTest > successfulRealSerializationIsPublishedAndLateCancelIsRejected(ExportFormat) > [3] PG_DUMP FAILED
    com.datacube.export.SafeResultFilePublisher$Failure: Result export failed at PREPARE
        at app//com.datacube.export.SafeResultFilePublisher.capture(SafeResultFilePublisher.java:86)
        at app//com.datacube.export.TableExporterReliabilityTest.request(TableExporterReliabilityTest.java:29)
        at app//com.datacube.export.TableExporterReliabilityTest.successfulRealSerializationIsPublishedAndLateCancelIsRejected(TableExporterReliabilityTest.java:93)

TableExporterReliabilityTest > cancellationWhileActualRowSourceIsBlockedPreventsPublicationAfterItReturns() FAILED
    org.opentest4j.AssertionFailedError: Unexpected exception type thrown, expected: <java.util.concurrent.CancellationException> but was: <com.datacube.export.SafeResultFilePublisher.Failure>
        at app//org.junit.jupiter.api.AssertionFailureBuilder.build(AssertionFailureBuilder.java:151)
        at app//org.junit.jupiter.api.AssertThrows.assertThrows(AssertThrows.java:67)
        at app//org.junit.jupiter.api.AssertThrows.assertThrows(AssertThrows.java:35)
        at app//org.junit.jupiter.api.Assertions.assertThrows(Assertions.java:3128)
        at app//com.datacube.export.TableExporterReliabilityTest.lambda$cancellationWhileActualRowSourceIsBlockedPreventsPublicationAfterItReturns$1(TableExporterReliabilityTest.java:150)

        Caused by:
        com.datacube.export.SafeResultFilePublisher$Failure: Result export failed at PREPARE
            at app//com.datacube.export.SafeResultFilePublisher.capture(SafeResultFilePublisher.java:86)
            at app//com.datacube.export.TableExporterReliabilityTest.request(TableExporterReliabilityTest.java:29)
            at app//com.datacube.export.TableExporterReliabilityTest.lambda$cancellationWhileActualRowSourceIsBlockedPreventsPublicationAfterItReturns$2(TableExporterReliabilityTest.java:151)
            at app//org.junit.jupiter.api.AssertThrows.assertThrows(AssertThrows.java:53)
            ... 3 more

TableExporterReliabilityTest > cancelledBeforeBeginAcquiresNoResourceAndCreatesNoNewFile(ExportFormat) > [1] SQL FAILED
    org.opentest4j.AssertionFailedError: Unexpected exception type thrown, expected: <java.util.concurrent.CancellationException> but was: <com.datacube.export.SafeResultFilePublisher.Failure>
        at app//org.junit.jupiter.api.AssertionFailureBuilder.build(AssertionFailureBuilder.java:151)
        at app//org.junit.jupiter.api.AssertThrows.assertThrows(AssertThrows.java:67)
        at app//org.junit.jupiter.api.AssertThrows.assertThrows(AssertThrows.java:35)
        at app//org.junit.jupiter.api.Assertions.assertThrows(Assertions.java:3128)
        at app//com.datacube.export.TableExporterReliabilityTest.cancelledBeforeBeginAcquiresNoResourceAndCreatesNoNewFile(TableExporterReliabilityTest.java:118)

        Caused by:
        com.datacube.export.SafeResultFilePublisher$Failure: Result export failed at PREPARE
            at app//com.datacube.export.SafeResultFilePublisher.capture(SafeResultFilePublisher.java:86)
            at app//com.datacube.export.TableExporterReliabilityTest.request(TableExporterReliabilityTest.java:29)
            at app//com.datacube.export.TableExporterReliabilityTest.lambda$cancelledBeforeBeginAcquiresNoResourceAndCreatesNoNewFile$0(TableExporterReliabilityTest.java:119)
            at app//org.junit.jupiter.api.AssertThrows.assertThrows(AssertThrows.java:53)
            ... 3 more

TableExporterReliabilityTest > cancelledBeforeBeginAcquiresNoResourceAndCreatesNoNewFile(ExportFormat) > [2] XLSX FAILED
    org.opentest4j.AssertionFailedError: Unexpected exception type thrown, expected: <java.util.concurrent.CancellationException> but was: <com.datacube.export.SafeResultFilePublisher.Failure>
        at app//org.junit.jupiter.api.AssertionFailureBuilder.build(AssertionFailureBuilder.java:151)
        at app//org.junit.jupiter.api.AssertThrows.assertThrows(AssertThrows.java:67)
        at app//org.junit.jupiter.api.AssertThrows.assertThrows(AssertThrows.java:35)
        at app//org.junit.jupiter.api.Assertions.assertThrows(Assertions.java:3128)
        at app//com.datacube.export.TableExporterReliabilityTest.cancelledBeforeBeginAcquiresNoResourceAndCreatesNoNewFile(TableExporterReliabilityTest.java:118)

        Caused by:
        com.datacube.export.SafeResultFilePublisher$Failure: Result export failed at PREPARE
            at app//com.datacube.export.SafeResultFilePublisher.capture(SafeResultFilePublisher.java:86)
            at app//com.datacube.export.TableExporterReliabilityTest.request(TableExporterReliabilityTest.java:29)
            at app//com.datacube.export.TableExporterReliabilityTest.lambda$cancelledBeforeBeginAcquiresNoResourceAndCreatesNoNewFile$0(TableExporterReliabilityTest.java:119)
            at app//org.junit.jupiter.api.AssertThrows.assertThrows(AssertThrows.java:53)
            ... 3 more

TableExporterReliabilityTest > cancelledBeforeBeginAcquiresNoResourceAndCreatesNoNewFile(ExportFormat) > [3] PG_DUMP FAILED
    org.opentest4j.AssertionFailedError: Unexpected exception type thrown, expected: <java.util.concurrent.CancellationException> but was: <com.datacube.export.SafeResultFilePublisher.Failure>
        at app//org.junit.jupiter.api.AssertionFailureBuilder.build(AssertionFailureBuilder.java:151)
        at app//org.junit.jupiter.api.AssertThrows.assertThrows(AssertThrows.java:67)
        at app//org.junit.jupiter.api.AssertThrows.assertThrows(AssertThrows.java:35)
        at app//org.junit.jupiter.api.Assertions.assertThrows(Assertions.java:3128)
        at app//com.datacube.export.TableExporterReliabilityTest.cancelledBeforeBeginAcquiresNoResourceAndCreatesNoNewFile(TableExporterReliabilityTest.java:118)

        Caused by:
        com.datacube.export.SafeResultFilePublisher$Failure: Result export failed at PREPARE
            at app//com.datacube.export.SafeResultFilePublisher.capture(SafeResultFilePublisher.java:86)
            at app//com.datacube.export.TableExporterReliabilityTest.request(TableExporterReliabilityTest.java:29)
            at app//com.datacube.export.TableExporterReliabilityTest.lambda$cancelledBeforeBeginAcquiresNoResourceAndCreatesNoNewFile$0(TableExporterReliabilityTest.java:119)
            at app//org.junit.jupiter.api.AssertThrows.assertThrows(AssertThrows.java:53)
            ... 3 more

XlsxTextFidelityTest > realQueryPublisherPreservesOriginalAndUnrelatedBytesCleansAndRetries(String, boolean, boolean) > [1] SYNTHETIC_SECRET?END, false, false FAILED
    com.datacube.export.SafeResultFilePublisher$Failure: Result export failed at PREPARE
        at app//com.datacube.export.SafeResultFilePublisher.capture(SafeResultFilePublisher.java:86)
        at app//com.datacube.export.XlsxTextFidelityTest.realQueryPublisherPreservesOriginalAndUnrelatedBytesCleansAndRetries(XlsxTextFidelityTest.java:139)

XlsxTextFidelityTest > realQueryPublisherPreservesOriginalAndUnrelatedBytesCleansAndRetries(String, boolean, boolean) > [2] SYNTHETIC_SECRET?END, false, true FAILED
    com.datacube.export.SafeResultFilePublisher$Failure: Result export failed at PREPARE
        at app//com.datacube.export.SafeResultFilePublisher.capture(SafeResultFilePublisher.java:86)
        at app//com.datacube.export.XlsxTextFidelityTest.realQueryPublisherPreservesOriginalAndUnrelatedBytesCleansAndRetries(XlsxTextFidelityTest.java:139)

XlsxTextFidelityTest > realQueryPublisherPreservesOriginalAndUnrelatedBytesCleansAndRetries(String, boolean, boolean) > [3] SYNTHETIC_SECRET?END, true, false FAILED
    com.datacube.export.SafeResultFilePublisher$Failure: Result export failed at PREPARE
        at app//com.datacube.export.SafeResultFilePublisher.capture(SafeResultFilePublisher.java:86)
        at app//com.datacube.export.XlsxTextFidelityTest.realQueryPublisherPreservesOriginalAndUnrelatedBytesCleansAndRetries(XlsxTextFidelityTest.java:139)

XlsxTextFidelityTest > realQueryPublisherPreservesOriginalAndUnrelatedBytesCleansAndRetries(String, boolean, boolean) > [4] SYNTHETIC_SECRET?END, true, true FAILED
    com.datacube.export.SafeResultFilePublisher$Failure: Result export failed at PREPARE
        at app//com.datacube.export.SafeResultFilePublisher.capture(SafeResultFilePublisher.java:86)
        at app//com.datacube.export.XlsxTextFidelityTest.realQueryPublisherPreservesOriginalAndUnrelatedBytesCleansAndRetries(XlsxTextFidelityTest.java:139)

XlsxTextFidelityTest > realQueryPublisherPreservesOriginalAndUnrelatedBytesCleansAndRetries(String, boolean, boolean) > [5] SYNTHETIC_SECRET?END, false, false FAILED
    com.datacube.export.SafeResultFilePublisher$Failure: Result export failed at PREPARE
        at app//com.datacube.export.SafeResultFilePublisher.capture(SafeResultFilePublisher.java:86)
        at app//com.datacube.export.XlsxTextFidelityTest.realQueryPublisherPreservesOriginalAndUnrelatedBytesCleansAndRetries(XlsxTextFidelityTest.java:139)

XlsxTextFidelityTest > realQueryPublisherPreservesOriginalAndUnrelatedBytesCleansAndRetries(String, boolean, boolean) > [6] SYNTHETIC_SECRET?END, false, true FAILED
    com.datacube.export.SafeResultFilePublisher$Failure: Result export failed at PREPARE
        at app//com.datacube.export.SafeResultFilePublisher.capture(SafeResultFilePublisher.java:86)
        at app//com.datacube.export.XlsxTextFidelityTest.realQueryPublisherPreservesOriginalAndUnrelatedBytesCleansAndRetries(XlsxTextFidelityTest.java:139)

XlsxTextFidelityTest > realQueryPublisherPreservesOriginalAndUnrelatedBytesCleansAndRetries(String, boolean, boolean) > [7] SYNTHETIC_SECRET?END, true, false FAILED
    com.datacube.export.SafeResultFilePublisher$Failure: Result export failed at PREPARE
        at app//com.datacube.export.SafeResultFilePublisher.capture(SafeResultFilePublisher.java:86)
        at app//com.datacube.export.XlsxTextFidelityTest.realQueryPublisherPreservesOriginalAndUnrelatedBytesCleansAndRetries(XlsxTextFidelityTest.java:139)

XlsxTextFidelityTest > realQueryPublisherPreservesOriginalAndUnrelatedBytesCleansAndRetries(String, boolean, boolean) > [8] SYNTHETIC_SECRET?END, true, true FAILED
    com.datacube.export.SafeResultFilePublisher$Failure: Result export failed at PREPARE
        at app//com.datacube.export.SafeResultFilePublisher.capture(SafeResultFilePublisher.java:86)
        at app//com.datacube.export.XlsxTextFidelityTest.realQueryPublisherPreservesOriginalAndUnrelatedBytesCleansAndRetries(XlsxTextFidelityTest.java:139)

XlsxTextFidelityTest > realQueryPublisherPreservesOriginalAndUnrelatedBytesCleansAndRetries(String, boolean, boolean) > [9] SYNTHETIC_SECRET??END, false, false FAILED
    com.datacube.export.SafeResultFilePublisher$Failure: Result export failed at PREPARE
        at app//com.datacube.export.SafeResultFilePublisher.capture(SafeResultFilePublisher.java:86)
        at app//com.datacube.export.XlsxTextFidelityTest.realQueryPublisherPreservesOriginalAndUnrelatedBytesCleansAndRetries(XlsxTextFidelityTest.java:139)

XlsxTextFidelityTest > realQueryPublisherPreservesOriginalAndUnrelatedBytesCleansAndRetries(String, boolean, boolean) > [10] SYNTHETIC_SECRET??END, false, true FAILED
    com.datacube.export.SafeResultFilePublisher$Failure: Result export failed at PREPARE
        at app//com.datacube.export.SafeResultFilePublisher.capture(SafeResultFilePublisher.java:86)
        at app//com.datacube.export.XlsxTextFidelityTest.realQueryPublisherPreservesOriginalAndUnrelatedBytesCleansAndRetries(XlsxTextFidelityTest.java:139)

XlsxTextFidelityTest > realQueryPublisherPreservesOriginalAndUnrelatedBytesCleansAndRetries(String, boolean, boolean) > [11] SYNTHETIC_SECRET??END, true, false FAILED
    com.datacube.export.SafeResultFilePublisher$Failure: Result export failed at PREPARE
        at app//com.datacube.export.SafeResultFilePublisher.capture(SafeResultFilePublisher.java:86)
        at app//com.datacube.export.XlsxTextFidelityTest.realQueryPublisherPreservesOriginalAndUnrelatedBytesCleansAndRetries(XlsxTextFidelityTest.java:139)

XlsxTextFidelityTest > realQueryPublisherPreservesOriginalAndUnrelatedBytesCleansAndRetries(String, boolean, boolean) > [12] SYNTHETIC_SECRET??END, true, true FAILED
    com.datacube.export.SafeResultFilePublisher$Failure: Result export failed at PREPARE
        at app//com.datacube.export.SafeResultFilePublisher.capture(SafeResultFilePublisher.java:86)
        at app//com.datacube.export.XlsxTextFidelityTest.realQueryPublisherPreservesOriginalAndUnrelatedBytesCleansAndRetries(XlsxTextFidelityTest.java:139)

XmlResultExportFidelityTest > columnNameRoundTripsThroughTagOrNameAttribute(String) > [1] a	
b FAILED
    com.datacube.export.SafeResultFilePublisher$Failure: Result export failed at PREPARE
        at app//com.datacube.export.SafeResultFilePublisher.capture(SafeResultFilePublisher.java:86)
        at app//com.datacube.export.XmlResultExportFidelityTest.publish(XmlResultExportFidelityTest.java:59)
        at app//com.datacube.export.XmlResultExportFidelityTest.columnNameRoundTripsThroughTagOrNameAttribute(XmlResultExportFidelityTest.java:82)

XmlResultExportFidelityTest > columnNameRoundTripsThroughTagOrNameAttribute(String) > [2] ª FAILED
    com.datacube.export.SafeResultFilePublisher$Failure: Result export failed at PREPARE
        at app//com.datacube.export.SafeResultFilePublisher.capture(SafeResultFilePublisher.java:86)
        at app//com.datacube.export.XmlResultExportFidelityTest.publish(XmlResultExportFidelityTest.java:59)
        at app//com.datacube.export.XmlResultExportFidelityTest.columnNameRoundTripsThroughTagOrNameAttribute(XmlResultExportFidelityTest.java:82)

XmlResultExportFidelityTest > columnNameRoundTripsThroughTagOrNameAttribute(String) > [3] COUNT(*) FAILED
    com.datacube.export.SafeResultFilePublisher$Failure: Result export failed at PREPARE
        at app//com.datacube.export.SafeResultFilePublisher.capture(SafeResultFilePublisher.java:86)
        at app//com.datacube.export.XmlResultExportFidelityTest.publish(XmlResultExportFidelityTest.java:59)
        at app//com.datacube.export.XmlResultExportFidelityTest.columnNameRoundTripsThroughTagOrNameAttribute(XmlResultExportFidelityTest.java:82)

XmlResultExportFidelityTest > columnNameRoundTripsThroughTagOrNameAttribute(String) > [4]  FAILED
    com.datacube.export.SafeResultFilePublisher$Failure: Result export failed at PREPARE
        at app//com.datacube.export.SafeResultFilePublisher.capture(SafeResultFilePublisher.java:86)
        at app//com.datacube.export.XmlResultExportFidelityTest.publish(XmlResultExportFidelityTest.java:59)
        at app//com.datacube.export.XmlResultExportFidelityTest.columnNameRoundTripsThroughTagOrNameAttribute(XmlResultExportFidelityTest.java:82)

XmlResultExportFidelityTest > columnNameRoundTripsThroughTagOrNameAttribute(String) > [5] 😀 FAILED
    com.datacube.export.SafeResultFilePublisher$Failure: Result export failed at PREPARE
        at app//com.datacube.export.SafeResultFilePublisher.capture(SafeResultFilePublisher.java:86)
        at app//com.datacube.export.XmlResultExportFidelityTest.publish(XmlResultExportFidelityTest.java:59)
        at app//com.datacube.export.XmlResultExportFidelityTest.columnNameRoundTripsThroughTagOrNameAttribute(XmlResultExportFidelityTest.java:82)

XmlResultExportFidelityTest > columnNameRoundTripsThroughTagOrNameAttribute(String) > [6] á·b FAILED
    com.datacube.export.SafeResultFilePublisher$Failure: Result export failed at PREPARE
        at app//com.datacube.export.SafeResultFilePublisher.capture(SafeResultFilePublisher.java:86)
        at app//com.datacube.export.XmlResultExportFidelityTest.publish(XmlResultExportFidelityTest.java:59)
        at app//com.datacube.export.XmlResultExportFidelityTest.columnNameRoundTripsThroughTagOrNameAttribute(XmlResultExportFidelityTest.java:82)

XmlResultExportFidelityTest > columnNameRoundTripsThroughTagOrNameAttribute(String) > [7] Ϳ FAILED
    com.datacube.export.SafeResultFilePublisher$Failure: Result export failed at PREPARE
        at app//com.datacube.export.SafeResultFilePublisher.capture(SafeResultFilePublisher.java:86)
        at app//com.datacube.export.XmlResultExportFidelityTest.publish(XmlResultExportFidelityTest.java:59)
        at app//com.datacube.export.XmlResultExportFidelityTest.columnNameRoundTripsThroughTagOrNameAttribute(XmlResultExportFidelityTest.java:82)

XmlResultExportFidelityTest > columnNameRoundTripsThroughTagOrNameAttribute(String) > [8] ࢠ FAILED
    com.datacube.export.SafeResultFilePublisher$Failure: Result export failed at PREPARE
        at app//com.datacube.export.SafeResultFilePublisher.capture(SafeResultFilePublisher.java:86)
        at app//com.datacube.export.XmlResultExportFidelityTest.publish(XmlResultExportFidelityTest.java:59)
        at app//com.datacube.export.XmlResultExportFidelityTest.columnNameRoundTripsThroughTagOrNameAttribute(XmlResultExportFidelityTest.java:82)

XmlResultExportFidelityTest > columnNameRoundTripsThroughTagOrNameAttribute(String) > [9] 中文 FAILED
    com.datacube.export.SafeResultFilePublisher$Failure: Result export failed at PREPARE
        at app//com.datacube.export.SafeResultFilePublisher.capture(SafeResultFilePublisher.java:86)
        at app//com.datacube.export.XmlResultExportFidelityTest.publish(XmlResultExportFidelityTest.java:59)
        at app//com.datacube.export.XmlResultExportFidelityTest.columnNameRoundTripsThroughTagOrNameAttribute(XmlResultExportFidelityTest.java:82)

XmlResultExportFidelityTest > columnNameRoundTripsThroughTagOrNameAttribute(String) > [10] ৾ FAILED
    com.datacube.export.SafeResultFilePublisher$Failure: Result export failed at PREPARE
        at app//com.datacube.export.SafeResultFilePublisher.capture(SafeResultFilePublisher.java:86)
        at app//com.datacube.export.XmlResultExportFidelityTest.publish(XmlResultExportFidelityTest.java:59)
        at app//com.datacube.export.XmlResultExportFidelityTest.columnNameRoundTripsThroughTagOrNameAttribute(XmlResultExportFidelityTest.java:82)

XmlResultExportFidelityTest > validUnicodeAndTextLineEndsRoundTrip(String) > [1] 中文<&"	
 FAILED
    com.datacube.export.SafeResultFilePublisher$Failure: Result export failed at PREPARE
        at app//com.datacube.export.SafeResultFilePublisher.capture(SafeResultFilePublisher.java:86)
        at app//com.datacube.export.XmlResultExportFidelityTest.publish(XmlResultExportFidelityTest.java:59)
        at app//com.datacube.export.XmlResultExportFidelityTest.validUnicodeAndTextLineEndsRoundTrip(XmlResultExportFidelityTest.java:72)

XmlResultExportFidelityTest > validUnicodeAndTextLineEndsRoundTrip(String) > [2] ab
c FAILED
    com.datacube.export.SafeResultFilePublisher$Failure: Result export failed at PREPARE
        at app//com.datacube.export.SafeResultFilePublisher.capture(SafeResultFilePublisher.java:86)
        at app//com.datacube.export.XmlResultExportFidelityTest.publish(XmlResultExportFidelityTest.java:59)
        at app//com.datacube.export.XmlResultExportFidelityTest.validUnicodeAndTextLineEndsRoundTrip(XmlResultExportFidelityTest.java:72)

XmlResultExportFidelityTest > validUnicodeAndTextLineEndsRoundTrip(String) > [3]  ퟿� FAILED
    com.datacube.export.SafeResultFilePublisher$Failure: Result export failed at PREPARE
        at app//com.datacube.export.SafeResultFilePublisher.capture(SafeResultFilePublisher.java:86)
        at app//com.datacube.export.XmlResultExportFidelityTest.publish(XmlResultExportFidelityTest.java:59)
        at app//com.datacube.export.XmlResultExportFidelityTest.validUnicodeAndTextLineEndsRoundTrip(XmlResultExportFidelityTest.java:72)

XmlResultExportFidelityTest > validUnicodeAndTextLineEndsRoundTrip(String) > [4] 𐀀😀􏿿 FAILED
    com.datacube.export.SafeResultFilePublisher$Failure: Result export failed at PREPARE
        at app//com.datacube.export.SafeResultFilePublisher.capture(SafeResultFilePublisher.java:86)
        at app//com.datacube.export.XmlResultExportFidelityTest.publish(XmlResultExportFidelityTest.java:59)
        at app//com.datacube.export.XmlResultExportFidelityTest.validUnicodeAndTextLineEndsRoundTrip(XmlResultExportFidelityTest.java:72)

XmlResultExportFidelityTest > nullValueStillOmitsItsElement() FAILED
    com.datacube.export.SafeResultFilePublisher$Failure: Result export failed at PREPARE
        at app//com.datacube.export.SafeResultFilePublisher.capture(SafeResultFilePublisher.java:86)
        at app//com.datacube.export.XmlResultExportFidelityTest.publish(XmlResultExportFidelityTest.java:59)
        at app//com.datacube.export.XmlResultExportFidelityTest.nullValueStillOmitsItsElement(XmlResultExportFidelityTest.java:130)

XmlResultExportFidelityTest > unrepresentableValueOrColumnKeepsOldTargetCleansOwnedTempAndAllowsRetry(int, boolean) > code=0, column=false FAILED
    org.gradle.internal.exceptions.DefaultMultiCauseException: Multiple Failures (4 failures)
    	org.opentest4j.AssertionFailedError: expected: <XML_CHARACTER> but was: <PREPARE>
    	org.opentest4j.AssertionFailedError: expected: <Result export failed at XML_CHARACTER> but was: <Result export failed at PREPARE>
    	org.opentest4j.AssertionFailedError: expected: not <null>
    	java.lang.NullPointerException: Cannot invoke "java.nio.file.Path.getFileSystem()" because "path" is null
        at app//org.junit.jupiter.api.AssertAll.assertAll(AssertAll.java:80)
        at app//org.junit.jupiter.api.AssertAll.assertAll(AssertAll.java:44)
        at app//org.junit.jupiter.api.AssertAll.assertAll(AssertAll.java:38)
        at app//org.junit.jupiter.api.Assertions.assertAll(Assertions.java:2944)
        at app//com.datacube.export.XmlResultExportFidelityTest.unrepresentableValueOrColumnKeepsOldTargetCleansOwnedTempAndAllowsRetry(XmlResultExportFidelityTest.java:114)

        Caused by:
        org.opentest4j.AssertionFailedError: expected: <XML_CHARACTER> but was: <PREPARE>
            at app//org.junit.jupiter.api.AssertionFailureBuilder.build(AssertionFailureBuilder.java:151)
            at app//org.junit.jupiter.api.AssertionFailureBuilder.buildAndThrow(AssertionFailureBuilder.java:132)
            at app//org.junit.jupiter.api.AssertEquals.failNotEqual(AssertEquals.java:197)
            at app//org.junit.jupiter.api.AssertEquals.assertEquals(AssertEquals.java:182)
            at app//org.junit.jupiter.api.AssertEquals.assertEquals(AssertEquals.java:177)
            at app//org.junit.jupiter.api.Assertions.assertEquals(Assertions.java:1145)
            at app//com.datacube.export.XmlResultExportFidelityTest.lambda$unrepresentableValueOrColumnKeepsOldTargetCleansOwnedTempAndAllowsRetry$2(XmlResultExportFidelityTest.java:114)
            at app//org.junit.jupiter.api.AssertAll.lambda$assertAll$0(AssertAll.java:68)
            at java.base@25.0.1/java.util.stream.ReferencePipeline$3$1.accept(ReferencePipeline.java:214)
            at java.base@25.0.1/java.util.Spliterators$ArraySpliterator.forEachRemaining(Spliterators.java:1024)
            at java.base@25.0.1/java.util.stream.AbstractPipeline.copyInto(AbstractPipeline.java:570)
            at java.base@25.0.1/java.util.stream.AbstractPipeline.wrapAndCopyInto(AbstractPipeline.java:560)
            at java.base@25.0.1/java.util.stream.ReduceOps$ReduceOp.evaluateSequential(ReduceOps.java:921)
            at java.base@25.0.1/java.util.stream.AbstractPipeline.evaluate(AbstractPipeline.java:265)
            at java.base@25.0.1/java.util.stream.ReferencePipeline.collect(ReferencePipeline.java:723)
            at app//org.junit.jupiter.api.AssertAll.assertAll(AssertAll.java:77)
            ... 4 more

XmlResultExportFidelityTest > unrepresentableValueOrColumnKeepsOldTargetCleansOwnedTempAndAllowsRetry(int, boolean) > code=0, column=true FAILED
    org.gradle.internal.exceptions.DefaultMultiCauseException: Multiple Failures (4 failures)
    	org.opentest4j.AssertionFailedError: expected: <XML_CHARACTER> but was: <PREPARE>
    	org.opentest4j.AssertionFailedError: expected: <Result export failed at XML_CHARACTER> but was: <Result export failed at PREPARE>
    	org.opentest4j.AssertionFailedError: expected: not <null>
    	java.lang.NullPointerException: Cannot invoke "java.nio.file.Path.getFileSystem()" because "path" is null
        at app//org.junit.jupiter.api.AssertAll.assertAll(AssertAll.java:80)
        at app//org.junit.jupiter.api.AssertAll.assertAll(AssertAll.java:44)
        at app//org.junit.jupiter.api.AssertAll.assertAll(AssertAll.java:38)
        at app//org.junit.jupiter.api.Assertions.assertAll(Assertions.java:2944)
        at app//com.datacube.export.XmlResultExportFidelityTest.unrepresentableValueOrColumnKeepsOldTargetCleansOwnedTempAndAllowsRetry(XmlResultExportFidelityTest.java:114)

        Caused by:
        org.opentest4j.AssertionFailedError: expected: <XML_CHARACTER> but was: <PREPARE>
            at app//org.junit.jupiter.api.AssertionFailureBuilder.build(AssertionFailureBuilder.java:151)
            at app//org.junit.jupiter.api.AssertionFailureBuilder.buildAndThrow(AssertionFailureBuilder.java:132)
            at app//org.junit.jupiter.api.AssertEquals.failNotEqual(AssertEquals.java:197)
            at app//org.junit.jupiter.api.AssertEquals.assertEquals(AssertEquals.java:182)
            at app//org.junit.jupiter.api.AssertEquals.assertEquals(AssertEquals.java:177)
            at app//org.junit.jupiter.api.Assertions.assertEquals(Assertions.java:1145)
            at app//com.datacube.export.XmlResultExportFidelityTest.lambda$unrepresentableValueOrColumnKeepsOldTargetCleansOwnedTempAndAllowsRetry$2(XmlResultExportFidelityTest.java:114)
            at app//org.junit.jupiter.api.AssertAll.lambda$assertAll$0(AssertAll.java:68)
            at java.base@25.0.1/java.util.stream.ReferencePipeline$3$1.accept(ReferencePipeline.java:214)
            at java.base@25.0.1/java.util.Spliterators$ArraySpliterator.forEachRemaining(Spliterators.java:1024)
            at java.base@25.0.1/java.util.stream.AbstractPipeline.copyInto(AbstractPipeline.java:570)
            at java.base@25.0.1/java.util.stream.AbstractPipeline.wrapAndCopyInto(AbstractPipeline.java:560)
            at java.base@25.0.1/java.util.stream.ReduceOps$ReduceOp.evaluateSequential(ReduceOps.java:921)
            at java.base@25.0.1/java.util.stream.AbstractPipeline.evaluate(AbstractPipeline.java:265)
            at java.base@25.0.1/java.util.stream.ReferencePipeline.collect(ReferencePipeline.java:723)
            at app//org.junit.jupiter.api.AssertAll.assertAll(AssertAll.java:77)
            ... 4 more

XmlResultExportFidelityTest > unrepresentableValueOrColumnKeepsOldTargetCleansOwnedTempAndAllowsRetry(int, boolean) > code=1, column=false FAILED
    org.gradle.internal.exceptions.DefaultMultiCauseException: Multiple Failures (4 failures)
    	org.opentest4j.AssertionFailedError: expected: <XML_CHARACTER> but was: <PREPARE>
    	org.opentest4j.AssertionFailedError: expected: <Result export failed at XML_CHARACTER> but was: <Result export failed at PREPARE>
    	org.opentest4j.AssertionFailedError: expected: not <null>
    	java.lang.NullPointerException: Cannot invoke "java.nio.file.Path.getFileSystem()" because "path" is null
        at app//org.junit.jupiter.api.AssertAll.assertAll(AssertAll.java:80)
        at app//org.junit.jupiter.api.AssertAll.assertAll(AssertAll.java:44)
        at app//org.junit.jupiter.api.AssertAll.assertAll(AssertAll.java:38)
        at app//org.junit.jupiter.api.Assertions.assertAll(Assertions.java:2944)
        at app//com.datacube.export.XmlResultExportFidelityTest.unrepresentableValueOrColumnKeepsOldTargetCleansOwnedTempAndAllowsRetry(XmlResultExportFidelityTest.java:114)

        Caused by:
        org.opentest4j.AssertionFailedError: expected: <XML_CHARACTER> but was: <PREPARE>
            at app//org.junit.jupiter.api.AssertionFailureBuilder.build(AssertionFailureBuilder.java:151)
            at app//org.junit.jupiter.api.AssertionFailureBuilder.buildAndThrow(AssertionFailureBuilder.java:132)
            at app//org.junit.jupiter.api.AssertEquals.failNotEqual(AssertEquals.java:197)
            at app//org.junit.jupiter.api.AssertEquals.assertEquals(AssertEquals.java:182)
            at app//org.junit.jupiter.api.AssertEquals.assertEquals(AssertEquals.java:177)
            at app//org.junit.jupiter.api.Assertions.assertEquals(Assertions.java:1145)
            at app//com.datacube.export.XmlResultExportFidelityTest.lambda$unrepresentableValueOrColumnKeepsOldTargetCleansOwnedTempAndAllowsRetry$2(XmlResultExportFidelityTest.java:114)
            at app//org.junit.jupiter.api.AssertAll.lambda$assertAll$0(AssertAll.java:68)
            at java.base@25.0.1/java.util.stream.ReferencePipeline$3$1.accept(ReferencePipeline.java:214)
            at java.base@25.0.1/java.util.Spliterators$ArraySpliterator.forEachRemaining(Spliterators.java:1024)
            at java.base@25.0.1/java.util.stream.AbstractPipeline.copyInto(AbstractPipeline.java:570)
            at java.base@25.0.1/java.util.stream.AbstractPipeline.wrapAndCopyInto(AbstractPipeline.java:560)
            at java.base@25.0.1/java.util.stream.ReduceOps$ReduceOp.evaluateSequential(ReduceOps.java:921)
            at java.base@25.0.1/java.util.stream.AbstractPipeline.evaluate(AbstractPipeline.java:265)
            at java.base@25.0.1/java.util.stream.ReferencePipeline.collect(ReferencePipeline.java:723)
            at app//org.junit.jupiter.api.AssertAll.assertAll(AssertAll.java:77)
            ... 4 more

XmlResultExportFidelityTest > unrepresentableValueOrColumnKeepsOldTargetCleansOwnedTempAndAllowsRetry(int, boolean) > code=1, column=true FAILED
    org.gradle.internal.exceptions.DefaultMultiCauseException: Multiple Failures (4 failures)
    	org.opentest4j.AssertionFailedError: expected: <XML_CHARACTER> but was: <PREPARE>
    	org.opentest4j.AssertionFailedError: expected: <Result export failed at XML_CHARACTER> but was: <Result export failed at PREPARE>
    	org.opentest4j.AssertionFailedError: expected: not <null>
    	java.lang.NullPointerException: Cannot invoke "java.nio.file.Path.getFileSystem()" because "path" is null
        at app//org.junit.jupiter.api.AssertAll.assertAll(AssertAll.java:80)
        at app//org.junit.jupiter.api.AssertAll.assertAll(AssertAll.java:44)
        at app//org.junit.jupiter.api.AssertAll.assertAll(AssertAll.java:38)
        at app//org.junit.jupiter.api.Assertions.assertAll(Assertions.java:2944)
        at app//com.datacube.export.XmlResultExportFidelityTest.unrepresentableValueOrColumnKeepsOldTargetCleansOwnedTempAndAllowsRetry(XmlResultExportFidelityTest.java:114)

        Caused by:
        org.opentest4j.AssertionFailedError: expected: <XML_CHARACTER> but was: <PREPARE>
            at app//org.junit.jupiter.api.AssertionFailureBuilder.build(AssertionFailureBuilder.java:151)
            at app//org.junit.jupiter.api.AssertionFailureBuilder.buildAndThrow(AssertionFailureBuilder.java:132)
            at app//org.junit.jupiter.api.AssertEquals.failNotEqual(AssertEquals.java:197)
            at app//org.junit.jupiter.api.AssertEquals.assertEquals(AssertEquals.java:182)
            at app//org.junit.jupiter.api.AssertEquals.assertEquals(AssertEquals.java:177)
            at app//org.junit.jupiter.api.Assertions.assertEquals(Assertions.java:1145)
            at app//com.datacube.export.XmlResultExportFidelityTest.lambda$unrepresentableValueOrColumnKeepsOldTargetCleansOwnedTempAndAllowsRetry$2(XmlResultExportFidelityTest.java:114)
            at app//org.junit.jupiter.api.AssertAll.lambda$assertAll$0(AssertAll.java:68)
            at java.base@25.0.1/java.util.stream.ReferencePipeline$3$1.accept(ReferencePipeline.java:214)
            at java.base@25.0.1/java.util.Spliterators$ArraySpliterator.forEachRemaining(Spliterators.java:1024)
            at java.base@25.0.1/java.util.stream.AbstractPipeline.copyInto(AbstractPipeline.java:570)
            at java.base@25.0.1/java.util.stream.AbstractPipeline.wrapAndCopyInto(AbstractPipeline.java:560)
            at java.base@25.0.1/java.util.stream.ReduceOps$ReduceOp.evaluateSequential(ReduceOps.java:921)
            at java.base@25.0.1/java.util.stream.AbstractPipeline.evaluate(AbstractPipeline.java:265)
            at java.base@25.0.1/java.util.stream.ReferencePipeline.collect(ReferencePipeline.java:723)
            at app//org.junit.jupiter.api.AssertAll.assertAll(AssertAll.java:77)
            ... 4 more

XmlResultExportFidelityTest > unrepresentableValueOrColumnKeepsOldTargetCleansOwnedTempAndAllowsRetry(int, boolean) > code=2, column=false FAILED
    org.gradle.internal.exceptions.DefaultMultiCauseException: Multiple Failures (4 failures)
    	org.opentest4j.AssertionFailedError: expected: <XML_CHARACTER> but was: <PREPARE>
    	org.opentest4j.AssertionFailedError: expected: <Result export failed at XML_CHARACTER> but was: <Result export failed at PREPARE>
    	org.opentest4j.AssertionFailedError: expected: not <null>
    	java.lang.NullPointerException: Cannot invoke "java.nio.file.Path.getFileSystem()" because "path" is null
        at app//org.junit.jupiter.api.AssertAll.assertAll(AssertAll.java:80)
        at app//org.junit.jupiter.api.AssertAll.assertAll(AssertAll.java:44)
        at app//org.junit.jupiter.api.AssertAll.assertAll(AssertAll.java:38)
        at app//org.junit.jupiter.api.Assertions.assertAll(Assertions.java:2944)
        at app//com.datacube.export.XmlResultExportFidelityTest.unrepresentableValueOrColumnKeepsOldTargetCleansOwnedTempAndAllowsRetry(XmlResultExportFidelityTest.java:114)

        Caused by:
        org.opentest4j.AssertionFailedError: expected: <XML_CHARACTER> but was: <PREPARE>
            at app//org.junit.jupiter.api.AssertionFailureBuilder.build(AssertionFailureBuilder.java:151)
            at app//org.junit.jupiter.api.AssertionFailureBuilder.buildAndThrow(AssertionFailureBuilder.java:132)
            at app//org.junit.jupiter.api.AssertEquals.failNotEqual(AssertEquals.java:197)
            at app//org.junit.jupiter.api.AssertEquals.assertEquals(AssertEquals.java:182)
            at app//org.junit.jupiter.api.AssertEquals.assertEquals(AssertEquals.java:177)
            at app//org.junit.jupiter.api.Assertions.assertEquals(Assertions.java:1145)
            at app//com.datacube.export.XmlResultExportFidelityTest.lambda$unrepresentableValueOrColumnKeepsOldTargetCleansOwnedTempAndAllowsRetry$2(XmlResultExportFidelityTest.java:114)
            at app//org.junit.jupiter.api.AssertAll.lambda$assertAll$0(AssertAll.java:68)
            at java.base@25.0.1/java.util.stream.ReferencePipeline$3$1.accept(ReferencePipeline.java:214)
            at java.base@25.0.1/java.util.Spliterators$ArraySpliterator.forEachRemaining(Spliterators.java:1024)
            at java.base@25.0.1/java.util.stream.AbstractPipeline.copyInto(AbstractPipeline.java:570)
            at java.base@25.0.1/java.util.stream.AbstractPipeline.wrapAndCopyInto(AbstractPipeline.java:560)
            at java.base@25.0.1/java.util.stream.ReduceOps$ReduceOp.evaluateSequential(ReduceOps.java:921)
            at java.base@25.0.1/java.util.stream.AbstractPipeline.evaluate(AbstractPipeline.java:265)
            at java.base@25.0.1/java.util.stream.ReferencePipeline.collect(ReferencePipeline.java:723)
            at app//org.junit.jupiter.api.AssertAll.assertAll(AssertAll.java:77)
            ... 4 more

XmlResultExportFidelityTest > unrepresentableValueOrColumnKeepsOldTargetCleansOwnedTempAndAllowsRetry(int, boolean) > code=2, column=true FAILED
    org.gradle.internal.exceptions.DefaultMultiCauseException: Multiple Failures (4 failures)
    	org.opentest4j.AssertionFailedError: expected: <XML_CHARACTER> but was: <PREPARE>
    	org.opentest4j.AssertionFailedError: expected: <Result export failed at XML_CHARACTER> but was: <Result export failed at PREPARE>
    	org.opentest4j.AssertionFailedError: expected: not <null>
    	java.lang.NullPointerException: Cannot invoke "java.nio.file.Path.getFileSystem()" because "path" is null
        at app//org.junit.jupiter.api.AssertAll.assertAll(AssertAll.java:80)
        at app//org.junit.jupiter.api.AssertAll.assertAll(AssertAll.java:44)
        at app//org.junit.jupiter.api.AssertAll.assertAll(AssertAll.java:38)
        at app//org.junit.jupiter.api.Assertions.assertAll(Assertions.java:2944)
        at app//com.datacube.export.XmlResultExportFidelityTest.unrepresentableValueOrColumnKeepsOldTargetCleansOwnedTempAndAllowsRetry(XmlResultExportFidelityTest.java:114)

        Caused by:
        org.opentest4j.AssertionFailedError: expected: <XML_CHARACTER> but was: <PREPARE>
            at app//org.junit.jupiter.api.AssertionFailureBuilder.build(AssertionFailureBuilder.java:151)
            at app//org.junit.jupiter.api.AssertionFailureBuilder.buildAndThrow(AssertionFailureBuilder.java:132)
            at app//org.junit.jupiter.api.AssertEquals.failNotEqual(AssertEquals.java:197)
            at app//org.junit.jupiter.api.AssertEquals.assertEquals(AssertEquals.java:182)
            at app//org.junit.jupiter.api.AssertEquals.assertEquals(AssertEquals.java:177)
            at app//org.junit.jupiter.api.Assertions.assertEquals(Assertions.java:1145)
            at app//com.datacube.export.XmlResultExportFidelityTest.lambda$unrepresentableValueOrColumnKeepsOldTargetCleansOwnedTempAndAllowsRetry$2(XmlResultExportFidelityTest.java:114)
            at app//org.junit.jupiter.api.AssertAll.lambda$assertAll$0(AssertAll.java:68)
            at java.base@25.0.1/java.util.stream.ReferencePipeline$3$1.accept(ReferencePipeline.java:214)
            at java.base@25.0.1/java.util.Spliterators$ArraySpliterator.forEachRemaining(Spliterators.java:1024)
            at java.base@25.0.1/java.util.stream.AbstractPipeline.copyInto(AbstractPipeline.java:570)
            at java.base@25.0.1/java.util.stream.AbstractPipeline.wrapAndCopyInto(AbstractPipeline.java:560)
            at java.base@25.0.1/java.util.stream.ReduceOps$ReduceOp.evaluateSequential(ReduceOps.java:921)
            at java.base@25.0.1/java.util.stream.AbstractPipeline.evaluate(AbstractPipeline.java:265)
            at java.base@25.0.1/java.util.stream.ReferencePipeline.collect(ReferencePipeline.java:723)
            at app//org.junit.jupiter.api.AssertAll.assertAll(AssertAll.java:77)
            ... 4 more

XmlResultExportFidelityTest > unrepresentableValueOrColumnKeepsOldTargetCleansOwnedTempAndAllowsRetry(int, boolean) > code=3, column=false FAILED
    org.gradle.internal.exceptions.DefaultMultiCauseException: Multiple Failures (4 failures)
    	org.opentest4j.AssertionFailedError: expected: <XML_CHARACTER> but was: <PREPARE>
    	org.opentest4j.AssertionFailedError: expected: <Result export failed at XML_CHARACTER> but was: <Result export failed at PREPARE>
    	org.opentest4j.AssertionFailedError: expected: not <null>
    	java.lang.NullPointerException: Cannot invoke "java.nio.file.Path.getFileSystem()" because "path" is null
        at app//org.junit.jupiter.api.AssertAll.assertAll(AssertAll.java:80)
        at app//org.junit.jupiter.api.AssertAll.assertAll(AssertAll.java:44)
        at app//org.junit.jupiter.api.AssertAll.assertAll(AssertAll.java:38)
        at app//org.junit.jupiter.api.Assertions.assertAll(Assertions.java:2944)
        at app//com.datacube.export.XmlResultExportFidelityTest.unrepresentableValueOrColumnKeepsOldTargetCleansOwnedTempAndAllowsRetry(XmlResultExportFidelityTest.java:114)

        Caused by:
        org.opentest4j.AssertionFailedError: expected: <XML_CHARACTER> but was: <PREPARE>
            at app//org.junit.jupiter.api.AssertionFailureBuilder.build(AssertionFailureBuilder.java:151)
            at app//org.junit.jupiter.api.AssertionFailureBuilder.buildAndThrow(AssertionFailureBuilder.java:132)
            at app//org.junit.jupiter.api.AssertEquals.failNotEqual(AssertEquals.java:197)
            at app//org.junit.jupiter.api.AssertEquals.assertEquals(AssertEquals.java:182)
            at app//org.junit.jupiter.api.AssertEquals.assertEquals(AssertEquals.java:177)
            at app//org.junit.jupiter.api.Assertions.assertEquals(Assertions.java:1145)
            at app//com.datacube.export.XmlResultExportFidelityTest.lambda$unrepresentableValueOrColumnKeepsOldTargetCleansOwnedTempAndAllowsRetry$2(XmlResultExportFidelityTest.java:114)
            at app//org.junit.jupiter.api.AssertAll.lambda$assertAll$0(AssertAll.java:68)
            at java.base@25.0.1/java.util.stream.ReferencePipeline$3$1.accept(ReferencePipeline.java:214)
            at java.base@25.0.1/java.util.Spliterators$ArraySpliterator.forEachRemaining(Spliterators.java:1024)
            at java.base@25.0.1/java.util.stream.AbstractPipeline.copyInto(AbstractPipeline.java:570)
            at java.base@25.0.1/java.util.stream.AbstractPipeline.wrapAndCopyInto(AbstractPipeline.java:560)
            at java.base@25.0.1/java.util.stream.ReduceOps$ReduceOp.evaluateSequential(ReduceOps.java:921)
            at java.base@25.0.1/java.util.stream.AbstractPipeline.evaluate(AbstractPipeline.java:265)
            at java.base@25.0.1/java.util.stream.ReferencePipeline.collect(ReferencePipeline.java:723)
            at app//org.junit.jupiter.api.AssertAll.assertAll(AssertAll.java:77)
            ... 4 more

XmlResultExportFidelityTest > unrepresentableValueOrColumnKeepsOldTargetCleansOwnedTempAndAllowsRetry(int, boolean) > code=3, column=true FAILED
    org.gradle.internal.exceptions.DefaultMultiCauseException: Multiple Failures (4 failures)
    	org.opentest4j.AssertionFailedError: expected: <XML_CHARACTER> but was: <PREPARE>
    	org.opentest4j.AssertionFailedError: expected: <Result export failed at XML_CHARACTER> but was: <Result export failed at PREPARE>
    	org.opentest4j.AssertionFailedError: expected: not <null>
    	java.lang.NullPointerException: Cannot invoke "java.nio.file.Path.getFileSystem()" because "path" is null
        at app//org.junit.jupiter.api.AssertAll.assertAll(AssertAll.java:80)
        at app//org.junit.jupiter.api.AssertAll.assertAll(AssertAll.java:44)
        at app//org.junit.jupiter.api.AssertAll.assertAll(AssertAll.java:38)
        at app//org.junit.jupiter.api.Assertions.assertAll(Assertions.java:2944)
        at app//com.datacube.export.XmlResultExportFidelityTest.unrepresentableValueOrColumnKeepsOldTargetCleansOwnedTempAndAllowsRetry(XmlResultExportFidelityTest.java:114)

        Caused by:
        org.opentest4j.AssertionFailedError: expected: <XML_CHARACTER> but was: <PREPARE>
            at app//org.junit.jupiter.api.AssertionFailureBuilder.build(AssertionFailureBuilder.java:151)
            at app//org.junit.jupiter.api.AssertionFailureBuilder.buildAndThrow(AssertionFailureBuilder.java:132)
            at app//org.junit.jupiter.api.AssertEquals.failNotEqual(AssertEquals.java:197)
            at app//org.junit.jupiter.api.AssertEquals.assertEquals(AssertEquals.java:182)
            at app//org.junit.jupiter.api.AssertEquals.assertEquals(AssertEquals.java:177)
            at app//org.junit.jupiter.api.Assertions.assertEquals(Assertions.java:1145)
            at app//com.datacube.export.XmlResultExportFidelityTest.lambda$unrepresentableValueOrColumnKeepsOldTargetCleansOwnedTempAndAllowsRetry$2(XmlResultExportFidelityTest.java:114)
            at app//org.junit.jupiter.api.AssertAll.lambda$assertAll$0(AssertAll.java:68)
            at java.base@25.0.1/java.util.stream.ReferencePipeline$3$1.accept(ReferencePipeline.java:214)
            at java.base@25.0.1/java.util.Spliterators$ArraySpliterator.forEachRemaining(Spliterators.java:1024)
            at java.base@25.0.1/java.util.stream.AbstractPipeline.copyInto(AbstractPipeline.java:570)
            at java.base@25.0.1/java.util.stream.AbstractPipeline.wrapAndCopyInto(AbstractPipeline.java:560)
            at java.base@25.0.1/java.util.stream.ReduceOps$ReduceOp.evaluateSequential(ReduceOps.java:921)
            at java.base@25.0.1/java.util.stream.AbstractPipeline.evaluate(AbstractPipeline.java:265)
            at java.base@25.0.1/java.util.stream.ReferencePipeline.collect(ReferencePipeline.java:723)
            at app//org.junit.jupiter.api.AssertAll.assertAll(AssertAll.java:77)
            ... 4 more

XmlResultExportFidelityTest > unrepresentableValueOrColumnKeepsOldTargetCleansOwnedTempAndAllowsRetry(int, boolean) > code=4, column=false FAILED
    org.gradle.internal.exceptions.DefaultMultiCauseException: Multiple Failures (4 failures)
    	org.opentest4j.AssertionFailedError: expected: <XML_CHARACTER> but was: <PREPARE>
    	org.opentest4j.AssertionFailedError: expected: <Result export failed at XML_CHARACTER> but was: <Result export failed at PREPARE>
    	org.opentest4j.AssertionFailedError: expected: not <null>
    	java.lang.NullPointerException: Cannot invoke "java.nio.file.Path.getFileSystem()" because "path" is null
        at app//org.junit.jupiter.api.AssertAll.assertAll(AssertAll.java:80)
        at app//org.junit.jupiter.api.AssertAll.assertAll(AssertAll.java:44)
        at app//org.junit.jupiter.api.AssertAll.assertAll(AssertAll.java:38)
        at app//org.junit.jupiter.api.Assertions.assertAll(Assertions.java:2944)
        at app//com.datacube.export.XmlResultExportFidelityTest.unrepresentableValueOrColumnKeepsOldTargetCleansOwnedTempAndAllowsRetry(XmlResultExportFidelityTest.java:114)

        Caused by:
        org.opentest4j.AssertionFailedError: expected: <XML_CHARACTER> but was: <PREPARE>
            at app//org.junit.jupiter.api.AssertionFailureBuilder.build(AssertionFailureBuilder.java:151)
            at app//org.junit.jupiter.api.AssertionFailureBuilder.buildAndThrow(AssertionFailureBuilder.java:132)
            at app//org.junit.jupiter.api.AssertEquals.failNotEqual(AssertEquals.java:197)
            at app//org.junit.jupiter.api.AssertEquals.assertEquals(AssertEquals.java:182)
            at app//org.junit.jupiter.api.AssertEquals.assertEquals(AssertEquals.java:177)
            at app//org.junit.jupiter.api.Assertions.assertEquals(Assertions.java:1145)
            at app//com.datacube.export.XmlResultExportFidelityTest.lambda$unrepresentableValueOrColumnKeepsOldTargetCleansOwnedTempAndAllowsRetry$2(XmlResultExportFidelityTest.java:114)
            at app//org.junit.jupiter.api.AssertAll.lambda$assertAll$0(AssertAll.java:68)
            at java.base@25.0.1/java.util.stream.ReferencePipeline$3$1.accept(ReferencePipeline.java:214)
            at java.base@25.0.1/java.util.Spliterators$ArraySpliterator.forEachRemaining(Spliterators.java:1024)
            at java.base@25.0.1/java.util.stream.AbstractPipeline.copyInto(AbstractPipeline.java:570)
            at java.base@25.0.1/java.util.stream.AbstractPipeline.wrapAndCopyInto(AbstractPipeline.java:560)
            at java.base@25.0.1/java.util.stream.ReduceOps$ReduceOp.evaluateSequential(ReduceOps.java:921)
            at java.base@25.0.1/java.util.stream.AbstractPipeline.evaluate(AbstractPipeline.java:265)
            at java.base@25.0.1/java.util.stream.ReferencePipeline.collect(ReferencePipeline.java:723)
            at app//org.junit.jupiter.api.AssertAll.assertAll(AssertAll.java:77)
            ... 4 more

XmlResultExportFidelityTest > unrepresentableValueOrColumnKeepsOldTargetCleansOwnedTempAndAllowsRetry(int, boolean) > code=4, column=true FAILED
    org.gradle.internal.exceptions.DefaultMultiCauseException: Multiple Failures (4 failures)
    	org.opentest4j.AssertionFailedError: expected: <XML_CHARACTER> but was: <PREPARE>
    	org.opentest4j.AssertionFailedError: expected: <Result export failed at XML_CHARACTER> but was: <Result export failed at PREPARE>
    	org.opentest4j.AssertionFailedError: expected: not <null>
    	java.lang.NullPointerException: Cannot invoke "java.nio.file.Path.getFileSystem()" because "path" is null
        at app//org.junit.jupiter.api.AssertAll.assertAll(AssertAll.java:80)
        at app//org.junit.jupiter.api.AssertAll.assertAll(AssertAll.java:44)
        at app//org.junit.jupiter.api.AssertAll.assertAll(AssertAll.java:38)
        at app//org.junit.jupiter.api.Assertions.assertAll(Assertions.java:2944)
        at app//com.datacube.export.XmlResultExportFidelityTest.unrepresentableValueOrColumnKeepsOldTargetCleansOwnedTempAndAllowsRetry(XmlResultExportFidelityTest.java:114)

        Caused by:
        org.opentest4j.AssertionFailedError: expected: <XML_CHARACTER> but was: <PREPARE>
            at app//org.junit.jupiter.api.AssertionFailureBuilder.build(AssertionFailureBuilder.java:151)
            at app//org.junit.jupiter.api.AssertionFailureBuilder.buildAndThrow(AssertionFailureBuilder.java:132)
            at app//org.junit.jupiter.api.AssertEquals.failNotEqual(AssertEquals.java:197)
            at app//org.junit.jupiter.api.AssertEquals.assertEquals(AssertEquals.java:182)
            at app//org.junit.jupiter.api.AssertEquals.assertEquals(AssertEquals.java:177)
            at app//org.junit.jupiter.api.Assertions.assertEquals(Assertions.java:1145)
            at app//com.datacube.export.XmlResultExportFidelityTest.lambda$unrepresentableValueOrColumnKeepsOldTargetCleansOwnedTempAndAllowsRetry$2(XmlResultExportFidelityTest.java:114)
            at app//org.junit.jupiter.api.AssertAll.lambda$assertAll$0(AssertAll.java:68)
            at java.base@25.0.1/java.util.stream.ReferencePipeline$3$1.accept(ReferencePipeline.java:214)
            at java.base@25.0.1/java.util.Spliterators$ArraySpliterator.forEachRemaining(Spliterators.java:1024)
            at java.base@25.0.1/java.util.stream.AbstractPipeline.copyInto(AbstractPipeline.java:570)
            at java.base@25.0.1/java.util.stream.AbstractPipeline.wrapAndCopyInto(AbstractPipeline.java:560)
            at java.base@25.0.1/java.util.stream.ReduceOps$ReduceOp.evaluateSequential(ReduceOps.java:921)
            at java.base@25.0.1/java.util.stream.AbstractPipeline.evaluate(AbstractPipeline.java:265)
            at java.base@25.0.1/java.util.stream.ReferencePipeline.collect(ReferencePipeline.java:723)
            at app//org.junit.jupiter.api.AssertAll.assertAll(AssertAll.java:77)
            ... 4 more

XmlResultExportFidelityTest > unrepresentableValueOrColumnKeepsOldTargetCleansOwnedTempAndAllowsRetry(int, boolean) > code=5, column=false FAILED
    org.gradle.internal.exceptions.DefaultMultiCauseException: Multiple Failures (4 failures)
    	org.opentest4j.AssertionFailedError: expected: <XML_CHARACTER> but was: <PREPARE>
    	org.opentest4j.AssertionFailedError: expected: <Result export failed at XML_CHARACTER> but was: <Result export failed at PREPARE>
    	org.opentest4j.AssertionFailedError: expected: not <null>
    	java.lang.NullPointerException: Cannot invoke "java.nio.file.Path.getFileSystem()" because "path" is null
        at app//org.junit.jupiter.api.AssertAll.assertAll(AssertAll.java:80)
        at app//org.junit.jupiter.api.AssertAll.assertAll(AssertAll.java:44)
        at app//org.junit.jupiter.api.AssertAll.assertAll(AssertAll.java:38)
        at app//org.junit.jupiter.api.Assertions.assertAll(Assertions.java:2944)
        at app//com.datacube.export.XmlResultExportFidelityTest.unrepresentableValueOrColumnKeepsOldTargetCleansOwnedTempAndAllowsRetry(XmlResultExportFidelityTest.java:114)

        Caused by:
        org.opentest4j.AssertionFailedError: expected: <XML_CHARACTER> but was: <PREPARE>
            at app//org.junit.jupiter.api.AssertionFailureBuilder.build(AssertionFailureBuilder.java:151)
            at app//org.junit.jupiter.api.AssertionFailureBuilder.buildAndThrow(AssertionFailureBuilder.java:132)
            at app//org.junit.jupiter.api.AssertEquals.failNotEqual(AssertEquals.java:197)
            at app//org.junit.jupiter.api.AssertEquals.assertEquals(AssertEquals.java:182)
            at app//org.junit.jupiter.api.AssertEquals.assertEquals(AssertEquals.java:177)
            at app//org.junit.jupiter.api.Assertions.assertEquals(Assertions.java:1145)
            at app//com.datacube.export.XmlResultExportFidelityTest.lambda$unrepresentableValueOrColumnKeepsOldTargetCleansOwnedTempAndAllowsRetry$2(XmlResultExportFidelityTest.java:114)
            at app//org.junit.jupiter.api.AssertAll.lambda$assertAll$0(AssertAll.java:68)
            at java.base@25.0.1/java.util.stream.ReferencePipeline$3$1.accept(ReferencePipeline.java:214)
            at java.base@25.0.1/java.util.Spliterators$ArraySpliterator.forEachRemaining(Spliterators.java:1024)
            at java.base@25.0.1/java.util.stream.AbstractPipeline.copyInto(AbstractPipeline.java:570)
            at java.base@25.0.1/java.util.stream.AbstractPipeline.wrapAndCopyInto(AbstractPipeline.java:560)
            at java.base@25.0.1/java.util.stream.ReduceOps$ReduceOp.evaluateSequential(ReduceOps.java:921)
            at java.base@25.0.1/java.util.stream.AbstractPipeline.evaluate(AbstractPipeline.java:265)
            at java.base@25.0.1/java.util.stream.ReferencePipeline.collect(ReferencePipeline.java:723)
            at app//org.junit.jupiter.api.AssertAll.assertAll(AssertAll.java:77)
            ... 4 more

XmlResultExportFidelityTest > unrepresentableValueOrColumnKeepsOldTargetCleansOwnedTempAndAllowsRetry(int, boolean) > code=5, column=true FAILED
    org.gradle.internal.exceptions.DefaultMultiCauseException: Multiple Failures (4 failures)
    	org.opentest4j.AssertionFailedError: expected: <XML_CHARACTER> but was: <PREPARE>
    	org.opentest4j.AssertionFailedError: expected: <Result export failed at XML_CHARACTER> but was: <Result export failed at PREPARE>
    	org.opentest4j.AssertionFailedError: expected: not <null>
    	java.lang.NullPointerException: Cannot invoke "java.nio.file.Path.getFileSystem()" because "path" is null
        at app//org.junit.jupiter.api.AssertAll.assertAll(AssertAll.java:80)
        at app//org.junit.jupiter.api.AssertAll.assertAll(AssertAll.java:44)
        at app//org.junit.jupiter.api.AssertAll.assertAll(AssertAll.java:38)
        at app//org.junit.jupiter.api.Assertions.assertAll(Assertions.java:2944)
        at app//com.datacube.export.XmlResultExportFidelityTest.unrepresentableValueOrColumnKeepsOldTargetCleansOwnedTempAndAllowsRetry(XmlResultExportFidelityTest.java:114)

        Caused by:
        org.opentest4j.AssertionFailedError: expected: <XML_CHARACTER> but was: <PREPARE>
            at app//org.junit.jupiter.api.AssertionFailureBuilder.build(AssertionFailureBuilder.java:151)
            at app//org.junit.jupiter.api.AssertionFailureBuilder.buildAndThrow(AssertionFailureBuilder.java:132)
            at app//org.junit.jupiter.api.AssertEquals.failNotEqual(AssertEquals.java:197)
            at app//org.junit.jupiter.api.AssertEquals.assertEquals(AssertEquals.java:182)
            at app//org.junit.jupiter.api.AssertEquals.assertEquals(AssertEquals.java:177)
            at app//org.junit.jupiter.api.Assertions.assertEquals(Assertions.java:1145)
            at app//com.datacube.export.XmlResultExportFidelityTest.lambda$unrepresentableValueOrColumnKeepsOldTargetCleansOwnedTempAndAllowsRetry$2(XmlResultExportFidelityTest.java:114)
            at app//org.junit.jupiter.api.AssertAll.lambda$assertAll$0(AssertAll.java:68)
            at java.base@25.0.1/java.util.stream.ReferencePipeline$3$1.accept(ReferencePipeline.java:214)
            at java.base@25.0.1/java.util.Spliterators$ArraySpliterator.forEachRemaining(Spliterators.java:1024)
            at java.base@25.0.1/java.util.stream.AbstractPipeline.copyInto(AbstractPipeline.java:570)
            at java.base@25.0.1/java.util.stream.AbstractPipeline.wrapAndCopyInto(AbstractPipeline.java:560)
            at java.base@25.0.1/java.util.stream.ReduceOps$ReduceOp.evaluateSequential(ReduceOps.java:921)
            at java.base@25.0.1/java.util.stream.AbstractPipeline.evaluate(AbstractPipeline.java:265)
            at java.base@25.0.1/java.util.stream.ReferencePipeline.collect(ReferencePipeline.java:723)
            at app//org.junit.jupiter.api.AssertAll.assertAll(AssertAll.java:77)
            ... 4 more

XmlResultExportFidelityTest > unrepresentableValueOrColumnKeepsOldTargetCleansOwnedTempAndAllowsRetry(int, boolean) > code=6, column=false FAILED
    org.gradle.internal.exceptions.DefaultMultiCauseException: Multiple Failures (4 failures)
    	org.opentest4j.AssertionFailedError: expected: <XML_CHARACTER> but was: <PREPARE>
    	org.opentest4j.AssertionFailedError: expected: <Result export failed at XML_CHARACTER> but was: <Result export failed at PREPARE>
    	org.opentest4j.AssertionFailedError: expected: not <null>
    	java.lang.NullPointerException: Cannot invoke "java.nio.file.Path.getFileSystem()" because "path" is null
        at app//org.junit.jupiter.api.AssertAll.assertAll(AssertAll.java:80)
        at app//org.junit.jupiter.api.AssertAll.assertAll(AssertAll.java:44)
        at app//org.junit.jupiter.api.AssertAll.assertAll(AssertAll.java:38)
        at app//org.junit.jupiter.api.Assertions.assertAll(Assertions.java:2944)
        at app//com.datacube.export.XmlResultExportFidelityTest.unrepresentableValueOrColumnKeepsOldTargetCleansOwnedTempAndAllowsRetry(XmlResultExportFidelityTest.java:114)

        Caused by:
        org.opentest4j.AssertionFailedError: expected: <XML_CHARACTER> but was: <PREPARE>
            at app//org.junit.jupiter.api.AssertionFailureBuilder.build(AssertionFailureBuilder.java:151)
            at app//org.junit.jupiter.api.AssertionFailureBuilder.buildAndThrow(AssertionFailureBuilder.java:132)
            at app//org.junit.jupiter.api.AssertEquals.failNotEqual(AssertEquals.java:197)
            at app//org.junit.jupiter.api.AssertEquals.assertEquals(AssertEquals.java:182)
            at app//org.junit.jupiter.api.AssertEquals.assertEquals(AssertEquals.java:177)
            at app//org.junit.jupiter.api.Assertions.assertEquals(Assertions.java:1145)
            at app//com.datacube.export.XmlResultExportFidelityTest.lambda$unrepresentableValueOrColumnKeepsOldTargetCleansOwnedTempAndAllowsRetry$2(XmlResultExportFidelityTest.java:114)
            at app//org.junit.jupiter.api.AssertAll.lambda$assertAll$0(AssertAll.java:68)
            at java.base@25.0.1/java.util.stream.ReferencePipeline$3$1.accept(ReferencePipeline.java:214)
            at java.base@25.0.1/java.util.Spliterators$ArraySpliterator.forEachRemaining(Spliterators.java:1024)
            at java.base@25.0.1/java.util.stream.AbstractPipeline.copyInto(AbstractPipeline.java:570)
            at java.base@25.0.1/java.util.stream.AbstractPipeline.wrapAndCopyInto(AbstractPipeline.java:560)
            at java.base@25.0.1/java.util.stream.ReduceOps$ReduceOp.evaluateSequential(ReduceOps.java:921)
            at java.base@25.0.1/java.util.stream.AbstractPipeline.evaluate(AbstractPipeline.java:265)
            at java.base@25.0.1/java.util.stream.ReferencePipeline.collect(ReferencePipeline.java:723)
            at app//org.junit.jupiter.api.AssertAll.assertAll(AssertAll.java:77)
            ... 4 more

XmlResultExportFidelityTest > unrepresentableValueOrColumnKeepsOldTargetCleansOwnedTempAndAllowsRetry(int, boolean) > code=6, column=true FAILED
    org.gradle.internal.exceptions.DefaultMultiCauseException: Multiple Failures (4 failures)
    	org.opentest4j.AssertionFailedError: expected: <XML_CHARACTER> but was: <PREPARE>
    	org.opentest4j.AssertionFailedError: expected: <Result export failed at XML_CHARACTER> but was: <Result export failed at PREPARE>
    	org.opentest4j.AssertionFailedError: expected: not <null>
    	java.lang.NullPointerException: Cannot invoke "java.nio.file.Path.getFileSystem()" because "path" is null
        at app//org.junit.jupiter.api.AssertAll.assertAll(AssertAll.java:80)
        at app//org.junit.jupiter.api.AssertAll.assertAll(AssertAll.java:44)
        at app//org.junit.jupiter.api.AssertAll.assertAll(AssertAll.java:38)
        at app//org.junit.jupiter.api.Assertions.assertAll(Assertions.java:2944)
        at app//com.datacube.export.XmlResultExportFidelityTest.unrepresentableValueOrColumnKeepsOldTargetCleansOwnedTempAndAllowsRetry(XmlResultExportFidelityTest.java:114)

        Caused by:
        org.opentest4j.AssertionFailedError: expected: <XML_CHARACTER> but was: <PREPARE>
            at app//org.junit.jupiter.api.AssertionFailureBuilder.build(AssertionFailureBuilder.java:151)
            at app//org.junit.jupiter.api.AssertionFailureBuilder.buildAndThrow(AssertionFailureBuilder.java:132)
            at app//org.junit.jupiter.api.AssertEquals.failNotEqual(AssertEquals.java:197)
            at app//org.junit.jupiter.api.AssertEquals.assertEquals(AssertEquals.java:182)
            at app//org.junit.jupiter.api.AssertEquals.assertEquals(AssertEquals.java:177)
            at app//org.junit.jupiter.api.Assertions.assertEquals(Assertions.java:1145)
            at app//com.datacube.export.XmlResultExportFidelityTest.lambda$unrepresentableValueOrColumnKeepsOldTargetCleansOwnedTempAndAllowsRetry$2(XmlResultExportFidelityTest.java:114)
            at app//org.junit.jupiter.api.AssertAll.lambda$assertAll$0(AssertAll.java:68)
            at java.base@25.0.1/java.util.stream.ReferencePipeline$3$1.accept(ReferencePipeline.java:214)
            at java.base@25.0.1/java.util.Spliterators$ArraySpliterator.forEachRemaining(Spliterators.java:1024)
            at java.base@25.0.1/java.util.stream.AbstractPipeline.copyInto(AbstractPipeline.java:570)
            at java.base@25.0.1/java.util.stream.AbstractPipeline.wrapAndCopyInto(AbstractPipeline.java:560)
            at java.base@25.0.1/java.util.stream.ReduceOps$ReduceOp.evaluateSequential(ReduceOps.java:921)
            at java.base@25.0.1/java.util.stream.AbstractPipeline.evaluate(AbstractPipeline.java:265)
            at java.base@25.0.1/java.util.stream.ReferencePipeline.collect(ReferencePipeline.java:723)
            at app//org.junit.jupiter.api.AssertAll.assertAll(AssertAll.java:77)
            ... 4 more

XmlResultExportFidelityTest > unrepresentableValueOrColumnKeepsOldTargetCleansOwnedTempAndAllowsRetry(int, boolean) > code=7, column=false FAILED
    org.gradle.internal.exceptions.DefaultMultiCauseException: Multiple Failures (4 failures)
    	org.opentest4j.AssertionFailedError: expected: <XML_CHARACTER> but was: <PREPARE>
    	org.opentest4j.AssertionFailedError: expected: <Result export failed at XML_CHARACTER> but was: <Result export failed at PREPARE>
    	org.opentest4j.AssertionFailedError: expected: not <null>
    	java.lang.NullPointerException: Cannot invoke "java.nio.file.Path.getFileSystem()" because "path" is null
        at app//org.junit.jupiter.api.AssertAll.assertAll(AssertAll.java:80)
        at app//org.junit.jupiter.api.AssertAll.assertAll(AssertAll.java:44)
        at app//org.junit.jupiter.api.AssertAll.assertAll(AssertAll.java:38)
        at app//org.junit.jupiter.api.Assertions.assertAll(Assertions.java:2944)
        at app//com.datacube.export.XmlResultExportFidelityTest.unrepresentableValueOrColumnKeepsOldTargetCleansOwnedTempAndAllowsRetry(XmlResultExportFidelityTest.java:114)

        Caused by:
        org.opentest4j.AssertionFailedError: expected: <XML_CHARACTER> but was: <PREPARE>
            at app//org.junit.jupiter.api.AssertionFailureBuilder.build(AssertionFailureBuilder.java:151)
            at app//org.junit.jupiter.api.AssertionFailureBuilder.buildAndThrow(AssertionFailureBuilder.java:132)
            at app//org.junit.jupiter.api.AssertEquals.failNotEqual(AssertEquals.java:197)
            at app//org.junit.jupiter.api.AssertEquals.assertEquals(AssertEquals.java:182)
            at app//org.junit.jupiter.api.AssertEquals.assertEquals(AssertEquals.java:177)
            at app//org.junit.jupiter.api.Assertions.assertEquals(Assertions.java:1145)
            at app//com.datacube.export.XmlResultExportFidelityTest.lambda$unrepresentableValueOrColumnKeepsOldTargetCleansOwnedTempAndAllowsRetry$2(XmlResultExportFidelityTest.java:114)
            at app//org.junit.jupiter.api.AssertAll.lambda$assertAll$0(AssertAll.java:68)
            at java.base@25.0.1/java.util.stream.ReferencePipeline$3$1.accept(ReferencePipeline.java:214)
            at java.base@25.0.1/java.util.Spliterators$ArraySpliterator.forEachRemaining(Spliterators.java:1024)
            at java.base@25.0.1/java.util.stream.AbstractPipeline.copyInto(AbstractPipeline.java:570)
            at java.base@25.0.1/java.util.stream.AbstractPipeline.wrapAndCopyInto(AbstractPipeline.java:560)
            at java.base@25.0.1/java.util.stream.ReduceOps$ReduceOp.evaluateSequential(ReduceOps.java:921)
            at java.base@25.0.1/java.util.stream.AbstractPipeline.evaluate(AbstractPipeline.java:265)
            at java.base@25.0.1/java.util.stream.ReferencePipeline.collect(ReferencePipeline.java:723)
            at app//org.junit.jupiter.api.AssertAll.assertAll(AssertAll.java:77)
            ... 4 more

XmlResultExportFidelityTest > unrepresentableValueOrColumnKeepsOldTargetCleansOwnedTempAndAllowsRetry(int, boolean) > code=7, column=true FAILED
    org.gradle.internal.exceptions.DefaultMultiCauseException: Multiple Failures (4 failures)
    	org.opentest4j.AssertionFailedError: expected: <XML_CHARACTER> but was: <PREPARE>
    	org.opentest4j.AssertionFailedError: expected: <Result export failed at XML_CHARACTER> but was: <Result export failed at PREPARE>
    	org.opentest4j.AssertionFailedError: expected: not <null>
    	java.lang.NullPointerException: Cannot invoke "java.nio.file.Path.getFileSystem()" because "path" is null
        at app//org.junit.jupiter.api.AssertAll.assertAll(AssertAll.java:80)
        at app//org.junit.jupiter.api.AssertAll.assertAll(AssertAll.java:44)
        at app//org.junit.jupiter.api.AssertAll.assertAll(AssertAll.java:38)
        at app//org.junit.jupiter.api.Assertions.assertAll(Assertions.java:2944)
        at app//com.datacube.export.XmlResultExportFidelityTest.unrepresentableValueOrColumnKeepsOldTargetCleansOwnedTempAndAllowsRetry(XmlResultExportFidelityTest.java:114)

        Caused by:
        org.opentest4j.AssertionFailedError: expected: <XML_CHARACTER> but was: <PREPARE>
            at app//org.junit.jupiter.api.AssertionFailureBuilder.build(AssertionFailureBuilder.java:151)
            at app//org.junit.jupiter.api.AssertionFailureBuilder.buildAndThrow(AssertionFailureBuilder.java:132)
            at app//org.junit.jupiter.api.AssertEquals.failNotEqual(AssertEquals.java:197)
            at app//org.junit.jupiter.api.AssertEquals.assertEquals(AssertEquals.java:182)
            at app//org.junit.jupiter.api.AssertEquals.assertEquals(AssertEquals.java:177)
            at app//org.junit.jupiter.api.Assertions.assertEquals(Assertions.java:1145)
            at app//com.datacube.export.XmlResultExportFidelityTest.lambda$unrepresentableValueOrColumnKeepsOldTargetCleansOwnedTempAndAllowsRetry$2(XmlResultExportFidelityTest.java:114)
            at app//org.junit.jupiter.api.AssertAll.lambda$assertAll$0(AssertAll.java:68)
            at java.base@25.0.1/java.util.stream.ReferencePipeline$3$1.accept(ReferencePipeline.java:214)
            at java.base@25.0.1/java.util.Spliterators$ArraySpliterator.forEachRemaining(Spliterators.java:1024)
            at java.base@25.0.1/java.util.stream.AbstractPipeline.copyInto(AbstractPipeline.java:570)
            at java.base@25.0.1/java.util.stream.AbstractPipeline.wrapAndCopyInto(AbstractPipeline.java:560)
            at java.base@25.0.1/java.util.stream.ReduceOps$ReduceOp.evaluateSequential(ReduceOps.java:921)
            at java.base@25.0.1/java.util.stream.AbstractPipeline.evaluate(AbstractPipeline.java:265)
            at java.base@25.0.1/java.util.stream.ReferencePipeline.collect(ReferencePipeline.java:723)
            at app//org.junit.jupiter.api.AssertAll.assertAll(AssertAll.java:77)
            ... 4 more

XmlResultExportFidelityTest > unrepresentableValueOrColumnKeepsOldTargetCleansOwnedTempAndAllowsRetry(int, boolean) > code=8, column=false FAILED
    org.gradle.internal.exceptions.DefaultMultiCauseException: Multiple Failures (4 failures)
    	org.opentest4j.AssertionFailedError: expected: <XML_CHARACTER> but was: <PREPARE>
    	org.opentest4j.AssertionFailedError: expected: <Result export failed at XML_CHARACTER> but was: <Result export failed at PREPARE>
    	org.opentest4j.AssertionFailedError: expected: not <null>
    	java.lang.NullPointerException: Cannot invoke "java.nio.file.Path.getFileSystem()" because "path" is null
        at app//org.junit.jupiter.api.AssertAll.assertAll(AssertAll.java:80)
        at app//org.junit.jupiter.api.AssertAll.assertAll(AssertAll.java:44)
        at app//org.junit.jupiter.api.AssertAll.assertAll(AssertAll.java:38)
        at app//org.junit.jupiter.api.Assertions.assertAll(Assertions.java:2944)
        at app//com.datacube.export.XmlResultExportFidelityTest.unrepresentableValueOrColumnKeepsOldTargetCleansOwnedTempAndAllowsRetry(XmlResultExportFidelityTest.java:114)

        Caused by:
        org.opentest4j.AssertionFailedError: expected: <XML_CHARACTER> but was: <PREPARE>
            at app//org.junit.jupiter.api.AssertionFailureBuilder.build(AssertionFailureBuilder.java:151)
            at app//org.junit.jupiter.api.AssertionFailureBuilder.buildAndThrow(AssertionFailureBuilder.java:132)
            at app//org.junit.jupiter.api.AssertEquals.failNotEqual(AssertEquals.java:197)
            at app//org.junit.jupiter.api.AssertEquals.assertEquals(AssertEquals.java:182)
            at app//org.junit.jupiter.api.AssertEquals.assertEquals(AssertEquals.java:177)
            at app//org.junit.jupiter.api.Assertions.assertEquals(Assertions.java:1145)
            at app//com.datacube.export.XmlResultExportFidelityTest.lambda$unrepresentableValueOrColumnKeepsOldTargetCleansOwnedTempAndAllowsRetry$2(XmlResultExportFidelityTest.java:114)
            at app//org.junit.jupiter.api.AssertAll.lambda$assertAll$0(AssertAll.java:68)
            at java.base@25.0.1/java.util.stream.ReferencePipeline$3$1.accept(ReferencePipeline.java:214)
            at java.base@25.0.1/java.util.Spliterators$ArraySpliterator.forEachRemaining(Spliterators.java:1024)
            at java.base@25.0.1/java.util.stream.AbstractPipeline.copyInto(AbstractPipeline.java:570)
            at java.base@25.0.1/java.util.stream.AbstractPipeline.wrapAndCopyInto(AbstractPipeline.java:560)
            at java.base@25.0.1/java.util.stream.ReduceOps$ReduceOp.evaluateSequential(ReduceOps.java:921)
            at java.base@25.0.1/java.util.stream.AbstractPipeline.evaluate(AbstractPipeline.java:265)
            at java.base@25.0.1/java.util.stream.ReferencePipeline.collect(ReferencePipeline.java:723)
            at app//org.junit.jupiter.api.AssertAll.assertAll(AssertAll.java:77)
            ... 4 more

XmlResultExportFidelityTest > unrepresentableValueOrColumnKeepsOldTargetCleansOwnedTempAndAllowsRetry(int, boolean) > code=8, column=true FAILED
    org.gradle.internal.exceptions.DefaultMultiCauseException: Multiple Failures (4 failures)
    	org.opentest4j.AssertionFailedError: expected: <XML_CHARACTER> but was: <PREPARE>
    	org.opentest4j.AssertionFailedError: expected: <Result export failed at XML_CHARACTER> but was: <Result export failed at PREPARE>
    	org.opentest4j.AssertionFailedError: expected: not <null>
    	java.lang.NullPointerException: Cannot invoke "java.nio.file.Path.getFileSystem()" because "path" is null
        at app//org.junit.jupiter.api.AssertAll.assertAll(AssertAll.java:80)
        at app//org.junit.jupiter.api.AssertAll.assertAll(AssertAll.java:44)
        at app//org.junit.jupiter.api.AssertAll.assertAll(AssertAll.java:38)
        at app//org.junit.jupiter.api.Assertions.assertAll(Assertions.java:2944)
        at app//com.datacube.export.XmlResultExportFidelityTest.unrepresentableValueOrColumnKeepsOldTargetCleansOwnedTempAndAllowsRetry(XmlResultExportFidelityTest.java:114)

        Caused by:
        org.opentest4j.AssertionFailedError: expected: <XML_CHARACTER> but was: <PREPARE>
            at app//org.junit.jupiter.api.AssertionFailureBuilder.build(AssertionFailureBuilder.java:151)
            at app//org.junit.jupiter.api.AssertionFailureBuilder.buildAndThrow(AssertionFailureBuilder.java:132)
            at app//org.junit.jupiter.api.AssertEquals.failNotEqual(AssertEquals.java:197)
            at app//org.junit.jupiter.api.AssertEquals.assertEquals(AssertEquals.java:182)
            at app//org.junit.jupiter.api.AssertEquals.assertEquals(AssertEquals.java:177)
            at app//org.junit.jupiter.api.Assertions.assertEquals(Assertions.java:1145)
            at app//com.datacube.export.XmlResultExportFidelityTest.lambda$unrepresentableValueOrColumnKeepsOldTargetCleansOwnedTempAndAllowsRetry$2(XmlResultExportFidelityTest.java:114)
            at app//org.junit.jupiter.api.AssertAll.lambda$assertAll$0(AssertAll.java:68)
            at java.base@25.0.1/java.util.stream.ReferencePipeline$3$1.accept(ReferencePipeline.java:214)
            at java.base@25.0.1/java.util.Spliterators$ArraySpliterator.forEachRemaining(Spliterators.java:1024)
            at java.base@25.0.1/java.util.stream.AbstractPipeline.copyInto(AbstractPipeline.java:570)
            at java.base@25.0.1/java.util.stream.AbstractPipeline.wrapAndCopyInto(AbstractPipeline.java:560)
            at java.base@25.0.1/java.util.stream.ReduceOps$ReduceOp.evaluateSequential(ReduceOps.java:921)
            at java.base@25.0.1/java.util.stream.AbstractPipeline.evaluate(AbstractPipeline.java:265)
            at java.base@25.0.1/java.util.stream.ReferencePipeline.collect(ReferencePipeline.java:723)
            at app//org.junit.jupiter.api.AssertAll.assertAll(AssertAll.java:77)
            ... 4 more

XmlResultExportFidelityTest > unrepresentableValueOrColumnKeepsOldTargetCleansOwnedTempAndAllowsRetry(int, boolean) > code=11, column=false FAILED
    org.gradle.internal.exceptions.DefaultMultiCauseException: Multiple Failures (4 failures)
    	org.opentest4j.AssertionFailedError: expected: <XML_CHARACTER> but was: <PREPARE>
    	org.opentest4j.AssertionFailedError: expected: <Result export failed at XML_CHARACTER> but was: <Result export failed at PREPARE>
    	org.opentest4j.AssertionFailedError: expected: not <null>
    	java.lang.NullPointerException: Cannot invoke "java.nio.file.Path.getFileSystem()" because "path" is null
        at app//org.junit.jupiter.api.AssertAll.assertAll(AssertAll.java:80)
        at app//org.junit.jupiter.api.AssertAll.assertAll(AssertAll.java:44)
        at app//org.junit.jupiter.api.AssertAll.assertAll(AssertAll.java:38)
        at app//org.junit.jupiter.api.Assertions.assertAll(Assertions.java:2944)
        at app//com.datacube.export.XmlResultExportFidelityTest.unrepresentableValueOrColumnKeepsOldTargetCleansOwnedTempAndAllowsRetry(XmlResultExportFidelityTest.java:114)

        Caused by:
        org.opentest4j.AssertionFailedError: expected: <XML_CHARACTER> but was: <PREPARE>
            at app//org.junit.jupiter.api.AssertionFailureBuilder.build(AssertionFailureBuilder.java:151)
            at app//org.junit.jupiter.api.AssertionFailureBuilder.buildAndThrow(AssertionFailureBuilder.java:132)
            at app//org.junit.jupiter.api.AssertEquals.failNotEqual(AssertEquals.java:197)
            at app//org.junit.jupiter.api.AssertEquals.assertEquals(AssertEquals.java:182)
            at app//org.junit.jupiter.api.AssertEquals.assertEquals(AssertEquals.java:177)
            at app//org.junit.jupiter.api.Assertions.assertEquals(Assertions.java:1145)
            at app//com.datacube.export.XmlResultExportFidelityTest.lambda$unrepresentableValueOrColumnKeepsOldTargetCleansOwnedTempAndAllowsRetry$2(XmlResultExportFidelityTest.java:114)
            at app//org.junit.jupiter.api.AssertAll.lambda$assertAll$0(AssertAll.java:68)
            at java.base@25.0.1/java.util.stream.ReferencePipeline$3$1.accept(ReferencePipeline.java:214)
            at java.base@25.0.1/java.util.Spliterators$ArraySpliterator.forEachRemaining(Spliterators.java:1024)
            at java.base@25.0.1/java.util.stream.AbstractPipeline.copyInto(AbstractPipeline.java:570)
            at java.base@25.0.1/java.util.stream.AbstractPipeline.wrapAndCopyInto(AbstractPipeline.java:560)
            at java.base@25.0.1/java.util.stream.ReduceOps$ReduceOp.evaluateSequential(ReduceOps.java:921)
            at java.base@25.0.1/java.util.stream.AbstractPipeline.evaluate(AbstractPipeline.java:265)
            at java.base@25.0.1/java.util.stream.ReferencePipeline.collect(ReferencePipeline.java:723)
            at app//org.junit.jupiter.api.AssertAll.assertAll(AssertAll.java:77)
            ... 4 more

XmlResultExportFidelityTest > unrepresentableValueOrColumnKeepsOldTargetCleansOwnedTempAndAllowsRetry(int, boolean) > code=11, column=true FAILED
    org.gradle.internal.exceptions.DefaultMultiCauseException: Multiple Failures (4 failures)
    	org.opentest4j.AssertionFailedError: expected: <XML_CHARACTER> but was: <PREPARE>
    	org.opentest4j.AssertionFailedError: expected: <Result export failed at XML_CHARACTER> but was: <Result export failed at PREPARE>
    	org.opentest4j.AssertionFailedError: expected: not <null>
    	java.lang.NullPointerException: Cannot invoke "java.nio.file.Path.getFileSystem()" because "path" is null
        at app//org.junit.jupiter.api.AssertAll.assertAll(AssertAll.java:80)
        at app//org.junit.jupiter.api.AssertAll.assertAll(AssertAll.java:44)
        at app//org.junit.jupiter.api.AssertAll.assertAll(AssertAll.java:38)
        at app//org.junit.jupiter.api.Assertions.assertAll(Assertions.java:2944)
        at app//com.datacube.export.XmlResultExportFidelityTest.unrepresentableValueOrColumnKeepsOldTargetCleansOwnedTempAndAllowsRetry(XmlResultExportFidelityTest.java:114)

        Caused by:
        org.opentest4j.AssertionFailedError: expected: <XML_CHARACTER> but was: <PREPARE>
            at app//org.junit.jupiter.api.AssertionFailureBuilder.build(AssertionFailureBuilder.java:151)
            at app//org.junit.jupiter.api.AssertionFailureBuilder.buildAndThrow(AssertionFailureBuilder.java:132)
            at app//org.junit.jupiter.api.AssertEquals.failNotEqual(AssertEquals.java:197)
            at app//org.junit.jupiter.api.AssertEquals.assertEquals(AssertEquals.java:182)
            at app//org.junit.jupiter.api.AssertEquals.assertEquals(AssertEquals.java:177)
            at app//org.junit.jupiter.api.Assertions.assertEquals(Assertions.java:1145)
            at app//com.datacube.export.XmlResultExportFidelityTest.lambda$unrepresentableValueOrColumnKeepsOldTargetCleansOwnedTempAndAllowsRetry$2(XmlResultExportFidelityTest.java:114)
            at app//org.junit.jupiter.api.AssertAll.lambda$assertAll$0(AssertAll.java:68)
            at java.base@25.0.1/java.util.stream.ReferencePipeline$3$1.accept(ReferencePipeline.java:214)
            at java.base@25.0.1/java.util.Spliterators$ArraySpliterator.forEachRemaining(Spliterators.java:1024)
            at java.base@25.0.1/java.util.stream.AbstractPipeline.copyInto(AbstractPipeline.java:570)
            at java.base@25.0.1/java.util.stream.AbstractPipeline.wrapAndCopyInto(AbstractPipeline.java:560)
            at java.base@25.0.1/java.util.stream.ReduceOps$ReduceOp.evaluateSequential(ReduceOps.java:921)
            at java.base@25.0.1/java.util.stream.AbstractPipeline.evaluate(AbstractPipeline.java:265)
            at java.base@25.0.1/java.util.stream.ReferencePipeline.collect(ReferencePipeline.java:723)
            at app//org.junit.jupiter.api.AssertAll.assertAll(AssertAll.java:77)
            ... 4 more

XmlResultExportFidelityTest > unrepresentableValueOrColumnKeepsOldTargetCleansOwnedTempAndAllowsRetry(int, boolean) > code=12, column=false FAILED
    org.gradle.internal.exceptions.DefaultMultiCauseException: Multiple Failures (4 failures)
    	org.opentest4j.AssertionFailedError: expected: <XML_CHARACTER> but was: <PREPARE>
    	org.opentest4j.AssertionFailedError: expected: <Result export failed at XML_CHARACTER> but was: <Result export failed at PREPARE>
    	org.opentest4j.AssertionFailedError: expected: not <null>
    	java.lang.NullPointerException: Cannot invoke "java.nio.file.Path.getFileSystem()" because "path" is null
        at app//org.junit.jupiter.api.AssertAll.assertAll(AssertAll.java:80)
        at app//org.junit.jupiter.api.AssertAll.assertAll(AssertAll.java:44)
        at app//org.junit.jupiter.api.AssertAll.assertAll(AssertAll.java:38)
        at app//org.junit.jupiter.api.Assertions.assertAll(Assertions.java:2944)
        at app//com.datacube.export.XmlResultExportFidelityTest.unrepresentableValueOrColumnKeepsOldTargetCleansOwnedTempAndAllowsRetry(XmlResultExportFidelityTest.java:114)

        Caused by:
        org.opentest4j.AssertionFailedError: expected: <XML_CHARACTER> but was: <PREPARE>
            at app//org.junit.jupiter.api.AssertionFailureBuilder.build(AssertionFailureBuilder.java:151)
            at app//org.junit.jupiter.api.AssertionFailureBuilder.buildAndThrow(AssertionFailureBuilder.java:132)
            at app//org.junit.jupiter.api.AssertEquals.failNotEqual(AssertEquals.java:197)
            at app//org.junit.jupiter.api.AssertEquals.assertEquals(AssertEquals.java:182)
            at app//org.junit.jupiter.api.AssertEquals.assertEquals(AssertEquals.java:177)
            at app//org.junit.jupiter.api.Assertions.assertEquals(Assertions.java:1145)
            at app//com.datacube.export.XmlResultExportFidelityTest.lambda$unrepresentableValueOrColumnKeepsOldTargetCleansOwnedTempAndAllowsRetry$2(XmlResultExportFidelityTest.java:114)
            at app//org.junit.jupiter.api.AssertAll.lambda$assertAll$0(AssertAll.java:68)
            at java.base@25.0.1/java.util.stream.ReferencePipeline$3$1.accept(ReferencePipeline.java:214)
            at java.base@25.0.1/java.util.Spliterators$ArraySpliterator.forEachRemaining(Spliterators.java:1024)
            at java.base@25.0.1/java.util.stream.AbstractPipeline.copyInto(AbstractPipeline.java:570)
            at java.base@25.0.1/java.util.stream.AbstractPipeline.wrapAndCopyInto(AbstractPipeline.java:560)
            at java.base@25.0.1/java.util.stream.ReduceOps$ReduceOp.evaluateSequential(ReduceOps.java:921)
            at java.base@25.0.1/java.util.stream.AbstractPipeline.evaluate(AbstractPipeline.java:265)
            at java.base@25.0.1/java.util.stream.ReferencePipeline.collect(ReferencePipeline.java:723)
            at app//org.junit.jupiter.api.AssertAll.assertAll(AssertAll.java:77)
            ... 4 more

XmlResultExportFidelityTest > unrepresentableValueOrColumnKeepsOldTargetCleansOwnedTempAndAllowsRetry(int, boolean) > code=12, column=true FAILED
    org.gradle.internal.exceptions.DefaultMultiCauseException: Multiple Failures (4 failures)
    	org.opentest4j.AssertionFailedError: expected: <XML_CHARACTER> but was: <PREPARE>
    	org.opentest4j.AssertionFailedError: expected: <Result export failed at XML_CHARACTER> but was: <Result export failed at PREPARE>
    	org.opentest4j.AssertionFailedError: expected: not <null>
    	java.lang.NullPointerException: Cannot invoke "java.nio.file.Path.getFileSystem()" because "path" is null
        at app//org.junit.jupiter.api.AssertAll.assertAll(AssertAll.java:80)
        at app//org.junit.jupiter.api.AssertAll.assertAll(AssertAll.java:44)
        at app//org.junit.jupiter.api.AssertAll.assertAll(AssertAll.java:38)
        at app//org.junit.jupiter.api.Assertions.assertAll(Assertions.java:2944)
        at app//com.datacube.export.XmlResultExportFidelityTest.unrepresentableValueOrColumnKeepsOldTargetCleansOwnedTempAndAllowsRetry(XmlResultExportFidelityTest.java:114)

        Caused by:
        org.opentest4j.AssertionFailedError: expected: <XML_CHARACTER> but was: <PREPARE>
            at app//org.junit.jupiter.api.AssertionFailureBuilder.build(AssertionFailureBuilder.java:151)
            at app//org.junit.jupiter.api.AssertionFailureBuilder.buildAndThrow(AssertionFailureBuilder.java:132)
            at app//org.junit.jupiter.api.AssertEquals.failNotEqual(AssertEquals.java:197)
            at app//org.junit.jupiter.api.AssertEquals.assertEquals(AssertEquals.java:182)
            at app//org.junit.jupiter.api.AssertEquals.assertEquals(AssertEquals.java:177)
            at app//org.junit.jupiter.api.Assertions.assertEquals(Assertions.java:1145)
            at app//com.datacube.export.XmlResultExportFidelityTest.lambda$unrepresentableValueOrColumnKeepsOldTargetCleansOwnedTempAndAllowsRetry$2(XmlResultExportFidelityTest.java:114)
            at app//org.junit.jupiter.api.AssertAll.lambda$assertAll$0(AssertAll.java:68)
            at java.base@25.0.1/java.util.stream.ReferencePipeline$3$1.accept(ReferencePipeline.java:214)
            at java.base@25.0.1/java.util.Spliterators$ArraySpliterator.forEachRemaining(Spliterators.java:1024)
            at java.base@25.0.1/java.util.stream.AbstractPipeline.copyInto(AbstractPipeline.java:570)
            at java.base@25.0.1/java.util.stream.AbstractPipeline.wrapAndCopyInto(AbstractPipeline.java:560)
            at java.base@25.0.1/java.util.stream.ReduceOps$ReduceOp.evaluateSequential(ReduceOps.java:921)
            at java.base@25.0.1/java.util.stream.AbstractPipeline.evaluate(AbstractPipeline.java:265)
            at java.base@25.0.1/java.util.stream.ReferencePipeline.collect(ReferencePipeline.java:723)
            at app//org.junit.jupiter.api.AssertAll.assertAll(AssertAll.java:77)
            ... 4 more

XmlResultExportFidelityTest > unrepresentableValueOrColumnKeepsOldTargetCleansOwnedTempAndAllowsRetry(int, boolean) > code=14, column=false FAILED
    org.gradle.internal.exceptions.DefaultMultiCauseException: Multiple Failures (4 failures)
    	org.opentest4j.AssertionFailedError: expected: <XML_CHARACTER> but was: <PREPARE>
    	org.opentest4j.AssertionFailedError: expected: <Result export failed at XML_CHARACTER> but was: <Result export failed at PREPARE>
    	org.opentest4j.AssertionFailedError: expected: not <null>
    	java.lang.NullPointerException: Cannot invoke "java.nio.file.Path.getFileSystem()" because "path" is null
        at app//org.junit.jupiter.api.AssertAll.assertAll(AssertAll.java:80)
        at app//org.junit.jupiter.api.AssertAll.assertAll(AssertAll.java:44)
        at app//org.junit.jupiter.api.AssertAll.assertAll(AssertAll.java:38)
        at app//org.junit.jupiter.api.Assertions.assertAll(Assertions.java:2944)
        at app//com.datacube.export.XmlResultExportFidelityTest.unrepresentableValueOrColumnKeepsOldTargetCleansOwnedTempAndAllowsRetry(XmlResultExportFidelityTest.java:114)

        Caused by:
        org.opentest4j.AssertionFailedError: expected: <XML_CHARACTER> but was: <PREPARE>
            at app//org.junit.jupiter.api.AssertionFailureBuilder.build(AssertionFailureBuilder.java:151)
            at app//org.junit.jupiter.api.AssertionFailureBuilder.buildAndThrow(AssertionFailureBuilder.java:132)
            at app//org.junit.jupiter.api.AssertEquals.failNotEqual(AssertEquals.java:197)
            at app//org.junit.jupiter.api.AssertEquals.assertEquals(AssertEquals.java:182)
            at app//org.junit.jupiter.api.AssertEquals.assertEquals(AssertEquals.java:177)
            at app//org.junit.jupiter.api.Assertions.assertEquals(Assertions.java:1145)
            at app//com.datacube.export.XmlResultExportFidelityTest.lambda$unrepresentableValueOrColumnKeepsOldTargetCleansOwnedTempAndAllowsRetry$2(XmlResultExportFidelityTest.java:114)
            at app//org.junit.jupiter.api.AssertAll.lambda$assertAll$0(AssertAll.java:68)
            at java.base@25.0.1/java.util.stream.ReferencePipeline$3$1.accept(ReferencePipeline.java:214)
            at java.base@25.0.1/java.util.Spliterators$ArraySpliterator.forEachRemaining(Spliterators.java:1024)
            at java.base@25.0.1/java.util.stream.AbstractPipeline.copyInto(AbstractPipeline.java:570)
            at java.base@25.0.1/java.util.stream.AbstractPipeline.wrapAndCopyInto(AbstractPipeline.java:560)
            at java.base@25.0.1/java.util.stream.ReduceOps$ReduceOp.evaluateSequential(ReduceOps.java:921)
            at java.base@25.0.1/java.util.stream.AbstractPipeline.evaluate(AbstractPipeline.java:265)
            at java.base@25.0.1/java.util.stream.ReferencePipeline.collect(ReferencePipeline.java:723)
            at app//org.junit.jupiter.api.AssertAll.assertAll(AssertAll.java:77)
            ... 4 more

XmlResultExportFidelityTest > unrepresentableValueOrColumnKeepsOldTargetCleansOwnedTempAndAllowsRetry(int, boolean) > code=14, column=true FAILED
    org.gradle.internal.exceptions.DefaultMultiCauseException: Multiple Failures (4 failures)
    	org.opentest4j.AssertionFailedError: expected: <XML_CHARACTER> but was: <PREPARE>
    	org.opentest4j.AssertionFailedError: expected: <Result export failed at XML_CHARACTER> but was: <Result export failed at PREPARE>
    	org.opentest4j.AssertionFailedError: expected: not <null>
    	java.lang.NullPointerException: Cannot invoke "java.nio.file.Path.getFileSystem()" because "path" is null
        at app//org.junit.jupiter.api.AssertAll.assertAll(AssertAll.java:80)
        at app//org.junit.jupiter.api.AssertAll.assertAll(AssertAll.java:44)
        at app//org.junit.jupiter.api.AssertAll.assertAll(AssertAll.java:38)
        at app//org.junit.jupiter.api.Assertions.assertAll(Assertions.java:2944)
        at app//com.datacube.export.XmlResultExportFidelityTest.unrepresentableValueOrColumnKeepsOldTargetCleansOwnedTempAndAllowsRetry(XmlResultExportFidelityTest.java:114)

        Caused by:
        org.opentest4j.AssertionFailedError: expected: <XML_CHARACTER> but was: <PREPARE>
            at app//org.junit.jupiter.api.AssertionFailureBuilder.build(AssertionFailureBuilder.java:151)
            at app//org.junit.jupiter.api.AssertionFailureBuilder.buildAndThrow(AssertionFailureBuilder.java:132)
            at app//org.junit.jupiter.api.AssertEquals.failNotEqual(AssertEquals.java:197)
            at app//org.junit.jupiter.api.AssertEquals.assertEquals(AssertEquals.java:182)
            at app//org.junit.jupiter.api.AssertEquals.assertEquals(AssertEquals.java:177)
            at app//org.junit.jupiter.api.Assertions.assertEquals(Assertions.java:1145)
            at app//com.datacube.export.XmlResultExportFidelityTest.lambda$unrepresentableValueOrColumnKeepsOldTargetCleansOwnedTempAndAllowsRetry$2(XmlResultExportFidelityTest.java:114)
            at app//org.junit.jupiter.api.AssertAll.lambda$assertAll$0(AssertAll.java:68)
            at java.base@25.0.1/java.util.stream.ReferencePipeline$3$1.accept(ReferencePipeline.java:214)
            at java.base@25.0.1/java.util.Spliterators$ArraySpliterator.forEachRemaining(Spliterators.java:1024)
            at java.base@25.0.1/java.util.stream.AbstractPipeline.copyInto(AbstractPipeline.java:570)
            at java.base@25.0.1/java.util.stream.AbstractPipeline.wrapAndCopyInto(AbstractPipeline.java:560)
            at java.base@25.0.1/java.util.stream.ReduceOps$ReduceOp.evaluateSequential(ReduceOps.java:921)
            at java.base@25.0.1/java.util.stream.AbstractPipeline.evaluate(AbstractPipeline.java:265)
            at java.base@25.0.1/java.util.stream.ReferencePipeline.collect(ReferencePipeline.java:723)
            at app//org.junit.jupiter.api.AssertAll.assertAll(AssertAll.java:77)
            ... 4 more

XmlResultExportFidelityTest > unrepresentableValueOrColumnKeepsOldTargetCleansOwnedTempAndAllowsRetry(int, boolean) > code=15, column=false FAILED
    org.gradle.internal.exceptions.DefaultMultiCauseException: Multiple Failures (4 failures)
    	org.opentest4j.AssertionFailedError: expected: <XML_CHARACTER> but was: <PREPARE>
    	org.opentest4j.AssertionFailedError: expected: <Result export failed at XML_CHARACTER> but was: <Result export failed at PREPARE>
    	org.opentest4j.AssertionFailedError: expected: not <null>
    	java.lang.NullPointerException: Cannot invoke "java.nio.file.Path.getFileSystem()" because "path" is null
        at app//org.junit.jupiter.api.AssertAll.assertAll(AssertAll.java:80)
        at app//org.junit.jupiter.api.AssertAll.assertAll(AssertAll.java:44)
        at app//org.junit.jupiter.api.AssertAll.assertAll(AssertAll.java:38)
        at app//org.junit.jupiter.api.Assertions.assertAll(Assertions.java:2944)
        at app//com.datacube.export.XmlResultExportFidelityTest.unrepresentableValueOrColumnKeepsOldTargetCleansOwnedTempAndAllowsRetry(XmlResultExportFidelityTest.java:114)

        Caused by:
        org.opentest4j.AssertionFailedError: expected: <XML_CHARACTER> but was: <PREPARE>
            at app//org.junit.jupiter.api.AssertionFailureBuilder.build(AssertionFailureBuilder.java:151)
            at app//org.junit.jupiter.api.AssertionFailureBuilder.buildAndThrow(AssertionFailureBuilder.java:132)
            at app//org.junit.jupiter.api.AssertEquals.failNotEqual(AssertEquals.java:197)
            at app//org.junit.jupiter.api.AssertEquals.assertEquals(AssertEquals.java:182)
            at app//org.junit.jupiter.api.AssertEquals.assertEquals(AssertEquals.java:177)
            at app//org.junit.jupiter.api.Assertions.assertEquals(Assertions.java:1145)
            at app//com.datacube.export.XmlResultExportFidelityTest.lambda$unrepresentableValueOrColumnKeepsOldTargetCleansOwnedTempAndAllowsRetry$2(XmlResultExportFidelityTest.java:114)
            at app//org.junit.jupiter.api.AssertAll.lambda$assertAll$0(AssertAll.java:68)
            at java.base@25.0.1/java.util.stream.ReferencePipeline$3$1.accept(ReferencePipeline.java:214)
            at java.base@25.0.1/java.util.Spliterators$ArraySpliterator.forEachRemaining(Spliterators.java:1024)
            at java.base@25.0.1/java.util.stream.AbstractPipeline.copyInto(AbstractPipeline.java:570)
            at java.base@25.0.1/java.util.stream.AbstractPipeline.wrapAndCopyInto(AbstractPipeline.java:560)
            at java.base@25.0.1/java.util.stream.ReduceOps$ReduceOp.evaluateSequential(ReduceOps.java:921)
            at java.base@25.0.1/java.util.stream.AbstractPipeline.evaluate(AbstractPipeline.java:265)
            at java.base@25.0.1/java.util.stream.ReferencePipeline.collect(ReferencePipeline.java:723)
            at app//org.junit.jupiter.api.AssertAll.assertAll(AssertAll.java:77)
            ... 4 more

XmlResultExportFidelityTest > unrepresentableValueOrColumnKeepsOldTargetCleansOwnedTempAndAllowsRetry(int, boolean) > code=15, column=true FAILED
    org.gradle.internal.exceptions.DefaultMultiCauseException: Multiple Failures (4 failures)
    	org.opentest4j.AssertionFailedError: expected: <XML_CHARACTER> but was: <PREPARE>
    	org.opentest4j.AssertionFailedError: expected: <Result export failed at XML_CHARACTER> but was: <Result export failed at PREPARE>
    	org.opentest4j.AssertionFailedError: expected: not <null>
    	java.lang.NullPointerException: Cannot invoke "java.nio.file.Path.getFileSystem()" because "path" is null
        at app//org.junit.jupiter.api.AssertAll.assertAll(AssertAll.java:80)
        at app//org.junit.jupiter.api.AssertAll.assertAll(AssertAll.java:44)
        at app//org.junit.jupiter.api.AssertAll.assertAll(AssertAll.java:38)
        at app//org.junit.jupiter.api.Assertions.assertAll(Assertions.java:2944)
        at app//com.datacube.export.XmlResultExportFidelityTest.unrepresentableValueOrColumnKeepsOldTargetCleansOwnedTempAndAllowsRetry(XmlResultExportFidelityTest.java:114)

        Caused by:
        org.opentest4j.AssertionFailedError: expected: <XML_CHARACTER> but was: <PREPARE>
            at app//org.junit.jupiter.api.AssertionFailureBuilder.build(AssertionFailureBuilder.java:151)
            at app//org.junit.jupiter.api.AssertionFailureBuilder.buildAndThrow(AssertionFailureBuilder.java:132)
            at app//org.junit.jupiter.api.AssertEquals.failNotEqual(AssertEquals.java:197)
            at app//org.junit.jupiter.api.AssertEquals.assertEquals(AssertEquals.java:182)
            at app//org.junit.jupiter.api.AssertEquals.assertEquals(AssertEquals.java:177)
            at app//org.junit.jupiter.api.Assertions.assertEquals(Assertions.java:1145)
            at app//com.datacube.export.XmlResultExportFidelityTest.lambda$unrepresentableValueOrColumnKeepsOldTargetCleansOwnedTempAndAllowsRetry$2(XmlResultExportFidelityTest.java:114)
            at app//org.junit.jupiter.api.AssertAll.lambda$assertAll$0(AssertAll.java:68)
            at java.base@25.0.1/java.util.stream.ReferencePipeline$3$1.accept(ReferencePipeline.java:214)
            at java.base@25.0.1/java.util.Spliterators$ArraySpliterator.forEachRemaining(Spliterators.java:1024)
            at java.base@25.0.1/java.util.stream.AbstractPipeline.copyInto(AbstractPipeline.java:570)
            at java.base@25.0.1/java.util.stream.AbstractPipeline.wrapAndCopyInto(AbstractPipeline.java:560)
            at java.base@25.0.1/java.util.stream.ReduceOps$ReduceOp.evaluateSequential(ReduceOps.java:921)
            at java.base@25.0.1/java.util.stream.AbstractPipeline.evaluate(AbstractPipeline.java:265)
            at java.base@25.0.1/java.util.stream.ReferencePipeline.collect(ReferencePipeline.java:723)
            at app//org.junit.jupiter.api.AssertAll.assertAll(AssertAll.java:77)
            ... 4 more

XmlResultExportFidelityTest > unrepresentableValueOrColumnKeepsOldTargetCleansOwnedTempAndAllowsRetry(int, boolean) > code=16, column=false FAILED
    org.gradle.internal.exceptions.DefaultMultiCauseException: Multiple Failures (4 failures)
    	org.opentest4j.AssertionFailedError: expected: <XML_CHARACTER> but was: <PREPARE>
    	org.opentest4j.AssertionFailedError: expected: <Result export failed at XML_CHARACTER> but was: <Result export failed at PREPARE>
    	org.opentest4j.AssertionFailedError: expected: not <null>
    	java.lang.NullPointerException: Cannot invoke "java.nio.file.Path.getFileSystem()" because "path" is null
        at app//org.junit.jupiter.api.AssertAll.assertAll(AssertAll.java:80)
        at app//org.junit.jupiter.api.AssertAll.assertAll(AssertAll.java:44)
        at app//org.junit.jupiter.api.AssertAll.assertAll(AssertAll.java:38)
        at app//org.junit.jupiter.api.Assertions.assertAll(Assertions.java:2944)
        at app//com.datacube.export.XmlResultExportFidelityTest.unrepresentableValueOrColumnKeepsOldTargetCleansOwnedTempAndAllowsRetry(XmlResultExportFidelityTest.java:114)

        Caused by:
        org.opentest4j.AssertionFailedError: expected: <XML_CHARACTER> but was: <PREPARE>
            at app//org.junit.jupiter.api.AssertionFailureBuilder.build(AssertionFailureBuilder.java:151)
            at app//org.junit.jupiter.api.AssertionFailureBuilder.buildAndThrow(AssertionFailureBuilder.java:132)
            at app//org.junit.jupiter.api.AssertEquals.failNotEqual(AssertEquals.java:197)
            at app//org.junit.jupiter.api.AssertEquals.assertEquals(AssertEquals.java:182)
            at app//org.junit.jupiter.api.AssertEquals.assertEquals(AssertEquals.java:177)
            at app//org.junit.jupiter.api.Assertions.assertEquals(Assertions.java:1145)
            at app//com.datacube.export.XmlResultExportFidelityTest.lambda$unrepresentableValueOrColumnKeepsOldTargetCleansOwnedTempAndAllowsRetry$2(XmlResultExportFidelityTest.java:114)
            at app//org.junit.jupiter.api.AssertAll.lambda$assertAll$0(AssertAll.java:68)
            at java.base@25.0.1/java.util.stream.ReferencePipeline$3$1.accept(ReferencePipeline.java:214)
            at java.base@25.0.1/java.util.Spliterators$ArraySpliterator.forEachRemaining(Spliterators.java:1024)
            at java.base@25.0.1/java.util.stream.AbstractPipeline.copyInto(AbstractPipeline.java:570)
            at java.base@25.0.1/java.util.stream.AbstractPipeline.wrapAndCopyInto(AbstractPipeline.java:560)
            at java.base@25.0.1/java.util.stream.ReduceOps$ReduceOp.evaluateSequential(ReduceOps.java:921)
            at java.base@25.0.1/java.util.stream.AbstractPipeline.evaluate(AbstractPipeline.java:265)
            at java.base@25.0.1/java.util.stream.ReferencePipeline.collect(ReferencePipeline.java:723)
            at app//org.junit.jupiter.api.AssertAll.assertAll(AssertAll.java:77)
            ... 4 more

XmlResultExportFidelityTest > unrepresentableValueOrColumnKeepsOldTargetCleansOwnedTempAndAllowsRetry(int, boolean) > code=16, column=true FAILED
    org.gradle.internal.exceptions.DefaultMultiCauseException: Multiple Failures (4 failures)
    	org.opentest4j.AssertionFailedError: expected: <XML_CHARACTER> but was: <PREPARE>
    	org.opentest4j.AssertionFailedError: expected: <Result export failed at XML_CHARACTER> but was: <Result export failed at PREPARE>
    	org.opentest4j.AssertionFailedError: expected: not <null>
    	java.lang.NullPointerException: Cannot invoke "java.nio.file.Path.getFileSystem()" because "path" is null
        at app//org.junit.jupiter.api.AssertAll.assertAll(AssertAll.java:80)
        at app//org.junit.jupiter.api.AssertAll.assertAll(AssertAll.java:44)
        at app//org.junit.jupiter.api.AssertAll.assertAll(AssertAll.java:38)
        at app//org.junit.jupiter.api.Assertions.assertAll(Assertions.java:2944)
        at app//com.datacube.export.XmlResultExportFidelityTest.unrepresentableValueOrColumnKeepsOldTargetCleansOwnedTempAndAllowsRetry(XmlResultExportFidelityTest.java:114)

        Caused by:
        org.opentest4j.AssertionFailedError: expected: <XML_CHARACTER> but was: <PREPARE>
            at app//org.junit.jupiter.api.AssertionFailureBuilder.build(AssertionFailureBuilder.java:151)
            at app//org.junit.jupiter.api.AssertionFailureBuilder.buildAndThrow(AssertionFailureBuilder.java:132)
            at app//org.junit.jupiter.api.AssertEquals.failNotEqual(AssertEquals.java:197)
            at app//org.junit.jupiter.api.AssertEquals.assertEquals(AssertEquals.java:182)
            at app//org.junit.jupiter.api.AssertEquals.assertEquals(AssertEquals.java:177)
            at app//org.junit.jupiter.api.Assertions.assertEquals(Assertions.java:1145)
            at app//com.datacube.export.XmlResultExportFidelityTest.lambda$unrepresentableValueOrColumnKeepsOldTargetCleansOwnedTempAndAllowsRetry$2(XmlResultExportFidelityTest.java:114)
            at app//org.junit.jupiter.api.AssertAll.lambda$assertAll$0(AssertAll.java:68)
            at java.base@25.0.1/java.util.stream.ReferencePipeline$3$1.accept(ReferencePipeline.java:214)
            at java.base@25.0.1/java.util.Spliterators$ArraySpliterator.forEachRemaining(Spliterators.java:1024)
            at java.base@25.0.1/java.util.stream.AbstractPipeline.copyInto(AbstractPipeline.java:570)
            at java.base@25.0.1/java.util.stream.AbstractPipeline.wrapAndCopyInto(AbstractPipeline.java:560)
            at java.base@25.0.1/java.util.stream.ReduceOps$ReduceOp.evaluateSequential(ReduceOps.java:921)
            at java.base@25.0.1/java.util.stream.AbstractPipeline.evaluate(AbstractPipeline.java:265)
            at java.base@25.0.1/java.util.stream.ReferencePipeline.collect(ReferencePipeline.java:723)
            at app//org.junit.jupiter.api.AssertAll.assertAll(AssertAll.java:77)
            ... 4 more

XmlResultExportFidelityTest > unrepresentableValueOrColumnKeepsOldTargetCleansOwnedTempAndAllowsRetry(int, boolean) > code=17, column=false FAILED
    org.gradle.internal.exceptions.DefaultMultiCauseException: Multiple Failures (4 failures)
    	org.opentest4j.AssertionFailedError: expected: <XML_CHARACTER> but was: <PREPARE>
    	org.opentest4j.AssertionFailedError: expected: <Result export failed at XML_CHARACTER> but was: <Result export failed at PREPARE>
    	org.opentest4j.AssertionFailedError: expected: not <null>
    	java.lang.NullPointerException: Cannot invoke "java.nio.file.Path.getFileSystem()" because "path" is null
        at app//org.junit.jupiter.api.AssertAll.assertAll(AssertAll.java:80)
        at app//org.junit.jupiter.api.AssertAll.assertAll(AssertAll.java:44)
        at app//org.junit.jupiter.api.AssertAll.assertAll(AssertAll.java:38)
        at app//org.junit.jupiter.api.Assertions.assertAll(Assertions.java:2944)
        at app//com.datacube.export.XmlResultExportFidelityTest.unrepresentableValueOrColumnKeepsOldTargetCleansOwnedTempAndAllowsRetry(XmlResultExportFidelityTest.java:114)

        Caused by:
        org.opentest4j.AssertionFailedError: expected: <XML_CHARACTER> but was: <PREPARE>
            at app//org.junit.jupiter.api.AssertionFailureBuilder.build(AssertionFailureBuilder.java:151)
            at app//org.junit.jupiter.api.AssertionFailureBuilder.buildAndThrow(AssertionFailureBuilder.java:132)
            at app//org.junit.jupiter.api.AssertEquals.failNotEqual(AssertEquals.java:197)
            at app//org.junit.jupiter.api.AssertEquals.assertEquals(AssertEquals.java:182)
            at app//org.junit.jupiter.api.AssertEquals.assertEquals(AssertEquals.java:177)
            at app//org.junit.jupiter.api.Assertions.assertEquals(Assertions.java:1145)
            at app//com.datacube.export.XmlResultExportFidelityTest.lambda$unrepresentableValueOrColumnKeepsOldTargetCleansOwnedTempAndAllowsRetry$2(XmlResultExportFidelityTest.java:114)
            at app//org.junit.jupiter.api.AssertAll.lambda$assertAll$0(AssertAll.java:68)
            at java.base@25.0.1/java.util.stream.ReferencePipeline$3$1.accept(ReferencePipeline.java:214)
            at java.base@25.0.1/java.util.Spliterators$ArraySpliterator.forEachRemaining(Spliterators.java:1024)
            at java.base@25.0.1/java.util.stream.AbstractPipeline.copyInto(AbstractPipeline.java:570)
            at java.base@25.0.1/java.util.stream.AbstractPipeline.wrapAndCopyInto(AbstractPipeline.java:560)
            at java.base@25.0.1/java.util.stream.ReduceOps$ReduceOp.evaluateSequential(ReduceOps.java:921)
            at java.base@25.0.1/java.util.stream.AbstractPipeline.evaluate(AbstractPipeline.java:265)
            at java.base@25.0.1/java.util.stream.ReferencePipeline.collect(ReferencePipeline.java:723)
            at app//org.junit.jupiter.api.AssertAll.assertAll(AssertAll.java:77)
            ... 4 more

XmlResultExportFidelityTest > unrepresentableValueOrColumnKeepsOldTargetCleansOwnedTempAndAllowsRetry(int, boolean) > code=17, column=true FAILED
    org.gradle.internal.exceptions.DefaultMultiCauseException: Multiple Failures (4 failures)
    	org.opentest4j.AssertionFailedError: expected: <XML_CHARACTER> but was: <PREPARE>
    	org.opentest4j.AssertionFailedError: expected: <Result export failed at XML_CHARACTER> but was: <Result export failed at PREPARE>
    	org.opentest4j.AssertionFailedError: expected: not <null>
    	java.lang.NullPointerException: Cannot invoke "java.nio.file.Path.getFileSystem()" because "path" is null
        at app//org.junit.jupiter.api.AssertAll.assertAll(AssertAll.java:80)
        at app//org.junit.jupiter.api.AssertAll.assertAll(AssertAll.java:44)
        at app//org.junit.jupiter.api.AssertAll.assertAll(AssertAll.java:38)
        at app//org.junit.jupiter.api.Assertions.assertAll(Assertions.java:2944)
        at app//com.datacube.export.XmlResultExportFidelityTest.unrepresentableValueOrColumnKeepsOldTargetCleansOwnedTempAndAllowsRetry(XmlResultExportFidelityTest.java:114)

        Caused by:
        org.opentest4j.AssertionFailedError: expected: <XML_CHARACTER> but was: <PREPARE>
            at app//org.junit.jupiter.api.AssertionFailureBuilder.build(AssertionFailureBuilder.java:151)
            at app//org.junit.jupiter.api.AssertionFailureBuilder.buildAndThrow(AssertionFailureBuilder.java:132)
            at app//org.junit.jupiter.api.AssertEquals.failNotEqual(AssertEquals.java:197)
            at app//org.junit.jupiter.api.AssertEquals.assertEquals(AssertEquals.java:182)
            at app//org.junit.jupiter.api.AssertEquals.assertEquals(AssertEquals.java:177)
            at app//org.junit.jupiter.api.Assertions.assertEquals(Assertions.java:1145)
            at app//com.datacube.export.XmlResultExportFidelityTest.lambda$unrepresentableValueOrColumnKeepsOldTargetCleansOwnedTempAndAllowsRetry$2(XmlResultExportFidelityTest.java:114)
            at app//org.junit.jupiter.api.AssertAll.lambda$assertAll$0(AssertAll.java:68)
            at java.base@25.0.1/java.util.stream.ReferencePipeline$3$1.accept(ReferencePipeline.java:214)
            at java.base@25.0.1/java.util.Spliterators$ArraySpliterator.forEachRemaining(Spliterators.java:1024)
            at java.base@25.0.1/java.util.stream.AbstractPipeline.copyInto(AbstractPipeline.java:570)
            at java.base@25.0.1/java.util.stream.AbstractPipeline.wrapAndCopyInto(AbstractPipeline.java:560)
            at java.base@25.0.1/java.util.stream.ReduceOps$ReduceOp.evaluateSequential(ReduceOps.java:921)
            at java.base@25.0.1/java.util.stream.AbstractPipeline.evaluate(AbstractPipeline.java:265)
            at java.base@25.0.1/java.util.stream.ReferencePipeline.collect(ReferencePipeline.java:723)
            at app//org.junit.jupiter.api.AssertAll.assertAll(AssertAll.java:77)
            ... 4 more

XmlResultExportFidelityTest > unrepresentableValueOrColumnKeepsOldTargetCleansOwnedTempAndAllowsRetry(int, boolean) > code=18, column=false FAILED
    org.gradle.internal.exceptions.DefaultMultiCauseException: Multiple Failures (4 failures)
    	org.opentest4j.AssertionFailedError: expected: <XML_CHARACTER> but was: <PREPARE>
    	org.opentest4j.AssertionFailedError: expected: <Result export failed at XML_CHARACTER> but was: <Result export failed at PREPARE>
    	org.opentest4j.AssertionFailedError: expected: not <null>
    	java.lang.NullPointerException: Cannot invoke "java.nio.file.Path.getFileSystem()" because "path" is null
        at app//org.junit.jupiter.api.AssertAll.assertAll(AssertAll.java:80)
        at app//org.junit.jupiter.api.AssertAll.assertAll(AssertAll.java:44)
        at app//org.junit.jupiter.api.AssertAll.assertAll(AssertAll.java:38)
        at app//org.junit.jupiter.api.Assertions.assertAll(Assertions.java:2944)
        at app//com.datacube.export.XmlResultExportFidelityTest.unrepresentableValueOrColumnKeepsOldTargetCleansOwnedTempAndAllowsRetry(XmlResultExportFidelityTest.java:114)

        Caused by:
        org.opentest4j.AssertionFailedError: expected: <XML_CHARACTER> but was: <PREPARE>
            at app//org.junit.jupiter.api.AssertionFailureBuilder.build(AssertionFailureBuilder.java:151)
            at app//org.junit.jupiter.api.AssertionFailureBuilder.buildAndThrow(AssertionFailureBuilder.java:132)
            at app//org.junit.jupiter.api.AssertEquals.failNotEqual(AssertEquals.java:197)
            at app//org.junit.jupiter.api.AssertEquals.assertEquals(AssertEquals.java:182)
            at app//org.junit.jupiter.api.AssertEquals.assertEquals(AssertEquals.java:177)
            at app//org.junit.jupiter.api.Assertions.assertEquals(Assertions.java:1145)
            at app//com.datacube.export.XmlResultExportFidelityTest.lambda$unrepresentableValueOrColumnKeepsOldTargetCleansOwnedTempAndAllowsRetry$2(XmlResultExportFidelityTest.java:114)
            at app//org.junit.jupiter.api.AssertAll.lambda$assertAll$0(AssertAll.java:68)
            at java.base@25.0.1/java.util.stream.ReferencePipeline$3$1.accept(ReferencePipeline.java:214)
            at java.base@25.0.1/java.util.Spliterators$ArraySpliterator.forEachRemaining(Spliterators.java:1024)
            at java.base@25.0.1/java.util.stream.AbstractPipeline.copyInto(AbstractPipeline.java:570)
            at java.base@25.0.1/java.util.stream.AbstractPipeline.wrapAndCopyInto(AbstractPipeline.java:560)
            at java.base@25.0.1/java.util.stream.ReduceOps$ReduceOp.evaluateSequential(ReduceOps.java:921)
            at java.base@25.0.1/java.util.stream.AbstractPipeline.evaluate(AbstractPipeline.java:265)
            at java.base@25.0.1/java.util.stream.ReferencePipeline.collect(ReferencePipeline.java:723)
            at app//org.junit.jupiter.api.AssertAll.assertAll(AssertAll.java:77)
            ... 4 more

XmlResultExportFidelityTest > unrepresentableValueOrColumnKeepsOldTargetCleansOwnedTempAndAllowsRetry(int, boolean) > code=18, column=true FAILED
    org.gradle.internal.exceptions.DefaultMultiCauseException: Multiple Failures (4 failures)
    	org.opentest4j.AssertionFailedError: expected: <XML_CHARACTER> but was: <PREPARE>
    	org.opentest4j.AssertionFailedError: expected: <Result export failed at XML_CHARACTER> but was: <Result export failed at PREPARE>
    	org.opentest4j.AssertionFailedError: expected: not <null>
    	java.lang.NullPointerException: Cannot invoke "java.nio.file.Path.getFileSystem()" because "path" is null
        at app//org.junit.jupiter.api.AssertAll.assertAll(AssertAll.java:80)
        at app//org.junit.jupiter.api.AssertAll.assertAll(AssertAll.java:44)
        at app//org.junit.jupiter.api.AssertAll.assertAll(AssertAll.java:38)
        at app//org.junit.jupiter.api.Assertions.assertAll(Assertions.java:2944)
        at app//com.datacube.export.XmlResultExportFidelityTest.unrepresentableValueOrColumnKeepsOldTargetCleansOwnedTempAndAllowsRetry(XmlResultExportFidelityTest.java:114)

        Caused by:
        org.opentest4j.AssertionFailedError: expected: <XML_CHARACTER> but was: <PREPARE>
            at app//org.junit.jupiter.api.AssertionFailureBuilder.build(AssertionFailureBuilder.java:151)
            at app//org.junit.jupiter.api.AssertionFailureBuilder.buildAndThrow(AssertionFailureBuilder.java:132)
            at app//org.junit.jupiter.api.AssertEquals.failNotEqual(AssertEquals.java:197)
            at app//org.junit.jupiter.api.AssertEquals.assertEquals(AssertEquals.java:182)
            at app//org.junit.jupiter.api.AssertEquals.assertEquals(AssertEquals.java:177)
            at app//org.junit.jupiter.api.Assertions.assertEquals(Assertions.java:1145)
            at app//com.datacube.export.XmlResultExportFidelityTest.lambda$unrepresentableValueOrColumnKeepsOldTargetCleansOwnedTempAndAllowsRetry$2(XmlResultExportFidelityTest.java:114)
            at app//org.junit.jupiter.api.AssertAll.lambda$assertAll$0(AssertAll.java:68)
            at java.base@25.0.1/java.util.stream.ReferencePipeline$3$1.accept(ReferencePipeline.java:214)
            at java.base@25.0.1/java.util.Spliterators$ArraySpliterator.forEachRemaining(Spliterators.java:1024)
            at java.base@25.0.1/java.util.stream.AbstractPipeline.copyInto(AbstractPipeline.java:570)
            at java.base@25.0.1/java.util.stream.AbstractPipeline.wrapAndCopyInto(AbstractPipeline.java:560)
            at java.base@25.0.1/java.util.stream.ReduceOps$ReduceOp.evaluateSequential(ReduceOps.java:921)
            at java.base@25.0.1/java.util.stream.AbstractPipeline.evaluate(AbstractPipeline.java:265)
            at java.base@25.0.1/java.util.stream.ReferencePipeline.collect(ReferencePipeline.java:723)
            at app//org.junit.jupiter.api.AssertAll.assertAll(AssertAll.java:77)
            ... 4 more

XmlResultExportFidelityTest > unrepresentableValueOrColumnKeepsOldTargetCleansOwnedTempAndAllowsRetry(int, boolean) > code=19, column=false FAILED
    org.gradle.internal.exceptions.DefaultMultiCauseException: Multiple Failures (4 failures)
    	org.opentest4j.AssertionFailedError: expected: <XML_CHARACTER> but was: <PREPARE>
    	org.opentest4j.AssertionFailedError: expected: <Result export failed at XML_CHARACTER> but was: <Result export failed at PREPARE>
    	org.opentest4j.AssertionFailedError: expected: not <null>
    	java.lang.NullPointerException: Cannot invoke "java.nio.file.Path.getFileSystem()" because "path" is null
        at app//org.junit.jupiter.api.AssertAll.assertAll(AssertAll.java:80)
        at app//org.junit.jupiter.api.AssertAll.assertAll(AssertAll.java:44)
        at app//org.junit.jupiter.api.AssertAll.assertAll(AssertAll.java:38)
        at app//org.junit.jupiter.api.Assertions.assertAll(Assertions.java:2944)
        at app//com.datacube.export.XmlResultExportFidelityTest.unrepresentableValueOrColumnKeepsOldTargetCleansOwnedTempAndAllowsRetry(XmlResultExportFidelityTest.java:114)

        Caused by:
        org.opentest4j.AssertionFailedError: expected: <XML_CHARACTER> but was: <PREPARE>
            at app//org.junit.jupiter.api.AssertionFailureBuilder.build(AssertionFailureBuilder.java:151)
            at app//org.junit.jupiter.api.AssertionFailureBuilder.buildAndThrow(AssertionFailureBuilder.java:132)
            at app//org.junit.jupiter.api.AssertEquals.failNotEqual(AssertEquals.java:197)
            at app//org.junit.jupiter.api.AssertEquals.assertEquals(AssertEquals.java:182)
            at app//org.junit.jupiter.api.AssertEquals.assertEquals(AssertEquals.java:177)
            at app//org.junit.jupiter.api.Assertions.assertEquals(Assertions.java:1145)
            at app//com.datacube.export.XmlResultExportFidelityTest.lambda$unrepresentableValueOrColumnKeepsOldTargetCleansOwnedTempAndAllowsRetry$2(XmlResultExportFidelityTest.java:114)
            at app//org.junit.jupiter.api.AssertAll.lambda$assertAll$0(AssertAll.java:68)
            at java.base@25.0.1/java.util.stream.ReferencePipeline$3$1.accept(ReferencePipeline.java:214)
            at java.base@25.0.1/java.util.Spliterators$ArraySpliterator.forEachRemaining(Spliterators.java:1024)
            at java.base@25.0.1/java.util.stream.AbstractPipeline.copyInto(AbstractPipeline.java:570)
            at java.base@25.0.1/java.util.stream.AbstractPipeline.wrapAndCopyInto(AbstractPipeline.java:560)
            at java.base@25.0.1/java.util.stream.ReduceOps$ReduceOp.evaluateSequential(ReduceOps.java:921)
            at java.base@25.0.1/java.util.stream.AbstractPipeline.evaluate(AbstractPipeline.java:265)
            at java.base@25.0.1/java.util.stream.ReferencePipeline.collect(ReferencePipeline.java:723)
            at app//org.junit.jupiter.api.AssertAll.assertAll(AssertAll.java:77)
            ... 4 more

XmlResultExportFidelityTest > unrepresentableValueOrColumnKeepsOldTargetCleansOwnedTempAndAllowsRetry(int, boolean) > code=19, column=true FAILED
    org.gradle.internal.exceptions.DefaultMultiCauseException: Multiple Failures (4 failures)
    	org.opentest4j.AssertionFailedError: expected: <XML_CHARACTER> but was: <PREPARE>
    	org.opentest4j.AssertionFailedError: expected: <Result export failed at XML_CHARACTER> but was: <Result export failed at PREPARE>
    	org.opentest4j.AssertionFailedError: expected: not <null>
    	java.lang.NullPointerException: Cannot invoke "java.nio.file.Path.getFileSystem()" because "path" is null
        at app//org.junit.jupiter.api.AssertAll.assertAll(AssertAll.java:80)
        at app//org.junit.jupiter.api.AssertAll.assertAll(AssertAll.java:44)
        at app//org.junit.jupiter.api.AssertAll.assertAll(AssertAll.java:38)
        at app//org.junit.jupiter.api.Assertions.assertAll(Assertions.java:2944)
        at app//com.datacube.export.XmlResultExportFidelityTest.unrepresentableValueOrColumnKeepsOldTargetCleansOwnedTempAndAllowsRetry(XmlResultExportFidelityTest.java:114)

        Caused by:
        org.opentest4j.AssertionFailedError: expected: <XML_CHARACTER> but was: <PREPARE>
            at app//org.junit.jupiter.api.AssertionFailureBuilder.build(AssertionFailureBuilder.java:151)
            at app//org.junit.jupiter.api.AssertionFailureBuilder.buildAndThrow(AssertionFailureBuilder.java:132)
            at app//org.junit.jupiter.api.AssertEquals.failNotEqual(AssertEquals.java:197)
            at app//org.junit.jupiter.api.AssertEquals.assertEquals(AssertEquals.java:182)
            at app//org.junit.jupiter.api.AssertEquals.assertEquals(AssertEquals.java:177)
            at app//org.junit.jupiter.api.Assertions.assertEquals(Assertions.java:1145)
            at app//com.datacube.export.XmlResultExportFidelityTest.lambda$unrepresentableValueOrColumnKeepsOldTargetCleansOwnedTempAndAllowsRetry$2(XmlResultExportFidelityTest.java:114)
            at app//org.junit.jupiter.api.AssertAll.lambda$assertAll$0(AssertAll.java:68)
            at java.base@25.0.1/java.util.stream.ReferencePipeline$3$1.accept(ReferencePipeline.java:214)
            at java.base@25.0.1/java.util.Spliterators$ArraySpliterator.forEachRemaining(Spliterators.java:1024)
            at java.base@25.0.1/java.util.stream.AbstractPipeline.copyInto(AbstractPipeline.java:570)
            at java.base@25.0.1/java.util.stream.AbstractPipeline.wrapAndCopyInto(AbstractPipeline.java:560)
            at java.base@25.0.1/java.util.stream.ReduceOps$ReduceOp.evaluateSequential(ReduceOps.java:921)
            at java.base@25.0.1/java.util.stream.AbstractPipeline.evaluate(AbstractPipeline.java:265)
            at java.base@25.0.1/java.util.stream.ReferencePipeline.collect(ReferencePipeline.java:723)
            at app//org.junit.jupiter.api.AssertAll.assertAll(AssertAll.java:77)
            ... 4 more

XmlResultExportFidelityTest > unrepresentableValueOrColumnKeepsOldTargetCleansOwnedTempAndAllowsRetry(int, boolean) > code=20, column=false FAILED
    org.gradle.internal.exceptions.DefaultMultiCauseException: Multiple Failures (4 failures)
    	org.opentest4j.AssertionFailedError: expected: <XML_CHARACTER> but was: <PREPARE>
    	org.opentest4j.AssertionFailedError: expected: <Result export failed at XML_CHARACTER> but was: <Result export failed at PREPARE>
    	org.opentest4j.AssertionFailedError: expected: not <null>
    	java.lang.NullPointerException: Cannot invoke "java.nio.file.Path.getFileSystem()" because "path" is null
        at app//org.junit.jupiter.api.AssertAll.assertAll(AssertAll.java:80)
        at app//org.junit.jupiter.api.AssertAll.assertAll(AssertAll.java:44)
        at app//org.junit.jupiter.api.AssertAll.assertAll(AssertAll.java:38)
        at app//org.junit.jupiter.api.Assertions.assertAll(Assertions.java:2944)
        at app//com.datacube.export.XmlResultExportFidelityTest.unrepresentableValueOrColumnKeepsOldTargetCleansOwnedTempAndAllowsRetry(XmlResultExportFidelityTest.java:114)

        Caused by:
        org.opentest4j.AssertionFailedError: expected: <XML_CHARACTER> but was: <PREPARE>
            at app//org.junit.jupiter.api.AssertionFailureBuilder.build(AssertionFailureBuilder.java:151)
            at app//org.junit.jupiter.api.AssertionFailureBuilder.buildAndThrow(AssertionFailureBuilder.java:132)
            at app//org.junit.jupiter.api.AssertEquals.failNotEqual(AssertEquals.java:197)
            at app//org.junit.jupiter.api.AssertEquals.assertEquals(AssertEquals.java:182)
            at app//org.junit.jupiter.api.AssertEquals.assertEquals(AssertEquals.java:177)
            at app//org.junit.jupiter.api.Assertions.assertEquals(Assertions.java:1145)
            at app//com.datacube.export.XmlResultExportFidelityTest.lambda$unrepresentableValueOrColumnKeepsOldTargetCleansOwnedTempAndAllowsRetry$2(XmlResultExportFidelityTest.java:114)
            at app//org.junit.jupiter.api.AssertAll.lambda$assertAll$0(AssertAll.java:68)
            at java.base@25.0.1/java.util.stream.ReferencePipeline$3$1.accept(ReferencePipeline.java:214)
            at java.base@25.0.1/java.util.Spliterators$ArraySpliterator.forEachRemaining(Spliterators.java:1024)
            at java.base@25.0.1/java.util.stream.AbstractPipeline.copyInto(AbstractPipeline.java:570)
            at java.base@25.0.1/java.util.stream.AbstractPipeline.wrapAndCopyInto(AbstractPipeline.java:560)
            at java.base@25.0.1/java.util.stream.ReduceOps$ReduceOp.evaluateSequential(ReduceOps.java:921)
            at java.base@25.0.1/java.util.stream.AbstractPipeline.evaluate(AbstractPipeline.java:265)
            at java.base@25.0.1/java.util.stream.ReferencePipeline.collect(ReferencePipeline.java:723)
            at app//org.junit.jupiter.api.AssertAll.assertAll(AssertAll.java:77)
            ... 4 more

XmlResultExportFidelityTest > unrepresentableValueOrColumnKeepsOldTargetCleansOwnedTempAndAllowsRetry(int, boolean) > code=20, column=true FAILED
    org.gradle.internal.exceptions.DefaultMultiCauseException: Multiple Failures (4 failures)
    	org.opentest4j.AssertionFailedError: expected: <XML_CHARACTER> but was: <PREPARE>
    	org.opentest4j.AssertionFailedError: expected: <Result export failed at XML_CHARACTER> but was: <Result export failed at PREPARE>
    	org.opentest4j.AssertionFailedError: expected: not <null>
    	java.lang.NullPointerException: Cannot invoke "java.nio.file.Path.getFileSystem()" because "path" is null
        at app//org.junit.jupiter.api.AssertAll.assertAll(AssertAll.java:80)
        at app//org.junit.jupiter.api.AssertAll.assertAll(AssertAll.java:44)
        at app//org.junit.jupiter.api.AssertAll.assertAll(AssertAll.java:38)
        at app//org.junit.jupiter.api.Assertions.assertAll(Assertions.java:2944)
        at app//com.datacube.export.XmlResultExportFidelityTest.unrepresentableValueOrColumnKeepsOldTargetCleansOwnedTempAndAllowsRetry(XmlResultExportFidelityTest.java:114)

        Caused by:
        org.opentest4j.AssertionFailedError: expected: <XML_CHARACTER> but was: <PREPARE>
            at app//org.junit.jupiter.api.AssertionFailureBuilder.build(AssertionFailureBuilder.java:151)
            at app//org.junit.jupiter.api.AssertionFailureBuilder.buildAndThrow(AssertionFailureBuilder.java:132)
            at app//org.junit.jupiter.api.AssertEquals.failNotEqual(AssertEquals.java:197)
            at app//org.junit.jupiter.api.AssertEquals.assertEquals(AssertEquals.java:182)
            at app//org.junit.jupiter.api.AssertEquals.assertEquals(AssertEquals.java:177)
            at app//org.junit.jupiter.api.Assertions.assertEquals(Assertions.java:1145)
            at app//com.datacube.export.XmlResultExportFidelityTest.lambda$unrepresentableValueOrColumnKeepsOldTargetCleansOwnedTempAndAllowsRetry$2(XmlResultExportFidelityTest.java:114)
            at app//org.junit.jupiter.api.AssertAll.lambda$assertAll$0(AssertAll.java:68)
            at java.base@25.0.1/java.util.stream.ReferencePipeline$3$1.accept(ReferencePipeline.java:214)
            at java.base@25.0.1/java.util.Spliterators$ArraySpliterator.forEachRemaining(Spliterators.java:1024)
            at java.base@25.0.1/java.util.stream.AbstractPipeline.copyInto(AbstractPipeline.java:570)
            at java.base@25.0.1/java.util.stream.AbstractPipeline.wrapAndCopyInto(AbstractPipeline.java:560)
            at java.base@25.0.1/java.util.stream.ReduceOps$ReduceOp.evaluateSequential(ReduceOps.java:921)
            at java.base@25.0.1/java.util.stream.AbstractPipeline.evaluate(AbstractPipeline.java:265)
            at java.base@25.0.1/java.util.stream.ReferencePipeline.collect(ReferencePipeline.java:723)
            at app//org.junit.jupiter.api.AssertAll.assertAll(AssertAll.java:77)
            ... 4 more

XmlResultExportFidelityTest > unrepresentableValueOrColumnKeepsOldTargetCleansOwnedTempAndAllowsRetry(int, boolean) > code=21, column=false FAILED
    org.gradle.internal.exceptions.DefaultMultiCauseException: Multiple Failures (4 failures)
    	org.opentest4j.AssertionFailedError: expected: <XML_CHARACTER> but was: <PREPARE>
    	org.opentest4j.AssertionFailedError: expected: <Result export failed at XML_CHARACTER> but was: <Result export failed at PREPARE>
    	org.opentest4j.AssertionFailedError: expected: not <null>
    	java.lang.NullPointerException: Cannot invoke "java.nio.file.Path.getFileSystem()" because "path" is null
        at app//org.junit.jupiter.api.AssertAll.assertAll(AssertAll.java:80)
        at app//org.junit.jupiter.api.AssertAll.assertAll(AssertAll.java:44)
        at app//org.junit.jupiter.api.AssertAll.assertAll(AssertAll.java:38)
        at app//org.junit.jupiter.api.Assertions.assertAll(Assertions.java:2944)
        at app//com.datacube.export.XmlResultExportFidelityTest.unrepresentableValueOrColumnKeepsOldTargetCleansOwnedTempAndAllowsRetry(XmlResultExportFidelityTest.java:114)

        Caused by:
        org.opentest4j.AssertionFailedError: expected: <XML_CHARACTER> but was: <PREPARE>
            at app//org.junit.jupiter.api.AssertionFailureBuilder.build(AssertionFailureBuilder.java:151)
            at app//org.junit.jupiter.api.AssertionFailureBuilder.buildAndThrow(AssertionFailureBuilder.java:132)
            at app//org.junit.jupiter.api.AssertEquals.failNotEqual(AssertEquals.java:197)
            at app//org.junit.jupiter.api.AssertEquals.assertEquals(AssertEquals.java:182)
            at app//org.junit.jupiter.api.AssertEquals.assertEquals(AssertEquals.java:177)
            at app//org.junit.jupiter.api.Assertions.assertEquals(Assertions.java:1145)
            at app//com.datacube.export.XmlResultExportFidelityTest.lambda$unrepresentableValueOrColumnKeepsOldTargetCleansOwnedTempAndAllowsRetry$2(XmlResultExportFidelityTest.java:114)
            at app//org.junit.jupiter.api.AssertAll.lambda$assertAll$0(AssertAll.java:68)
            at java.base@25.0.1/java.util.stream.ReferencePipeline$3$1.accept(ReferencePipeline.java:214)
            at java.base@25.0.1/java.util.Spliterators$ArraySpliterator.forEachRemaining(Spliterators.java:1024)
            at java.base@25.0.1/java.util.stream.AbstractPipeline.copyInto(AbstractPipeline.java:570)
            at java.base@25.0.1/java.util.stream.AbstractPipeline.wrapAndCopyInto(AbstractPipeline.java:560)
            at java.base@25.0.1/java.util.stream.ReduceOps$ReduceOp.evaluateSequential(ReduceOps.java:921)
            at java.base@25.0.1/java.util.stream.AbstractPipeline.evaluate(AbstractPipeline.java:265)
            at java.base@25.0.1/java.util.stream.ReferencePipeline.collect(ReferencePipeline.java:723)
            at app//org.junit.jupiter.api.AssertAll.assertAll(AssertAll.java:77)
            ... 4 more

XmlResultExportFidelityTest > unrepresentableValueOrColumnKeepsOldTargetCleansOwnedTempAndAllowsRetry(int, boolean) > code=21, column=true FAILED
    org.gradle.internal.exceptions.DefaultMultiCauseException: Multiple Failures (4 failures)
    	org.opentest4j.AssertionFailedError: expected: <XML_CHARACTER> but was: <PREPARE>
    	org.opentest4j.AssertionFailedError: expected: <Result export failed at XML_CHARACTER> but was: <Result export failed at PREPARE>
    	org.opentest4j.AssertionFailedError: expected: not <null>
    	java.lang.NullPointerException: Cannot invoke "java.nio.file.Path.getFileSystem()" because "path" is null
        at app//org.junit.jupiter.api.AssertAll.assertAll(AssertAll.java:80)
        at app//org.junit.jupiter.api.AssertAll.assertAll(AssertAll.java:44)
        at app//org.junit.jupiter.api.AssertAll.assertAll(AssertAll.java:38)
        at app//org.junit.jupiter.api.Assertions.assertAll(Assertions.java:2944)
        at app//com.datacube.export.XmlResultExportFidelityTest.unrepresentableValueOrColumnKeepsOldTargetCleansOwnedTempAndAllowsRetry(XmlResultExportFidelityTest.java:114)

        Caused by:
        org.opentest4j.AssertionFailedError: expected: <XML_CHARACTER> but was: <PREPARE>
            at app//org.junit.jupiter.api.AssertionFailureBuilder.build(AssertionFailureBuilder.java:151)
            at app//org.junit.jupiter.api.AssertionFailureBuilder.buildAndThrow(AssertionFailureBuilder.java:132)
            at app//org.junit.jupiter.api.AssertEquals.failNotEqual(AssertEquals.java:197)
            at app//org.junit.jupiter.api.AssertEquals.assertEquals(AssertEquals.java:182)
            at app//org.junit.jupiter.api.AssertEquals.assertEquals(AssertEquals.java:177)
            at app//org.junit.jupiter.api.Assertions.assertEquals(Assertions.java:1145)
            at app//com.datacube.export.XmlResultExportFidelityTest.lambda$unrepresentableValueOrColumnKeepsOldTargetCleansOwnedTempAndAllowsRetry$2(XmlResultExportFidelityTest.java:114)
            at app//org.junit.jupiter.api.AssertAll.lambda$assertAll$0(AssertAll.java:68)
            at java.base@25.0.1/java.util.stream.ReferencePipeline$3$1.accept(ReferencePipeline.java:214)
            at java.base@25.0.1/java.util.Spliterators$ArraySpliterator.forEachRemaining(Spliterators.java:1024)
            at java.base@25.0.1/java.util.stream.AbstractPipeline.copyInto(AbstractPipeline.java:570)
            at java.base@25.0.1/java.util.stream.AbstractPipeline.wrapAndCopyInto(AbstractPipeline.java:560)
            at java.base@25.0.1/java.util.stream.ReduceOps$ReduceOp.evaluateSequential(ReduceOps.java:921)
            at java.base@25.0.1/java.util.stream.AbstractPipeline.evaluate(AbstractPipeline.java:265)
            at java.base@25.0.1/java.util.stream.ReferencePipeline.collect(ReferencePipeline.java:723)
            at app//org.junit.jupiter.api.AssertAll.assertAll(AssertAll.java:77)
            ... 4 more

XmlResultExportFidelityTest > unrepresentableValueOrColumnKeepsOldTargetCleansOwnedTempAndAllowsRetry(int, boolean) > code=22, column=false FAILED
    org.gradle.internal.exceptions.DefaultMultiCauseException: Multiple Failures (4 failures)
    	org.opentest4j.AssertionFailedError: expected: <XML_CHARACTER> but was: <PREPARE>
    	org.opentest4j.AssertionFailedError: expected: <Result export failed at XML_CHARACTER> but was: <Result export failed at PREPARE>
    	org.opentest4j.AssertionFailedError: expected: not <null>
    	java.lang.NullPointerException: Cannot invoke "java.nio.file.Path.getFileSystem()" because "path" is null
        at app//org.junit.jupiter.api.AssertAll.assertAll(AssertAll.java:80)
        at app//org.junit.jupiter.api.AssertAll.assertAll(AssertAll.java:44)
        at app//org.junit.jupiter.api.AssertAll.assertAll(AssertAll.java:38)
        at app//org.junit.jupiter.api.Assertions.assertAll(Assertions.java:2944)
        at app//com.datacube.export.XmlResultExportFidelityTest.unrepresentableValueOrColumnKeepsOldTargetCleansOwnedTempAndAllowsRetry(XmlResultExportFidelityTest.java:114)

        Caused by:
        org.opentest4j.AssertionFailedError: expected: <XML_CHARACTER> but was: <PREPARE>
            at app//org.junit.jupiter.api.AssertionFailureBuilder.build(AssertionFailureBuilder.java:151)
            at app//org.junit.jupiter.api.AssertionFailureBuilder.buildAndThrow(AssertionFailureBuilder.java:132)
            at app//org.junit.jupiter.api.AssertEquals.failNotEqual(AssertEquals.java:197)
            at app//org.junit.jupiter.api.AssertEquals.assertEquals(AssertEquals.java:182)
            at app//org.junit.jupiter.api.AssertEquals.assertEquals(AssertEquals.java:177)
            at app//org.junit.jupiter.api.Assertions.assertEquals(Assertions.java:1145)
            at app//com.datacube.export.XmlResultExportFidelityTest.lambda$unrepresentableValueOrColumnKeepsOldTargetCleansOwnedTempAndAllowsRetry$2(XmlResultExportFidelityTest.java:114)
            at app//org.junit.jupiter.api.AssertAll.lambda$assertAll$0(AssertAll.java:68)
            at java.base@25.0.1/java.util.stream.ReferencePipeline$3$1.accept(ReferencePipeline.java:214)
            at java.base@25.0.1/java.util.Spliterators$ArraySpliterator.forEachRemaining(Spliterators.java:1024)
            at java.base@25.0.1/java.util.stream.AbstractPipeline.copyInto(AbstractPipeline.java:570)
            at java.base@25.0.1/java.util.stream.AbstractPipeline.wrapAndCopyInto(AbstractPipeline.java:560)
            at java.base@25.0.1/java.util.stream.ReduceOps$ReduceOp.evaluateSequential(ReduceOps.java:921)
            at java.base@25.0.1/java.util.stream.AbstractPipeline.evaluate(AbstractPipeline.java:265)
            at java.base@25.0.1/java.util.stream.ReferencePipeline.collect(ReferencePipeline.java:723)
            at app//org.junit.jupiter.api.AssertAll.assertAll(AssertAll.java:77)
            ... 4 more

XmlResultExportFidelityTest > unrepresentableValueOrColumnKeepsOldTargetCleansOwnedTempAndAllowsRetry(int, boolean) > code=22, column=true FAILED
    org.gradle.internal.exceptions.DefaultMultiCauseException: Multiple Failures (4 failures)
    	org.opentest4j.AssertionFailedError: expected: <XML_CHARACTER> but was: <PREPARE>
    	org.opentest4j.AssertionFailedError: expected: <Result export failed at XML_CHARACTER> but was: <Result export failed at PREPARE>
    	org.opentest4j.AssertionFailedError: expected: not <null>
    	java.lang.NullPointerException: Cannot invoke "java.nio.file.Path.getFileSystem()" because "path" is null
        at app//org.junit.jupiter.api.AssertAll.assertAll(AssertAll.java:80)
        at app//org.junit.jupiter.api.AssertAll.assertAll(AssertAll.java:44)
        at app//org.junit.jupiter.api.AssertAll.assertAll(AssertAll.java:38)
        at app//org.junit.jupiter.api.Assertions.assertAll(Assertions.java:2944)
        at app//com.datacube.export.XmlResultExportFidelityTest.unrepresentableValueOrColumnKeepsOldTargetCleansOwnedTempAndAllowsRetry(XmlResultExportFidelityTest.java:114)

        Caused by:
        org.opentest4j.AssertionFailedError: expected: <XML_CHARACTER> but was: <PREPARE>
            at app//org.junit.jupiter.api.AssertionFailureBuilder.build(AssertionFailureBuilder.java:151)
            at app//org.junit.jupiter.api.AssertionFailureBuilder.buildAndThrow(AssertionFailureBuilder.java:132)
            at app//org.junit.jupiter.api.AssertEquals.failNotEqual(AssertEquals.java:197)
            at app//org.junit.jupiter.api.AssertEquals.assertEquals(AssertEquals.java:182)
            at app//org.junit.jupiter.api.AssertEquals.assertEquals(AssertEquals.java:177)
            at app//org.junit.jupiter.api.Assertions.assertEquals(Assertions.java:1145)
            at app//com.datacube.export.XmlResultExportFidelityTest.lambda$unrepresentableValueOrColumnKeepsOldTargetCleansOwnedTempAndAllowsRetry$2(XmlResultExportFidelityTest.java:114)
            at app//org.junit.jupiter.api.AssertAll.lambda$assertAll$0(AssertAll.java:68)
            at java.base@25.0.1/java.util.stream.ReferencePipeline$3$1.accept(ReferencePipeline.java:214)
            at java.base@25.0.1/java.util.Spliterators$ArraySpliterator.forEachRemaining(Spliterators.java:1024)
            at java.base@25.0.1/java.util.stream.AbstractPipeline.copyInto(AbstractPipeline.java:570)
            at java.base@25.0.1/java.util.stream.AbstractPipeline.wrapAndCopyInto(AbstractPipeline.java:560)
            at java.base@25.0.1/java.util.stream.ReduceOps$ReduceOp.evaluateSequential(ReduceOps.java:921)
            at java.base@25.0.1/java.util.stream.AbstractPipeline.evaluate(AbstractPipeline.java:265)
            at java.base@25.0.1/java.util.stream.ReferencePipeline.collect(ReferencePipeline.java:723)
            at app//org.junit.jupiter.api.AssertAll.assertAll(AssertAll.java:77)
            ... 4 more

XmlResultExportFidelityTest > unrepresentableValueOrColumnKeepsOldTargetCleansOwnedTempAndAllowsRetry(int, boolean) > code=23, column=false FAILED
    org.gradle.internal.exceptions.DefaultMultiCauseException: Multiple Failures (4 failures)
    	org.opentest4j.AssertionFailedError: expected: <XML_CHARACTER> but was: <PREPARE>
    	org.opentest4j.AssertionFailedError: expected: <Result export failed at XML_CHARACTER> but was: <Result export failed at PREPARE>
    	org.opentest4j.AssertionFailedError: expected: not <null>
    	java.lang.NullPointerException: Cannot invoke "java.nio.file.Path.getFileSystem()" because "path" is null
        at app//org.junit.jupiter.api.AssertAll.assertAll(AssertAll.java:80)
        at app//org.junit.jupiter.api.AssertAll.assertAll(AssertAll.java:44)
        at app//org.junit.jupiter.api.AssertAll.assertAll(AssertAll.java:38)
        at app//org.junit.jupiter.api.Assertions.assertAll(Assertions.java:2944)
        at app//com.datacube.export.XmlResultExportFidelityTest.unrepresentableValueOrColumnKeepsOldTargetCleansOwnedTempAndAllowsRetry(XmlResultExportFidelityTest.java:114)

        Caused by:
        org.opentest4j.AssertionFailedError: expected: <XML_CHARACTER> but was: <PREPARE>
            at app//org.junit.jupiter.api.AssertionFailureBuilder.build(AssertionFailureBuilder.java:151)
            at app//org.junit.jupiter.api.AssertionFailureBuilder.buildAndThrow(AssertionFailureBuilder.java:132)
            at app//org.junit.jupiter.api.AssertEquals.failNotEqual(AssertEquals.java:197)
            at app//org.junit.jupiter.api.AssertEquals.assertEquals(AssertEquals.java:182)
            at app//org.junit.jupiter.api.AssertEquals.assertEquals(AssertEquals.java:177)
            at app//org.junit.jupiter.api.Assertions.assertEquals(Assertions.java:1145)
            at app//com.datacube.export.XmlResultExportFidelityTest.lambda$unrepresentableValueOrColumnKeepsOldTargetCleansOwnedTempAndAllowsRetry$2(XmlResultExportFidelityTest.java:114)
            at app//org.junit.jupiter.api.AssertAll.lambda$assertAll$0(AssertAll.java:68)
            at java.base@25.0.1/java.util.stream.ReferencePipeline$3$1.accept(ReferencePipeline.java:214)
            at java.base@25.0.1/java.util.Spliterators$ArraySpliterator.forEachRemaining(Spliterators.java:1024)
            at java.base@25.0.1/java.util.stream.AbstractPipeline.copyInto(AbstractPipeline.java:570)
            at java.base@25.0.1/java.util.stream.AbstractPipeline.wrapAndCopyInto(AbstractPipeline.java:560)
            at java.base@25.0.1/java.util.stream.ReduceOps$ReduceOp.evaluateSequential(ReduceOps.java:921)
            at java.base@25.0.1/java.util.stream.AbstractPipeline.evaluate(AbstractPipeline.java:265)
            at java.base@25.0.1/java.util.stream.ReferencePipeline.collect(ReferencePipeline.java:723)
            at app//org.junit.jupiter.api.AssertAll.assertAll(AssertAll.java:77)
            ... 4 more

XmlResultExportFidelityTest > unrepresentableValueOrColumnKeepsOldTargetCleansOwnedTempAndAllowsRetry(int, boolean) > code=23, column=true FAILED
    org.gradle.internal.exceptions.DefaultMultiCauseException: Multiple Failures (4 failures)
    	org.opentest4j.AssertionFailedError: expected: <XML_CHARACTER> but was: <PREPARE>
    	org.opentest4j.AssertionFailedError: expected: <Result export failed at XML_CHARACTER> but was: <Result export failed at PREPARE>
    	org.opentest4j.AssertionFailedError: expected: not <null>
    	java.lang.NullPointerException: Cannot invoke "java.nio.file.Path.getFileSystem()" because "path" is null
        at app//org.junit.jupiter.api.AssertAll.assertAll(AssertAll.java:80)
        at app//org.junit.jupiter.api.AssertAll.assertAll(AssertAll.java:44)
        at app//org.junit.jupiter.api.AssertAll.assertAll(AssertAll.java:38)
        at app//org.junit.jupiter.api.Assertions.assertAll(Assertions.java:2944)
        at app//com.datacube.export.XmlResultExportFidelityTest.unrepresentableValueOrColumnKeepsOldTargetCleansOwnedTempAndAllowsRetry(XmlResultExportFidelityTest.java:114)

        Caused by:
        org.opentest4j.AssertionFailedError: expected: <XML_CHARACTER> but was: <PREPARE>
            at app//org.junit.jupiter.api.AssertionFailureBuilder.build(AssertionFailureBuilder.java:151)
            at app//org.junit.jupiter.api.AssertionFailureBuilder.buildAndThrow(AssertionFailureBuilder.java:132)
            at app//org.junit.jupiter.api.AssertEquals.failNotEqual(AssertEquals.java:197)
            at app//org.junit.jupiter.api.AssertEquals.assertEquals(AssertEquals.java:182)
            at app//org.junit.jupiter.api.AssertEquals.assertEquals(AssertEquals.java:177)
            at app//org.junit.jupiter.api.Assertions.assertEquals(Assertions.java:1145)
            at app//com.datacube.export.XmlResultExportFidelityTest.lambda$unrepresentableValueOrColumnKeepsOldTargetCleansOwnedTempAndAllowsRetry$2(XmlResultExportFidelityTest.java:114)
            at app//org.junit.jupiter.api.AssertAll.lambda$assertAll$0(AssertAll.java:68)
            at java.base@25.0.1/java.util.stream.ReferencePipeline$3$1.accept(ReferencePipeline.java:214)
            at java.base@25.0.1/java.util.Spliterators$ArraySpliterator.forEachRemaining(Spliterators.java:1024)
            at java.base@25.0.1/java.util.stream.AbstractPipeline.copyInto(AbstractPipeline.java:570)
            at java.base@25.0.1/java.util.stream.AbstractPipeline.wrapAndCopyInto(AbstractPipeline.java:560)
            at java.base@25.0.1/java.util.stream.ReduceOps$ReduceOp.evaluateSequential(ReduceOps.java:921)
            at java.base@25.0.1/java.util.stream.AbstractPipeline.evaluate(AbstractPipeline.java:265)
            at java.base@25.0.1/java.util.stream.ReferencePipeline.collect(ReferencePipeline.java:723)
            at app//org.junit.jupiter.api.AssertAll.assertAll(AssertAll.java:77)
            ... 4 more

XmlResultExportFidelityTest > unrepresentableValueOrColumnKeepsOldTargetCleansOwnedTempAndAllowsRetry(int, boolean) > code=24, column=false FAILED
    org.gradle.internal.exceptions.DefaultMultiCauseException: Multiple Failures (4 failures)
    	org.opentest4j.AssertionFailedError: expected: <XML_CHARACTER> but was: <PREPARE>
    	org.opentest4j.AssertionFailedError: expected: <Result export failed at XML_CHARACTER> but was: <Result export failed at PREPARE>
    	org.opentest4j.AssertionFailedError: expected: not <null>
    	java.lang.NullPointerException: Cannot invoke "java.nio.file.Path.getFileSystem()" because "path" is null
        at app//org.junit.jupiter.api.AssertAll.assertAll(AssertAll.java:80)
        at app//org.junit.jupiter.api.AssertAll.assertAll(AssertAll.java:44)
        at app//org.junit.jupiter.api.AssertAll.assertAll(AssertAll.java:38)
        at app//org.junit.jupiter.api.Assertions.assertAll(Assertions.java:2944)
        at app//com.datacube.export.XmlResultExportFidelityTest.unrepresentableValueOrColumnKeepsOldTargetCleansOwnedTempAndAllowsRetry(XmlResultExportFidelityTest.java:114)

        Caused by:
        org.opentest4j.AssertionFailedError: expected: <XML_CHARACTER> but was: <PREPARE>
            at app//org.junit.jupiter.api.AssertionFailureBuilder.build(AssertionFailureBuilder.java:151)
            at app//org.junit.jupiter.api.AssertionFailureBuilder.buildAndThrow(AssertionFailureBuilder.java:132)
            at app//org.junit.jupiter.api.AssertEquals.failNotEqual(AssertEquals.java:197)
            at app//org.junit.jupiter.api.AssertEquals.assertEquals(AssertEquals.java:182)
            at app//org.junit.jupiter.api.AssertEquals.assertEquals(AssertEquals.java:177)
            at app//org.junit.jupiter.api.Assertions.assertEquals(Assertions.java:1145)
            at app//com.datacube.export.XmlResultExportFidelityTest.lambda$unrepresentableValueOrColumnKeepsOldTargetCleansOwnedTempAndAllowsRetry$2(XmlResultExportFidelityTest.java:114)
            at app//org.junit.jupiter.api.AssertAll.lambda$assertAll$0(AssertAll.java:68)
            at java.base@25.0.1/java.util.stream.ReferencePipeline$3$1.accept(ReferencePipeline.java:214)
            at java.base@25.0.1/java.util.Spliterators$ArraySpliterator.forEachRemaining(Spliterators.java:1024)
            at java.base@25.0.1/java.util.stream.AbstractPipeline.copyInto(AbstractPipeline.java:570)
            at java.base@25.0.1/java.util.stream.AbstractPipeline.wrapAndCopyInto(AbstractPipeline.java:560)
            at java.base@25.0.1/java.util.stream.ReduceOps$ReduceOp.evaluateSequential(ReduceOps.java:921)
            at java.base@25.0.1/java.util.stream.AbstractPipeline.evaluate(AbstractPipeline.java:265)
            at java.base@25.0.1/java.util.stream.ReferencePipeline.collect(ReferencePipeline.java:723)
            at app//org.junit.jupiter.api.AssertAll.assertAll(AssertAll.java:77)
            ... 4 more

XmlResultExportFidelityTest > unrepresentableValueOrColumnKeepsOldTargetCleansOwnedTempAndAllowsRetry(int, boolean) > code=24, column=true FAILED
    org.gradle.internal.exceptions.DefaultMultiCauseException: Multiple Failures (4 failures)
    	org.opentest4j.AssertionFailedError: expected: <XML_CHARACTER> but was: <PREPARE>
    	org.opentest4j.AssertionFailedError: expected: <Result export failed at XML_CHARACTER> but was: <Result export failed at PREPARE>
    	org.opentest4j.AssertionFailedError: expected: not <null>
    	java.lang.NullPointerException: Cannot invoke "java.nio.file.Path.getFileSystem()" because "path" is null
        at app//org.junit.jupiter.api.AssertAll.assertAll(AssertAll.java:80)
        at app//org.junit.jupiter.api.AssertAll.assertAll(AssertAll.java:44)
        at app//org.junit.jupiter.api.AssertAll.assertAll(AssertAll.java:38)
        at app//org.junit.jupiter.api.Assertions.assertAll(Assertions.java:2944)
        at app//com.datacube.export.XmlResultExportFidelityTest.unrepresentableValueOrColumnKeepsOldTargetCleansOwnedTempAndAllowsRetry(XmlResultExportFidelityTest.java:114)

        Caused by:
        org.opentest4j.AssertionFailedError: expected: <XML_CHARACTER> but was: <PREPARE>
            at app//org.junit.jupiter.api.AssertionFailureBuilder.build(AssertionFailureBuilder.java:151)
            at app//org.junit.jupiter.api.AssertionFailureBuilder.buildAndThrow(AssertionFailureBuilder.java:132)
            at app//org.junit.jupiter.api.AssertEquals.failNotEqual(AssertEquals.java:197)
            at app//org.junit.jupiter.api.AssertEquals.assertEquals(AssertEquals.java:182)
            at app//org.junit.jupiter.api.AssertEquals.assertEquals(AssertEquals.java:177)
            at app//org.junit.jupiter.api.Assertions.assertEquals(Assertions.java:1145)
            at app//com.datacube.export.XmlResultExportFidelityTest.lambda$unrepresentableValueOrColumnKeepsOldTargetCleansOwnedTempAndAllowsRetry$2(XmlResultExportFidelityTest.java:114)
            at app//org.junit.jupiter.api.AssertAll.lambda$assertAll$0(AssertAll.java:68)
            at java.base@25.0.1/java.util.stream.ReferencePipeline$3$1.accept(ReferencePipeline.java:214)
            at java.base@25.0.1/java.util.Spliterators$ArraySpliterator.forEachRemaining(Spliterators.java:1024)
            at java.base@25.0.1/java.util.stream.AbstractPipeline.copyInto(AbstractPipeline.java:570)
            at java.base@25.0.1/java.util.stream.AbstractPipeline.wrapAndCopyInto(AbstractPipeline.java:560)
            at java.base@25.0.1/java.util.stream.ReduceOps$ReduceOp.evaluateSequential(ReduceOps.java:921)
            at java.base@25.0.1/java.util.stream.AbstractPipeline.evaluate(AbstractPipeline.java:265)
            at java.base@25.0.1/java.util.stream.ReferencePipeline.collect(ReferencePipeline.java:723)
            at app//org.junit.jupiter.api.AssertAll.assertAll(AssertAll.java:77)
            ... 4 more

XmlResultExportFidelityTest > unrepresentableValueOrColumnKeepsOldTargetCleansOwnedTempAndAllowsRetry(int, boolean) > code=25, column=false FAILED
    org.gradle.internal.exceptions.DefaultMultiCauseException: Multiple Failures (4 failures)
    	org.opentest4j.AssertionFailedError: expected: <XML_CHARACTER> but was: <PREPARE>
    	org.opentest4j.AssertionFailedError: expected: <Result export failed at XML_CHARACTER> but was: <Result export failed at PREPARE>
    	org.opentest4j.AssertionFailedError: expected: not <null>
    	java.lang.NullPointerException: Cannot invoke "java.nio.file.Path.getFileSystem()" because "path" is null
        at app//org.junit.jupiter.api.AssertAll.assertAll(AssertAll.java:80)
        at app//org.junit.jupiter.api.AssertAll.assertAll(AssertAll.java:44)
        at app//org.junit.jupiter.api.AssertAll.assertAll(AssertAll.java:38)
        at app//org.junit.jupiter.api.Assertions.assertAll(Assertions.java:2944)
        at app//com.datacube.export.XmlResultExportFidelityTest.unrepresentableValueOrColumnKeepsOldTargetCleansOwnedTempAndAllowsRetry(XmlResultExportFidelityTest.java:114)

        Caused by:
        org.opentest4j.AssertionFailedError: expected: <XML_CHARACTER> but was: <PREPARE>
            at app//org.junit.jupiter.api.AssertionFailureBuilder.build(AssertionFailureBuilder.java:151)
            at app//org.junit.jupiter.api.AssertionFailureBuilder.buildAndThrow(AssertionFailureBuilder.java:132)
            at app//org.junit.jupiter.api.AssertEquals.failNotEqual(AssertEquals.java:197)
            at app//org.junit.jupiter.api.AssertEquals.assertEquals(AssertEquals.java:182)
            at app//org.junit.jupiter.api.AssertEquals.assertEquals(AssertEquals.java:177)
            at app//org.junit.jupiter.api.Assertions.assertEquals(Assertions.java:1145)
            at app//com.datacube.export.XmlResultExportFidelityTest.lambda$unrepresentableValueOrColumnKeepsOldTargetCleansOwnedTempAndAllowsRetry$2(XmlResultExportFidelityTest.java:114)
            at app//org.junit.jupiter.api.AssertAll.lambda$assertAll$0(AssertAll.java:68)
            at java.base@25.0.1/java.util.stream.ReferencePipeline$3$1.accept(ReferencePipeline.java:214)
            at java.base@25.0.1/java.util.Spliterators$ArraySpliterator.forEachRemaining(Spliterators.java:1024)
            at java.base@25.0.1/java.util.stream.AbstractPipeline.copyInto(AbstractPipeline.java:570)
            at java.base@25.0.1/java.util.stream.AbstractPipeline.wrapAndCopyInto(AbstractPipeline.java:560)
            at java.base@25.0.1/java.util.stream.ReduceOps$ReduceOp.evaluateSequential(ReduceOps.java:921)
            at java.base@25.0.1/java.util.stream.AbstractPipeline.evaluate(AbstractPipeline.java:265)
            at java.base@25.0.1/java.util.stream.ReferencePipeline.collect(ReferencePipeline.java:723)
            at app//org.junit.jupiter.api.AssertAll.assertAll(AssertAll.java:77)
            ... 4 more

XmlResultExportFidelityTest > unrepresentableValueOrColumnKeepsOldTargetCleansOwnedTempAndAllowsRetry(int, boolean) > code=25, column=true FAILED
    org.gradle.internal.exceptions.DefaultMultiCauseException: Multiple Failures (4 failures)
    	org.opentest4j.AssertionFailedError: expected: <XML_CHARACTER> but was: <PREPARE>
    	org.opentest4j.AssertionFailedError: expected: <Result export failed at XML_CHARACTER> but was: <Result export failed at PREPARE>
    	org.opentest4j.AssertionFailedError: expected: not <null>
    	java.lang.NullPointerException: Cannot invoke "java.nio.file.Path.getFileSystem()" because "path" is null
        at app//org.junit.jupiter.api.AssertAll.assertAll(AssertAll.java:80)
        at app//org.junit.jupiter.api.AssertAll.assertAll(AssertAll.java:44)
        at app//org.junit.jupiter.api.AssertAll.assertAll(AssertAll.java:38)
        at app//org.junit.jupiter.api.Assertions.assertAll(Assertions.java:2944)
        at app//com.datacube.export.XmlResultExportFidelityTest.unrepresentableValueOrColumnKeepsOldTargetCleansOwnedTempAndAllowsRetry(XmlResultExportFidelityTest.java:114)

        Caused by:
        org.opentest4j.AssertionFailedError: expected: <XML_CHARACTER> but was: <PREPARE>
            at app//org.junit.jupiter.api.AssertionFailureBuilder.build(AssertionFailureBuilder.java:151)
            at app//org.junit.jupiter.api.AssertionFailureBuilder.buildAndThrow(AssertionFailureBuilder.java:132)
            at app//org.junit.jupiter.api.AssertEquals.failNotEqual(AssertEquals.java:197)
            at app//org.junit.jupiter.api.AssertEquals.assertEquals(AssertEquals.java:182)
            at app//org.junit.jupiter.api.AssertEquals.assertEquals(AssertEquals.java:177)
            at app//org.junit.jupiter.api.Assertions.assertEquals(Assertions.java:1145)
            at app//com.datacube.export.XmlResultExportFidelityTest.lambda$unrepresentableValueOrColumnKeepsOldTargetCleansOwnedTempAndAllowsRetry$2(XmlResultExportFidelityTest.java:114)
            at app//org.junit.jupiter.api.AssertAll.lambda$assertAll$0(AssertAll.java:68)
            at java.base@25.0.1/java.util.stream.ReferencePipeline$3$1.accept(ReferencePipeline.java:214)
            at java.base@25.0.1/java.util.Spliterators$ArraySpliterator.forEachRemaining(Spliterators.java:1024)
            at java.base@25.0.1/java.util.stream.AbstractPipeline.copyInto(AbstractPipeline.java:570)
            at java.base@25.0.1/java.util.stream.AbstractPipeline.wrapAndCopyInto(AbstractPipeline.java:560)
            at java.base@25.0.1/java.util.stream.ReduceOps$ReduceOp.evaluateSequential(ReduceOps.java:921)
            at java.base@25.0.1/java.util.stream.AbstractPipeline.evaluate(AbstractPipeline.java:265)
            at java.base@25.0.1/java.util.stream.ReferencePipeline.collect(ReferencePipeline.java:723)
            at app//org.junit.jupiter.api.AssertAll.assertAll(AssertAll.java:77)
            ... 4 more

XmlResultExportFidelityTest > unrepresentableValueOrColumnKeepsOldTargetCleansOwnedTempAndAllowsRetry(int, boolean) > code=26, column=false FAILED
    org.gradle.internal.exceptions.DefaultMultiCauseException: Multiple Failures (4 failures)
    	org.opentest4j.AssertionFailedError: expected: <XML_CHARACTER> but was: <PREPARE>
    	org.opentest4j.AssertionFailedError: expected: <Result export failed at XML_CHARACTER> but was: <Result export failed at PREPARE>
    	org.opentest4j.AssertionFailedError: expected: not <null>
    	java.lang.NullPointerException: Cannot invoke "java.nio.file.Path.getFileSystem()" because "path" is null
        at app//org.junit.jupiter.api.AssertAll.assertAll(AssertAll.java:80)
        at app//org.junit.jupiter.api.AssertAll.assertAll(AssertAll.java:44)
        at app//org.junit.jupiter.api.AssertAll.assertAll(AssertAll.java:38)
        at app//org.junit.jupiter.api.Assertions.assertAll(Assertions.java:2944)
        at app//com.datacube.export.XmlResultExportFidelityTest.unrepresentableValueOrColumnKeepsOldTargetCleansOwnedTempAndAllowsRetry(XmlResultExportFidelityTest.java:114)

        Caused by:
        org.opentest4j.AssertionFailedError: expected: <XML_CHARACTER> but was: <PREPARE>
            at app//org.junit.jupiter.api.AssertionFailureBuilder.build(AssertionFailureBuilder.java:151)
            at app//org.junit.jupiter.api.AssertionFailureBuilder.buildAndThrow(AssertionFailureBuilder.java:132)
            at app//org.junit.jupiter.api.AssertEquals.failNotEqual(AssertEquals.java:197)
            at app//org.junit.jupiter.api.AssertEquals.assertEquals(AssertEquals.java:182)
            at app//org.junit.jupiter.api.AssertEquals.assertEquals(AssertEquals.java:177)
            at app//org.junit.jupiter.api.Assertions.assertEquals(Assertions.java:1145)
            at app//com.datacube.export.XmlResultExportFidelityTest.lambda$unrepresentableValueOrColumnKeepsOldTargetCleansOwnedTempAndAllowsRetry$2(XmlResultExportFidelityTest.java:114)
            at app//org.junit.jupiter.api.AssertAll.lambda$assertAll$0(AssertAll.java:68)
            at java.base@25.0.1/java.util.stream.ReferencePipeline$3$1.accept(ReferencePipeline.java:214)
            at java.base@25.0.1/java.util.Spliterators$ArraySpliterator.forEachRemaining(Spliterators.java:1024)
            at java.base@25.0.1/java.util.stream.AbstractPipeline.copyInto(AbstractPipeline.java:570)
            at java.base@25.0.1/java.util.stream.AbstractPipeline.wrapAndCopyInto(AbstractPipeline.java:560)
            at java.base@25.0.1/java.util.stream.ReduceOps$ReduceOp.evaluateSequential(ReduceOps.java:921)
            at java.base@25.0.1/java.util.stream.AbstractPipeline.evaluate(AbstractPipeline.java:265)
            at java.base@25.0.1/java.util.stream.ReferencePipeline.collect(ReferencePipeline.java:723)
            at app//org.junit.jupiter.api.AssertAll.assertAll(AssertAll.java:77)
            ... 4 more

XmlResultExportFidelityTest > unrepresentableValueOrColumnKeepsOldTargetCleansOwnedTempAndAllowsRetry(int, boolean) > code=26, column=true FAILED
    org.gradle.internal.exceptions.DefaultMultiCauseException: Multiple Failures (4 failures)
    	org.opentest4j.AssertionFailedError: expected: <XML_CHARACTER> but was: <PREPARE>
    	org.opentest4j.AssertionFailedError: expected: <Result export failed at XML_CHARACTER> but was: <Result export failed at PREPARE>
    	org.opentest4j.AssertionFailedError: expected: not <null>
    	java.lang.NullPointerException: Cannot invoke "java.nio.file.Path.getFileSystem()" because "path" is null
        at app//org.junit.jupiter.api.AssertAll.assertAll(AssertAll.java:80)
        at app//org.junit.jupiter.api.AssertAll.assertAll(AssertAll.java:44)
        at app//org.junit.jupiter.api.AssertAll.assertAll(AssertAll.java:38)
        at app//org.junit.jupiter.api.Assertions.assertAll(Assertions.java:2944)
        at app//com.datacube.export.XmlResultExportFidelityTest.unrepresentableValueOrColumnKeepsOldTargetCleansOwnedTempAndAllowsRetry(XmlResultExportFidelityTest.java:114)

        Caused by:
        org.opentest4j.AssertionFailedError: expected: <XML_CHARACTER> but was: <PREPARE>
            at app//org.junit.jupiter.api.AssertionFailureBuilder.build(AssertionFailureBuilder.java:151)
            at app//org.junit.jupiter.api.AssertionFailureBuilder.buildAndThrow(AssertionFailureBuilder.java:132)
            at app//org.junit.jupiter.api.AssertEquals.failNotEqual(AssertEquals.java:197)
            at app//org.junit.jupiter.api.AssertEquals.assertEquals(AssertEquals.java:182)
            at app//org.junit.jupiter.api.AssertEquals.assertEquals(AssertEquals.java:177)
            at app//org.junit.jupiter.api.Assertions.assertEquals(Assertions.java:1145)
            at app//com.datacube.export.XmlResultExportFidelityTest.lambda$unrepresentableValueOrColumnKeepsOldTargetCleansOwnedTempAndAllowsRetry$2(XmlResultExportFidelityTest.java:114)
            at app//org.junit.jupiter.api.AssertAll.lambda$assertAll$0(AssertAll.java:68)
            at java.base@25.0.1/java.util.stream.ReferencePipeline$3$1.accept(ReferencePipeline.java:214)
            at java.base@25.0.1/java.util.Spliterators$ArraySpliterator.forEachRemaining(Spliterators.java:1024)
            at java.base@25.0.1/java.util.stream.AbstractPipeline.copyInto(AbstractPipeline.java:570)
            at java.base@25.0.1/java.util.stream.AbstractPipeline.wrapAndCopyInto(AbstractPipeline.java:560)
            at java.base@25.0.1/java.util.stream.ReduceOps$ReduceOp.evaluateSequential(ReduceOps.java:921)
            at java.base@25.0.1/java.util.stream.AbstractPipeline.evaluate(AbstractPipeline.java:265)
            at java.base@25.0.1/java.util.stream.ReferencePipeline.collect(ReferencePipeline.java:723)
            at app//org.junit.jupiter.api.AssertAll.assertAll(AssertAll.java:77)
            ... 4 more

XmlResultExportFidelityTest > unrepresentableValueOrColumnKeepsOldTargetCleansOwnedTempAndAllowsRetry(int, boolean) > code=27, column=false FAILED
    org.gradle.internal.exceptions.DefaultMultiCauseException: Multiple Failures (4 failures)
    	org.opentest4j.AssertionFailedError: expected: <XML_CHARACTER> but was: <PREPARE>
    	org.opentest4j.AssertionFailedError: expected: <Result export failed at XML_CHARACTER> but was: <Result export failed at PREPARE>
    	org.opentest4j.AssertionFailedError: expected: not <null>
    	java.lang.NullPointerException: Cannot invoke "java.nio.file.Path.getFileSystem()" because "path" is null
        at app//org.junit.jupiter.api.AssertAll.assertAll(AssertAll.java:80)
        at app//org.junit.jupiter.api.AssertAll.assertAll(AssertAll.java:44)
        at app//org.junit.jupiter.api.AssertAll.assertAll(AssertAll.java:38)
        at app//org.junit.jupiter.api.Assertions.assertAll(Assertions.java:2944)
        at app//com.datacube.export.XmlResultExportFidelityTest.unrepresentableValueOrColumnKeepsOldTargetCleansOwnedTempAndAllowsRetry(XmlResultExportFidelityTest.java:114)

        Caused by:
        org.opentest4j.AssertionFailedError: expected: <XML_CHARACTER> but was: <PREPARE>
            at app//org.junit.jupiter.api.AssertionFailureBuilder.build(AssertionFailureBuilder.java:151)
            at app//org.junit.jupiter.api.AssertionFailureBuilder.buildAndThrow(AssertionFailureBuilder.java:132)
            at app//org.junit.jupiter.api.AssertEquals.failNotEqual(AssertEquals.java:197)
            at app//org.junit.jupiter.api.AssertEquals.assertEquals(AssertEquals.java:182)
            at app//org.junit.jupiter.api.AssertEquals.assertEquals(AssertEquals.java:177)
            at app//org.junit.jupiter.api.Assertions.assertEquals(Assertions.java:1145)
            at app//com.datacube.export.XmlResultExportFidelityTest.lambda$unrepresentableValueOrColumnKeepsOldTargetCleansOwnedTempAndAllowsRetry$2(XmlResultExportFidelityTest.java:114)
            at app//org.junit.jupiter.api.AssertAll.lambda$assertAll$0(AssertAll.java:68)
            at java.base@25.0.1/java.util.stream.ReferencePipeline$3$1.accept(ReferencePipeline.java:214)
            at java.base@25.0.1/java.util.Spliterators$ArraySpliterator.forEachRemaining(Spliterators.java:1024)
            at java.base@25.0.1/java.util.stream.AbstractPipeline.copyInto(AbstractPipeline.java:570)
            at java.base@25.0.1/java.util.stream.AbstractPipeline.wrapAndCopyInto(AbstractPipeline.java:560)
            at java.base@25.0.1/java.util.stream.ReduceOps$ReduceOp.evaluateSequential(ReduceOps.java:921)
            at java.base@25.0.1/java.util.stream.AbstractPipeline.evaluate(AbstractPipeline.java:265)
            at java.base@25.0.1/java.util.stream.ReferencePipeline.collect(ReferencePipeline.java:723)
            at app//org.junit.jupiter.api.AssertAll.assertAll(AssertAll.java:77)
            ... 4 more

XmlResultExportFidelityTest > unrepresentableValueOrColumnKeepsOldTargetCleansOwnedTempAndAllowsRetry(int, boolean) > code=27, column=true FAILED
    org.gradle.internal.exceptions.DefaultMultiCauseException: Multiple Failures (4 failures)
    	org.opentest4j.AssertionFailedError: expected: <XML_CHARACTER> but was: <PREPARE>
    	org.opentest4j.AssertionFailedError: expected: <Result export failed at XML_CHARACTER> but was: <Result export failed at PREPARE>
    	org.opentest4j.AssertionFailedError: expected: not <null>
    	java.lang.NullPointerException: Cannot invoke "java.nio.file.Path.getFileSystem()" because "path" is null
        at app//org.junit.jupiter.api.AssertAll.assertAll(AssertAll.java:80)
        at app//org.junit.jupiter.api.AssertAll.assertAll(AssertAll.java:44)
        at app//org.junit.jupiter.api.AssertAll.assertAll(AssertAll.java:38)
        at app//org.junit.jupiter.api.Assertions.assertAll(Assertions.java:2944)
        at app//com.datacube.export.XmlResultExportFidelityTest.unrepresentableValueOrColumnKeepsOldTargetCleansOwnedTempAndAllowsRetry(XmlResultExportFidelityTest.java:114)

        Caused by:
        org.opentest4j.AssertionFailedError: expected: <XML_CHARACTER> but was: <PREPARE>
            at app//org.junit.jupiter.api.AssertionFailureBuilder.build(AssertionFailureBuilder.java:151)
            at app//org.junit.jupiter.api.AssertionFailureBuilder.buildAndThrow(AssertionFailureBuilder.java:132)
            at app//org.junit.jupiter.api.AssertEquals.failNotEqual(AssertEquals.java:197)
            at app//org.junit.jupiter.api.AssertEquals.assertEquals(AssertEquals.java:182)
            at app//org.junit.jupiter.api.AssertEquals.assertEquals(AssertEquals.java:177)
            at app//org.junit.jupiter.api.Assertions.assertEquals(Assertions.java:1145)
            at app//com.datacube.export.XmlResultExportFidelityTest.lambda$unrepresentableValueOrColumnKeepsOldTargetCleansOwnedTempAndAllowsRetry$2(XmlResultExportFidelityTest.java:114)
            at app//org.junit.jupiter.api.AssertAll.lambda$assertAll$0(AssertAll.java:68)
            at java.base@25.0.1/java.util.stream.ReferencePipeline$3$1.accept(ReferencePipeline.java:214)
            at java.base@25.0.1/java.util.Spliterators$ArraySpliterator.forEachRemaining(Spliterators.java:1024)
            at java.base@25.0.1/java.util.stream.AbstractPipeline.copyInto(AbstractPipeline.java:570)
            at java.base@25.0.1/java.util.stream.AbstractPipeline.wrapAndCopyInto(AbstractPipeline.java:560)
            at java.base@25.0.1/java.util.stream.ReduceOps$ReduceOp.evaluateSequential(ReduceOps.java:921)
            at java.base@25.0.1/java.util.stream.AbstractPipeline.evaluate(AbstractPipeline.java:265)
            at java.base@25.0.1/java.util.stream.ReferencePipeline.collect(ReferencePipeline.java:723)
            at app//org.junit.jupiter.api.AssertAll.assertAll(AssertAll.java:77)
            ... 4 more

XmlResultExportFidelityTest > unrepresentableValueOrColumnKeepsOldTargetCleansOwnedTempAndAllowsRetry(int, boolean) > code=28, column=false FAILED
    org.gradle.internal.exceptions.DefaultMultiCauseException: Multiple Failures (4 failures)
    	org.opentest4j.AssertionFailedError: expected: <XML_CHARACTER> but was: <PREPARE>
    	org.opentest4j.AssertionFailedError: expected: <Result export failed at XML_CHARACTER> but was: <Result export failed at PREPARE>
    	org.opentest4j.AssertionFailedError: expected: not <null>
    	java.lang.NullPointerException: Cannot invoke "java.nio.file.Path.getFileSystem()" because "path" is null
        at app//org.junit.jupiter.api.AssertAll.assertAll(AssertAll.java:80)
        at app//org.junit.jupiter.api.AssertAll.assertAll(AssertAll.java:44)
        at app//org.junit.jupiter.api.AssertAll.assertAll(AssertAll.java:38)
        at app//org.junit.jupiter.api.Assertions.assertAll(Assertions.java:2944)
        at app//com.datacube.export.XmlResultExportFidelityTest.unrepresentableValueOrColumnKeepsOldTargetCleansOwnedTempAndAllowsRetry(XmlResultExportFidelityTest.java:114)

        Caused by:
        org.opentest4j.AssertionFailedError: expected: <XML_CHARACTER> but was: <PREPARE>
            at app//org.junit.jupiter.api.AssertionFailureBuilder.build(AssertionFailureBuilder.java:151)
            at app//org.junit.jupiter.api.AssertionFailureBuilder.buildAndThrow(AssertionFailureBuilder.java:132)
            at app//org.junit.jupiter.api.AssertEquals.failNotEqual(AssertEquals.java:197)
            at app//org.junit.jupiter.api.AssertEquals.assertEquals(AssertEquals.java:182)
            at app//org.junit.jupiter.api.AssertEquals.assertEquals(AssertEquals.java:177)
            at app//org.junit.jupiter.api.Assertions.assertEquals(Assertions.java:1145)
            at app//com.datacube.export.XmlResultExportFidelityTest.lambda$unrepresentableValueOrColumnKeepsOldTargetCleansOwnedTempAndAllowsRetry$2(XmlResultExportFidelityTest.java:114)
            at app//org.junit.jupiter.api.AssertAll.lambda$assertAll$0(AssertAll.java:68)
            at java.base@25.0.1/java.util.stream.ReferencePipeline$3$1.accept(ReferencePipeline.java:214)
            at java.base@25.0.1/java.util.Spliterators$ArraySpliterator.forEachRemaining(Spliterators.java:1024)
            at java.base@25.0.1/java.util.stream.AbstractPipeline.copyInto(AbstractPipeline.java:570)
            at java.base@25.0.1/java.util.stream.AbstractPipeline.wrapAndCopyInto(AbstractPipeline.java:560)
            at java.base@25.0.1/java.util.stream.ReduceOps$ReduceOp.evaluateSequential(ReduceOps.java:921)
            at java.base@25.0.1/java.util.stream.AbstractPipeline.evaluate(AbstractPipeline.java:265)
            at java.base@25.0.1/java.util.stream.ReferencePipeline.collect(ReferencePipeline.java:723)
            at app//org.junit.jupiter.api.AssertAll.assertAll(AssertAll.java:77)
            ... 4 more

XmlResultExportFidelityTest > unrepresentableValueOrColumnKeepsOldTargetCleansOwnedTempAndAllowsRetry(int, boolean) > code=28, column=true FAILED
    org.gradle.internal.exceptions.DefaultMultiCauseException: Multiple Failures (4 failures)
    	org.opentest4j.AssertionFailedError: expected: <XML_CHARACTER> but was: <PREPARE>
    	org.opentest4j.AssertionFailedError: expected: <Result export failed at XML_CHARACTER> but was: <Result export failed at PREPARE>
    	org.opentest4j.AssertionFailedError: expected: not <null>
    	java.lang.NullPointerException: Cannot invoke "java.nio.file.Path.getFileSystem()" because "path" is null
        at app//org.junit.jupiter.api.AssertAll.assertAll(AssertAll.java:80)
        at app//org.junit.jupiter.api.AssertAll.assertAll(AssertAll.java:44)
        at app//org.junit.jupiter.api.AssertAll.assertAll(AssertAll.java:38)
        at app//org.junit.jupiter.api.Assertions.assertAll(Assertions.java:2944)
        at app//com.datacube.export.XmlResultExportFidelityTest.unrepresentableValueOrColumnKeepsOldTargetCleansOwnedTempAndAllowsRetry(XmlResultExportFidelityTest.java:114)

        Caused by:
        org.opentest4j.AssertionFailedError: expected: <XML_CHARACTER> but was: <PREPARE>
            at app//org.junit.jupiter.api.AssertionFailureBuilder.build(AssertionFailureBuilder.java:151)
            at app//org.junit.jupiter.api.AssertionFailureBuilder.buildAndThrow(AssertionFailureBuilder.java:132)
            at app//org.junit.jupiter.api.AssertEquals.failNotEqual(AssertEquals.java:197)
            at app//org.junit.jupiter.api.AssertEquals.assertEquals(AssertEquals.java:182)
            at app//org.junit.jupiter.api.AssertEquals.assertEquals(AssertEquals.java:177)
            at app//org.junit.jupiter.api.Assertions.assertEquals(Assertions.java:1145)
            at app//com.datacube.export.XmlResultExportFidelityTest.lambda$unrepresentableValueOrColumnKeepsOldTargetCleansOwnedTempAndAllowsRetry$2(XmlResultExportFidelityTest.java:114)
            at app//org.junit.jupiter.api.AssertAll.lambda$assertAll$0(AssertAll.java:68)
            at java.base@25.0.1/java.util.stream.ReferencePipeline$3$1.accept(ReferencePipeline.java:214)
            at java.base@25.0.1/java.util.Spliterators$ArraySpliterator.forEachRemaining(Spliterators.java:1024)
            at java.base@25.0.1/java.util.stream.AbstractPipeline.copyInto(AbstractPipeline.java:570)
            at java.base@25.0.1/java.util.stream.AbstractPipeline.wrapAndCopyInto(AbstractPipeline.java:560)
            at java.base@25.0.1/java.util.stream.ReduceOps$ReduceOp.evaluateSequential(ReduceOps.java:921)
            at java.base@25.0.1/java.util.stream.AbstractPipeline.evaluate(AbstractPipeline.java:265)
            at java.base@25.0.1/java.util.stream.ReferencePipeline.collect(ReferencePipeline.java:723)
            at app//org.junit.jupiter.api.AssertAll.assertAll(AssertAll.java:77)
            ... 4 more

XmlResultExportFidelityTest > unrepresentableValueOrColumnKeepsOldTargetCleansOwnedTempAndAllowsRetry(int, boolean) > code=29, column=false FAILED
    org.gradle.internal.exceptions.DefaultMultiCauseException: Multiple Failures (4 failures)
    	org.opentest4j.AssertionFailedError: expected: <XML_CHARACTER> but was: <PREPARE>
    	org.opentest4j.AssertionFailedError: expected: <Result export failed at XML_CHARACTER> but was: <Result export failed at PREPARE>
    	org.opentest4j.AssertionFailedError: expected: not <null>
    	java.lang.NullPointerException: Cannot invoke "java.nio.file.Path.getFileSystem()" because "path" is null
        at app//org.junit.jupiter.api.AssertAll.assertAll(AssertAll.java:80)
        at app//org.junit.jupiter.api.AssertAll.assertAll(AssertAll.java:44)
        at app//org.junit.jupiter.api.AssertAll.assertAll(AssertAll.java:38)
        at app//org.junit.jupiter.api.Assertions.assertAll(Assertions.java:2944)
        at app//com.datacube.export.XmlResultExportFidelityTest.unrepresentableValueOrColumnKeepsOldTargetCleansOwnedTempAndAllowsRetry(XmlResultExportFidelityTest.java:114)

        Caused by:
        org.opentest4j.AssertionFailedError: expected: <XML_CHARACTER> but was: <PREPARE>
            at app//org.junit.jupiter.api.AssertionFailureBuilder.build(AssertionFailureBuilder.java:151)
            at app//org.junit.jupiter.api.AssertionFailureBuilder.buildAndThrow(AssertionFailureBuilder.java:132)
            at app//org.junit.jupiter.api.AssertEquals.failNotEqual(AssertEquals.java:197)
            at app//org.junit.jupiter.api.AssertEquals.assertEquals(AssertEquals.java:182)
            at app//org.junit.jupiter.api.AssertEquals.assertEquals(AssertEquals.java:177)
            at app//org.junit.jupiter.api.Assertions.assertEquals(Assertions.java:1145)
            at app//com.datacube.export.XmlResultExportFidelityTest.lambda$unrepresentableValueOrColumnKeepsOldTargetCleansOwnedTempAndAllowsRetry$2(XmlResultExportFidelityTest.java:114)
            at app//org.junit.jupiter.api.AssertAll.lambda$assertAll$0(AssertAll.java:68)
            at java.base@25.0.1/java.util.stream.ReferencePipeline$3$1.accept(ReferencePipeline.java:214)
            at java.base@25.0.1/java.util.Spliterators$ArraySpliterator.forEachRemaining(Spliterators.java:1024)
            at java.base@25.0.1/java.util.stream.AbstractPipeline.copyInto(AbstractPipeline.java:570)
            at java.base@25.0.1/java.util.stream.AbstractPipeline.wrapAndCopyInto(AbstractPipeline.java:560)
            at java.base@25.0.1/java.util.stream.ReduceOps$ReduceOp.evaluateSequential(ReduceOps.java:921)
            at java.base@25.0.1/java.util.stream.AbstractPipeline.evaluate(AbstractPipeline.java:265)
            at java.base@25.0.1/java.util.stream.ReferencePipeline.collect(ReferencePipeline.java:723)
            at app//org.junit.jupiter.api.AssertAll.assertAll(AssertAll.java:77)
            ... 4 more

XmlResultExportFidelityTest > unrepresentableValueOrColumnKeepsOldTargetCleansOwnedTempAndAllowsRetry(int, boolean) > code=29, column=true FAILED
    org.gradle.internal.exceptions.DefaultMultiCauseException: Multiple Failures (4 failures)
    	org.opentest4j.AssertionFailedError: expected: <XML_CHARACTER> but was: <PREPARE>
    	org.opentest4j.AssertionFailedError: expected: <Result export failed at XML_CHARACTER> but was: <Result export failed at PREPARE>
    	org.opentest4j.AssertionFailedError: expected: not <null>
    	java.lang.NullPointerException: Cannot invoke "java.nio.file.Path.getFileSystem()" because "path" is null
        at app//org.junit.jupiter.api.AssertAll.assertAll(AssertAll.java:80)
        at app//org.junit.jupiter.api.AssertAll.assertAll(AssertAll.java:44)
        at app//org.junit.jupiter.api.AssertAll.assertAll(AssertAll.java:38)
        at app//org.junit.jupiter.api.Assertions.assertAll(Assertions.java:2944)
        at app//com.datacube.export.XmlResultExportFidelityTest.unrepresentableValueOrColumnKeepsOldTargetCleansOwnedTempAndAllowsRetry(XmlResultExportFidelityTest.java:114)

        Caused by:
        org.opentest4j.AssertionFailedError: expected: <XML_CHARACTER> but was: <PREPARE>
            at app//org.junit.jupiter.api.AssertionFailureBuilder.build(AssertionFailureBuilder.java:151)
            at app//org.junit.jupiter.api.AssertionFailureBuilder.buildAndThrow(AssertionFailureBuilder.java:132)
            at app//org.junit.jupiter.api.AssertEquals.failNotEqual(AssertEquals.java:197)
            at app//org.junit.jupiter.api.AssertEquals.assertEquals(AssertEquals.java:182)
            at app//org.junit.jupiter.api.AssertEquals.assertEquals(AssertEquals.java:177)
            at app//org.junit.jupiter.api.Assertions.assertEquals(Assertions.java:1145)
            at app//com.datacube.export.XmlResultExportFidelityTest.lambda$unrepresentableValueOrColumnKeepsOldTargetCleansOwnedTempAndAllowsRetry$2(XmlResultExportFidelityTest.java:114)
            at app//org.junit.jupiter.api.AssertAll.lambda$assertAll$0(AssertAll.java:68)
            at java.base@25.0.1/java.util.stream.ReferencePipeline$3$1.accept(ReferencePipeline.java:214)
            at java.base@25.0.1/java.util.Spliterators$ArraySpliterator.forEachRemaining(Spliterators.java:1024)
            at java.base@25.0.1/java.util.stream.AbstractPipeline.copyInto(AbstractPipeline.java:570)
            at java.base@25.0.1/java.util.stream.AbstractPipeline.wrapAndCopyInto(AbstractPipeline.java:560)
            at java.base@25.0.1/java.util.stream.ReduceOps$ReduceOp.evaluateSequential(ReduceOps.java:921)
            at java.base@25.0.1/java.util.stream.AbstractPipeline.evaluate(AbstractPipeline.java:265)
            at java.base@25.0.1/java.util.stream.ReferencePipeline.collect(ReferencePipeline.java:723)
            at app//org.junit.jupiter.api.AssertAll.assertAll(AssertAll.java:77)
            ... 4 more

XmlResultExportFidelityTest > unrepresentableValueOrColumnKeepsOldTargetCleansOwnedTempAndAllowsRetry(int, boolean) > code=30, column=false FAILED
    org.gradle.internal.exceptions.DefaultMultiCauseException: Multiple Failures (4 failures)
    	org.opentest4j.AssertionFailedError: expected: <XML_CHARACTER> but was: <PREPARE>
    	org.opentest4j.AssertionFailedError: expected: <Result export failed at XML_CHARACTER> but was: <Result export failed at PREPARE>
    	org.opentest4j.AssertionFailedError: expected: not <null>
    	java.lang.NullPointerException: Cannot invoke "java.nio.file.Path.getFileSystem()" because "path" is null
        at app//org.junit.jupiter.api.AssertAll.assertAll(AssertAll.java:80)
        at app//org.junit.jupiter.api.AssertAll.assertAll(AssertAll.java:44)
        at app//org.junit.jupiter.api.AssertAll.assertAll(AssertAll.java:38)
        at app//org.junit.jupiter.api.Assertions.assertAll(Assertions.java:2944)
        at app//com.datacube.export.XmlResultExportFidelityTest.unrepresentableValueOrColumnKeepsOldTargetCleansOwnedTempAndAllowsRetry(XmlResultExportFidelityTest.java:114)

        Caused by:
        org.opentest4j.AssertionFailedError: expected: <XML_CHARACTER> but was: <PREPARE>
            at app//org.junit.jupiter.api.AssertionFailureBuilder.build(AssertionFailureBuilder.java:151)
            at app//org.junit.jupiter.api.AssertionFailureBuilder.buildAndThrow(AssertionFailureBuilder.java:132)
            at app//org.junit.jupiter.api.AssertEquals.failNotEqual(AssertEquals.java:197)
            at app//org.junit.jupiter.api.AssertEquals.assertEquals(AssertEquals.java:182)
            at app//org.junit.jupiter.api.AssertEquals.assertEquals(AssertEquals.java:177)
            at app//org.junit.jupiter.api.Assertions.assertEquals(Assertions.java:1145)
            at app//com.datacube.export.XmlResultExportFidelityTest.lambda$unrepresentableValueOrColumnKeepsOldTargetCleansOwnedTempAndAllowsRetry$2(XmlResultExportFidelityTest.java:114)
            at app//org.junit.jupiter.api.AssertAll.lambda$assertAll$0(AssertAll.java:68)
            at java.base@25.0.1/java.util.stream.ReferencePipeline$3$1.accept(ReferencePipeline.java:214)
            at java.base@25.0.1/java.util.Spliterators$ArraySpliterator.forEachRemaining(Spliterators.java:1024)
            at java.base@25.0.1/java.util.stream.AbstractPipeline.copyInto(AbstractPipeline.java:570)
            at java.base@25.0.1/java.util.stream.AbstractPipeline.wrapAndCopyInto(AbstractPipeline.java:560)
            at java.base@25.0.1/java.util.stream.ReduceOps$ReduceOp.evaluateSequential(ReduceOps.java:921)
            at java.base@25.0.1/java.util.stream.AbstractPipeline.evaluate(AbstractPipeline.java:265)
            at java.base@25.0.1/java.util.stream.ReferencePipeline.collect(ReferencePipeline.java:723)
            at app//org.junit.jupiter.api.AssertAll.assertAll(AssertAll.java:77)
            ... 4 more

XmlResultExportFidelityTest > unrepresentableValueOrColumnKeepsOldTargetCleansOwnedTempAndAllowsRetry(int, boolean) > code=30, column=true FAILED
    org.gradle.internal.exceptions.DefaultMultiCauseException: Multiple Failures (4 failures)
    	org.opentest4j.AssertionFailedError: expected: <XML_CHARACTER> but was: <PREPARE>
    	org.opentest4j.AssertionFailedError: expected: <Result export failed at XML_CHARACTER> but was: <Result export failed at PREPARE>
    	org.opentest4j.AssertionFailedError: expected: not <null>
    	java.lang.NullPointerException: Cannot invoke "java.nio.file.Path.getFileSystem()" because "path" is null
        at app//org.junit.jupiter.api.AssertAll.assertAll(AssertAll.java:80)
        at app//org.junit.jupiter.api.AssertAll.assertAll(AssertAll.java:44)
        at app//org.junit.jupiter.api.AssertAll.assertAll(AssertAll.java:38)
        at app//org.junit.jupiter.api.Assertions.assertAll(Assertions.java:2944)
        at app//com.datacube.export.XmlResultExportFidelityTest.unrepresentableValueOrColumnKeepsOldTargetCleansOwnedTempAndAllowsRetry(XmlResultExportFidelityTest.java:114)

        Caused by:
        org.opentest4j.AssertionFailedError: expected: <XML_CHARACTER> but was: <PREPARE>
            at app//org.junit.jupiter.api.AssertionFailureBuilder.build(AssertionFailureBuilder.java:151)
            at app//org.junit.jupiter.api.AssertionFailureBuilder.buildAndThrow(AssertionFailureBuilder.java:132)
            at app//org.junit.jupiter.api.AssertEquals.failNotEqual(AssertEquals.java:197)
            at app//org.junit.jupiter.api.AssertEquals.assertEquals(AssertEquals.java:182)
            at app//org.junit.jupiter.api.AssertEquals.assertEquals(AssertEquals.java:177)
            at app//org.junit.jupiter.api.Assertions.assertEquals(Assertions.java:1145)
            at app//com.datacube.export.XmlResultExportFidelityTest.lambda$unrepresentableValueOrColumnKeepsOldTargetCleansOwnedTempAndAllowsRetry$2(XmlResultExportFidelityTest.java:114)
            at app//org.junit.jupiter.api.AssertAll.lambda$assertAll$0(AssertAll.java:68)
            at java.base@25.0.1/java.util.stream.ReferencePipeline$3$1.accept(ReferencePipeline.java:214)
            at java.base@25.0.1/java.util.Spliterators$ArraySpliterator.forEachRemaining(Spliterators.java:1024)
            at java.base@25.0.1/java.util.stream.AbstractPipeline.copyInto(AbstractPipeline.java:570)
            at java.base@25.0.1/java.util.stream.AbstractPipeline.wrapAndCopyInto(AbstractPipeline.java:560)
            at java.base@25.0.1/java.util.stream.ReduceOps$ReduceOp.evaluateSequential(ReduceOps.java:921)
            at java.base@25.0.1/java.util.stream.AbstractPipeline.evaluate(AbstractPipeline.java:265)
            at java.base@25.0.1/java.util.stream.ReferencePipeline.collect(ReferencePipeline.java:723)
            at app//org.junit.jupiter.api.AssertAll.assertAll(AssertAll.java:77)
            ... 4 more

XmlResultExportFidelityTest > unrepresentableValueOrColumnKeepsOldTargetCleansOwnedTempAndAllowsRetry(int, boolean) > code=31, column=false FAILED
    org.gradle.internal.exceptions.DefaultMultiCauseException: Multiple Failures (4 failures)
    	org.opentest4j.AssertionFailedError: expected: <XML_CHARACTER> but was: <PREPARE>
    	org.opentest4j.AssertionFailedError: expected: <Result export failed at XML_CHARACTER> but was: <Result export failed at PREPARE>
    	org.opentest4j.AssertionFailedError: expected: not <null>
    	java.lang.NullPointerException: Cannot invoke "java.nio.file.Path.getFileSystem()" because "path" is null
        at app//org.junit.jupiter.api.AssertAll.assertAll(AssertAll.java:80)
        at app//org.junit.jupiter.api.AssertAll.assertAll(AssertAll.java:44)
        at app//org.junit.jupiter.api.AssertAll.assertAll(AssertAll.java:38)
        at app//org.junit.jupiter.api.Assertions.assertAll(Assertions.java:2944)
        at app//com.datacube.export.XmlResultExportFidelityTest.unrepresentableValueOrColumnKeepsOldTargetCleansOwnedTempAndAllowsRetry(XmlResultExportFidelityTest.java:114)

        Caused by:
        org.opentest4j.AssertionFailedError: expected: <XML_CHARACTER> but was: <PREPARE>
            at app//org.junit.jupiter.api.AssertionFailureBuilder.build(AssertionFailureBuilder.java:151)
            at app//org.junit.jupiter.api.AssertionFailureBuilder.buildAndThrow(AssertionFailureBuilder.java:132)
            at app//org.junit.jupiter.api.AssertEquals.failNotEqual(AssertEquals.java:197)
            at app//org.junit.jupiter.api.AssertEquals.assertEquals(AssertEquals.java:182)
            at app//org.junit.jupiter.api.AssertEquals.assertEquals(AssertEquals.java:177)
            at app//org.junit.jupiter.api.Assertions.assertEquals(Assertions.java:1145)
            at app//com.datacube.export.XmlResultExportFidelityTest.lambda$unrepresentableValueOrColumnKeepsOldTargetCleansOwnedTempAndAllowsRetry$2(XmlResultExportFidelityTest.java:114)
            at app//org.junit.jupiter.api.AssertAll.lambda$assertAll$0(AssertAll.java:68)
            at java.base@25.0.1/java.util.stream.ReferencePipeline$3$1.accept(ReferencePipeline.java:214)
            at java.base@25.0.1/java.util.Spliterators$ArraySpliterator.forEachRemaining(Spliterators.java:1024)
            at java.base@25.0.1/java.util.stream.AbstractPipeline.copyInto(AbstractPipeline.java:570)
            at java.base@25.0.1/java.util.stream.AbstractPipeline.wrapAndCopyInto(AbstractPipeline.java:560)
            at java.base@25.0.1/java.util.stream.ReduceOps$ReduceOp.evaluateSequential(ReduceOps.java:921)
            at java.base@25.0.1/java.util.stream.AbstractPipeline.evaluate(AbstractPipeline.java:265)
            at java.base@25.0.1/java.util.stream.ReferencePipeline.collect(ReferencePipeline.java:723)
            at app//org.junit.jupiter.api.AssertAll.assertAll(AssertAll.java:77)
            ... 4 more

XmlResultExportFidelityTest > unrepresentableValueOrColumnKeepsOldTargetCleansOwnedTempAndAllowsRetry(int, boolean) > code=31, column=true FAILED
    org.gradle.internal.exceptions.DefaultMultiCauseException: Multiple Failures (4 failures)
    	org.opentest4j.AssertionFailedError: expected: <XML_CHARACTER> but was: <PREPARE>
    	org.opentest4j.AssertionFailedError: expected: <Result export failed at XML_CHARACTER> but was: <Result export failed at PREPARE>
    	org.opentest4j.AssertionFailedError: expected: not <null>
    	java.lang.NullPointerException: Cannot invoke "java.nio.file.Path.getFileSystem()" because "path" is null
        at app//org.junit.jupiter.api.AssertAll.assertAll(AssertAll.java:80)
        at app//org.junit.jupiter.api.AssertAll.assertAll(AssertAll.java:44)
        at app//org.junit.jupiter.api.AssertAll.assertAll(AssertAll.java:38)
        at app//org.junit.jupiter.api.Assertions.assertAll(Assertions.java:2944)
        at app//com.datacube.export.XmlResultExportFidelityTest.unrepresentableValueOrColumnKeepsOldTargetCleansOwnedTempAndAllowsRetry(XmlResultExportFidelityTest.java:114)

        Caused by:
        org.opentest4j.AssertionFailedError: expected: <XML_CHARACTER> but was: <PREPARE>
            at app//org.junit.jupiter.api.AssertionFailureBuilder.build(AssertionFailureBuilder.java:151)
            at app//org.junit.jupiter.api.AssertionFailureBuilder.buildAndThrow(AssertionFailureBuilder.java:132)
            at app//org.junit.jupiter.api.AssertEquals.failNotEqual(AssertEquals.java:197)
            at app//org.junit.jupiter.api.AssertEquals.assertEquals(AssertEquals.java:182)
            at app//org.junit.jupiter.api.AssertEquals.assertEquals(AssertEquals.java:177)
            at app//org.junit.jupiter.api.Assertions.assertEquals(Assertions.java:1145)
            at app//com.datacube.export.XmlResultExportFidelityTest.lambda$unrepresentableValueOrColumnKeepsOldTargetCleansOwnedTempAndAllowsRetry$2(XmlResultExportFidelityTest.java:114)
            at app//org.junit.jupiter.api.AssertAll.lambda$assertAll$0(AssertAll.java:68)
            at java.base@25.0.1/java.util.stream.ReferencePipeline$3$1.accept(ReferencePipeline.java:214)
            at java.base@25.0.1/java.util.Spliterators$ArraySpliterator.forEachRemaining(Spliterators.java:1024)
            at java.base@25.0.1/java.util.stream.AbstractPipeline.copyInto(AbstractPipeline.java:570)
            at java.base@25.0.1/java.util.stream.AbstractPipeline.wrapAndCopyInto(AbstractPipeline.java:560)
            at java.base@25.0.1/java.util.stream.ReduceOps$ReduceOp.evaluateSequential(ReduceOps.java:921)
            at java.base@25.0.1/java.util.stream.AbstractPipeline.evaluate(AbstractPipeline.java:265)
            at java.base@25.0.1/java.util.stream.ReferencePipeline.collect(ReferencePipeline.java:723)
            at app//org.junit.jupiter.api.AssertAll.assertAll(AssertAll.java:77)
            ... 4 more

XmlResultExportFidelityTest > unrepresentableValueOrColumnKeepsOldTargetCleansOwnedTempAndAllowsRetry(int, boolean) > code=65534, column=false FAILED
    org.gradle.internal.exceptions.DefaultMultiCauseException: Multiple Failures (4 failures)
    	org.opentest4j.AssertionFailedError: expected: <XML_CHARACTER> but was: <PREPARE>
    	org.opentest4j.AssertionFailedError: expected: <Result export failed at XML_CHARACTER> but was: <Result export failed at PREPARE>
    	org.opentest4j.AssertionFailedError: expected: not <null>
    	java.lang.NullPointerException: Cannot invoke "java.nio.file.Path.getFileSystem()" because "path" is null
        at app//org.junit.jupiter.api.AssertAll.assertAll(AssertAll.java:80)
        at app//org.junit.jupiter.api.AssertAll.assertAll(AssertAll.java:44)
        at app//org.junit.jupiter.api.AssertAll.assertAll(AssertAll.java:38)
        at app//org.junit.jupiter.api.Assertions.assertAll(Assertions.java:2944)
        at app//com.datacube.export.XmlResultExportFidelityTest.unrepresentableValueOrColumnKeepsOldTargetCleansOwnedTempAndAllowsRetry(XmlResultExportFidelityTest.java:114)

        Caused by:
        org.opentest4j.AssertionFailedError: expected: <XML_CHARACTER> but was: <PREPARE>
            at app//org.junit.jupiter.api.AssertionFailureBuilder.build(AssertionFailureBuilder.java:151)
            at app//org.junit.jupiter.api.AssertionFailureBuilder.buildAndThrow(AssertionFailureBuilder.java:132)
            at app//org.junit.jupiter.api.AssertEquals.failNotEqual(AssertEquals.java:197)
            at app//org.junit.jupiter.api.AssertEquals.assertEquals(AssertEquals.java:182)
            at app//org.junit.jupiter.api.AssertEquals.assertEquals(AssertEquals.java:177)
            at app//org.junit.jupiter.api.Assertions.assertEquals(Assertions.java:1145)
            at app//com.datacube.export.XmlResultExportFidelityTest.lambda$unrepresentableValueOrColumnKeepsOldTargetCleansOwnedTempAndAllowsRetry$2(XmlResultExportFidelityTest.java:114)
            at app//org.junit.jupiter.api.AssertAll.lambda$assertAll$0(AssertAll.java:68)
            at java.base@25.0.1/java.util.stream.ReferencePipeline$3$1.accept(ReferencePipeline.java:214)
            at java.base@25.0.1/java.util.Spliterators$ArraySpliterator.forEachRemaining(Spliterators.java:1024)
            at java.base@25.0.1/java.util.stream.AbstractPipeline.copyInto(AbstractPipeline.java:570)
            at java.base@25.0.1/java.util.stream.AbstractPipeline.wrapAndCopyInto(AbstractPipeline.java:560)
            at java.base@25.0.1/java.util.stream.ReduceOps$ReduceOp.evaluateSequential(ReduceOps.java:921)
            at java.base@25.0.1/java.util.stream.AbstractPipeline.evaluate(AbstractPipeline.java:265)
            at java.base@25.0.1/java.util.stream.ReferencePipeline.collect(ReferencePipeline.java:723)
            at app//org.junit.jupiter.api.AssertAll.assertAll(AssertAll.java:77)
            ... 4 more

XmlResultExportFidelityTest > unrepresentableValueOrColumnKeepsOldTargetCleansOwnedTempAndAllowsRetry(int, boolean) > code=65534, column=true FAILED
    org.gradle.internal.exceptions.DefaultMultiCauseException: Multiple Failures (4 failures)
    	org.opentest4j.AssertionFailedError: expected: <XML_CHARACTER> but was: <PREPARE>
    	org.opentest4j.AssertionFailedError: expected: <Result export failed at XML_CHARACTER> but was: <Result export failed at PREPARE>
    	org.opentest4j.AssertionFailedError: expected: not <null>
    	java.lang.NullPointerException: Cannot invoke "java.nio.file.Path.getFileSystem()" because "path" is null
        at app//org.junit.jupiter.api.AssertAll.assertAll(AssertAll.java:80)
        at app//org.junit.jupiter.api.AssertAll.assertAll(AssertAll.java:44)
        at app//org.junit.jupiter.api.AssertAll.assertAll(AssertAll.java:38)
        at app//org.junit.jupiter.api.Assertions.assertAll(Assertions.java:2944)
        at app//com.datacube.export.XmlResultExportFidelityTest.unrepresentableValueOrColumnKeepsOldTargetCleansOwnedTempAndAllowsRetry(XmlResultExportFidelityTest.java:114)

        Caused by:
        org.opentest4j.AssertionFailedError: expected: <XML_CHARACTER> but was: <PREPARE>
            at app//org.junit.jupiter.api.AssertionFailureBuilder.build(AssertionFailureBuilder.java:151)
            at app//org.junit.jupiter.api.AssertionFailureBuilder.buildAndThrow(AssertionFailureBuilder.java:132)
            at app//org.junit.jupiter.api.AssertEquals.failNotEqual(AssertEquals.java:197)
            at app//org.junit.jupiter.api.AssertEquals.assertEquals(AssertEquals.java:182)
            at app//org.junit.jupiter.api.AssertEquals.assertEquals(AssertEquals.java:177)
            at app//org.junit.jupiter.api.Assertions.assertEquals(Assertions.java:1145)
            at app//com.datacube.export.XmlResultExportFidelityTest.lambda$unrepresentableValueOrColumnKeepsOldTargetCleansOwnedTempAndAllowsRetry$2(XmlResultExportFidelityTest.java:114)
            at app//org.junit.jupiter.api.AssertAll.lambda$assertAll$0(AssertAll.java:68)
            at java.base@25.0.1/java.util.stream.ReferencePipeline$3$1.accept(ReferencePipeline.java:214)
            at java.base@25.0.1/java.util.Spliterators$ArraySpliterator.forEachRemaining(Spliterators.java:1024)
            at java.base@25.0.1/java.util.stream.AbstractPipeline.copyInto(AbstractPipeline.java:570)
            at java.base@25.0.1/java.util.stream.AbstractPipeline.wrapAndCopyInto(AbstractPipeline.java:560)
            at java.base@25.0.1/java.util.stream.ReduceOps$ReduceOp.evaluateSequential(ReduceOps.java:921)
            at java.base@25.0.1/java.util.stream.AbstractPipeline.evaluate(AbstractPipeline.java:265)
            at java.base@25.0.1/java.util.stream.ReferencePipeline.collect(ReferencePipeline.java:723)
            at app//org.junit.jupiter.api.AssertAll.assertAll(AssertAll.java:77)
            ... 4 more

XmlResultExportFidelityTest > unrepresentableValueOrColumnKeepsOldTargetCleansOwnedTempAndAllowsRetry(int, boolean) > code=65535, column=false FAILED
    org.gradle.internal.exceptions.DefaultMultiCauseException: Multiple Failures (4 failures)
    	org.opentest4j.AssertionFailedError: expected: <XML_CHARACTER> but was: <PREPARE>
    	org.opentest4j.AssertionFailedError: expected: <Result export failed at XML_CHARACTER> but was: <Result export failed at PREPARE>
    	org.opentest4j.AssertionFailedError: expected: not <null>
    	java.lang.NullPointerException: Cannot invoke "java.nio.file.Path.getFileSystem()" because "path" is null
        at app//org.junit.jupiter.api.AssertAll.assertAll(AssertAll.java:80)
        at app//org.junit.jupiter.api.AssertAll.assertAll(AssertAll.java:44)
        at app//org.junit.jupiter.api.AssertAll.assertAll(AssertAll.java:38)
        at app//org.junit.jupiter.api.Assertions.assertAll(Assertions.java:2944)
        at app//com.datacube.export.XmlResultExportFidelityTest.unrepresentableValueOrColumnKeepsOldTargetCleansOwnedTempAndAllowsRetry(XmlResultExportFidelityTest.java:114)

        Caused by:
        org.opentest4j.AssertionFailedError: expected: <XML_CHARACTER> but was: <PREPARE>
            at app//org.junit.jupiter.api.AssertionFailureBuilder.build(AssertionFailureBuilder.java:151)
            at app//org.junit.jupiter.api.AssertionFailureBuilder.buildAndThrow(AssertionFailureBuilder.java:132)
            at app//org.junit.jupiter.api.AssertEquals.failNotEqual(AssertEquals.java:197)
            at app//org.junit.jupiter.api.AssertEquals.assertEquals(AssertEquals.java:182)
            at app//org.junit.jupiter.api.AssertEquals.assertEquals(AssertEquals.java:177)
            at app//org.junit.jupiter.api.Assertions.assertEquals(Assertions.java:1145)
            at app//com.datacube.export.XmlResultExportFidelityTest.lambda$unrepresentableValueOrColumnKeepsOldTargetCleansOwnedTempAndAllowsRetry$2(XmlResultExportFidelityTest.java:114)
            at app//org.junit.jupiter.api.AssertAll.lambda$assertAll$0(AssertAll.java:68)
            at java.base@25.0.1/java.util.stream.ReferencePipeline$3$1.accept(ReferencePipeline.java:214)
            at java.base@25.0.1/java.util.Spliterators$ArraySpliterator.forEachRemaining(Spliterators.java:1024)
            at java.base@25.0.1/java.util.stream.AbstractPipeline.copyInto(AbstractPipeline.java:570)
            at java.base@25.0.1/java.util.stream.AbstractPipeline.wrapAndCopyInto(AbstractPipeline.java:560)
            at java.base@25.0.1/java.util.stream.ReduceOps$ReduceOp.evaluateSequential(ReduceOps.java:921)
            at java.base@25.0.1/java.util.stream.AbstractPipeline.evaluate(AbstractPipeline.java:265)
            at java.base@25.0.1/java.util.stream.ReferencePipeline.collect(ReferencePipeline.java:723)
            at app//org.junit.jupiter.api.AssertAll.assertAll(AssertAll.java:77)
            ... 4 more

XmlResultExportFidelityTest > unrepresentableValueOrColumnKeepsOldTargetCleansOwnedTempAndAllowsRetry(int, boolean) > code=65535, column=true FAILED
    org.gradle.internal.exceptions.DefaultMultiCauseException: Multiple Failures (4 failures)
    	org.opentest4j.AssertionFailedError: expected: <XML_CHARACTER> but was: <PREPARE>
    	org.opentest4j.AssertionFailedError: expected: <Result export failed at XML_CHARACTER> but was: <Result export failed at PREPARE>
    	org.opentest4j.AssertionFailedError: expected: not <null>
    	java.lang.NullPointerException: Cannot invoke "java.nio.file.Path.getFileSystem()" because "path" is null
        at app//org.junit.jupiter.api.AssertAll.assertAll(AssertAll.java:80)
        at app//org.junit.jupiter.api.AssertAll.assertAll(AssertAll.java:44)
        at app//org.junit.jupiter.api.AssertAll.assertAll(AssertAll.java:38)
        at app//org.junit.jupiter.api.Assertions.assertAll(Assertions.java:2944)
        at app//com.datacube.export.XmlResultExportFidelityTest.unrepresentableValueOrColumnKeepsOldTargetCleansOwnedTempAndAllowsRetry(XmlResultExportFidelityTest.java:114)

        Caused by:
        org.opentest4j.AssertionFailedError: expected: <XML_CHARACTER> but was: <PREPARE>
            at app//org.junit.jupiter.api.AssertionFailureBuilder.build(AssertionFailureBuilder.java:151)
            at app//org.junit.jupiter.api.AssertionFailureBuilder.buildAndThrow(AssertionFailureBuilder.java:132)
            at app//org.junit.jupiter.api.AssertEquals.failNotEqual(AssertEquals.java:197)
            at app//org.junit.jupiter.api.AssertEquals.assertEquals(AssertEquals.java:182)
            at app//org.junit.jupiter.api.AssertEquals.assertEquals(AssertEquals.java:177)
            at app//org.junit.jupiter.api.Assertions.assertEquals(Assertions.java:1145)
            at app//com.datacube.export.XmlResultExportFidelityTest.lambda$unrepresentableValueOrColumnKeepsOldTargetCleansOwnedTempAndAllowsRetry$2(XmlResultExportFidelityTest.java:114)
            at app//org.junit.jupiter.api.AssertAll.lambda$assertAll$0(AssertAll.java:68)
            at java.base@25.0.1/java.util.stream.ReferencePipeline$3$1.accept(ReferencePipeline.java:214)
            at java.base@25.0.1/java.util.Spliterators$ArraySpliterator.forEachRemaining(Spliterators.java:1024)
            at java.base@25.0.1/java.util.stream.AbstractPipeline.copyInto(AbstractPipeline.java:570)
            at java.base@25.0.1/java.util.stream.AbstractPipeline.wrapAndCopyInto(AbstractPipeline.java:560)
            at java.base@25.0.1/java.util.stream.ReduceOps$ReduceOp.evaluateSequential(ReduceOps.java:921)
            at java.base@25.0.1/java.util.stream.AbstractPipeline.evaluate(AbstractPipeline.java:265)
            at java.base@25.0.1/java.util.stream.ReferencePipeline.collect(ReferencePipeline.java:723)
            at app//org.junit.jupiter.api.AssertAll.assertAll(AssertAll.java:77)
            ... 4 more

XmlResultExportFidelityTest > unrepresentableValueOrColumnKeepsOldTargetCleansOwnedTempAndAllowsRetry(int, boolean) > code=55296, column=false FAILED
    org.gradle.internal.exceptions.DefaultMultiCauseException: Multiple Failures (4 failures)
    	org.opentest4j.AssertionFailedError: expected: <XML_CHARACTER> but was: <PREPARE>
    	org.opentest4j.AssertionFailedError: expected: <Result export failed at XML_CHARACTER> but was: <Result export failed at PREPARE>
    	org.opentest4j.AssertionFailedError: expected: not <null>
    	java.lang.NullPointerException: Cannot invoke "java.nio.file.Path.getFileSystem()" because "path" is null
        at app//org.junit.jupiter.api.AssertAll.assertAll(AssertAll.java:80)
        at app//org.junit.jupiter.api.AssertAll.assertAll(AssertAll.java:44)
        at app//org.junit.jupiter.api.AssertAll.assertAll(AssertAll.java:38)
        at app//org.junit.jupiter.api.Assertions.assertAll(Assertions.java:2944)
        at app//com.datacube.export.XmlResultExportFidelityTest.unrepresentableValueOrColumnKeepsOldTargetCleansOwnedTempAndAllowsRetry(XmlResultExportFidelityTest.java:114)

        Caused by:
        org.opentest4j.AssertionFailedError: expected: <XML_CHARACTER> but was: <PREPARE>
            at app//org.junit.jupiter.api.AssertionFailureBuilder.build(AssertionFailureBuilder.java:151)
            at app//org.junit.jupiter.api.AssertionFailureBuilder.buildAndThrow(AssertionFailureBuilder.java:132)
            at app//org.junit.jupiter.api.AssertEquals.failNotEqual(AssertEquals.java:197)
            at app//org.junit.jupiter.api.AssertEquals.assertEquals(AssertEquals.java:182)
            at app//org.junit.jupiter.api.AssertEquals.assertEquals(AssertEquals.java:177)
            at app//org.junit.jupiter.api.Assertions.assertEquals(Assertions.java:1145)
            at app//com.datacube.export.XmlResultExportFidelityTest.lambda$unrepresentableValueOrColumnKeepsOldTargetCleansOwnedTempAndAllowsRetry$2(XmlResultExportFidelityTest.java:114)
            at app//org.junit.jupiter.api.AssertAll.lambda$assertAll$0(AssertAll.java:68)
            at java.base@25.0.1/java.util.stream.ReferencePipeline$3$1.accept(ReferencePipeline.java:214)
            at java.base@25.0.1/java.util.Spliterators$ArraySpliterator.forEachRemaining(Spliterators.java:1024)
            at java.base@25.0.1/java.util.stream.AbstractPipeline.copyInto(AbstractPipeline.java:570)
            at java.base@25.0.1/java.util.stream.AbstractPipeline.wrapAndCopyInto(AbstractPipeline.java:560)
            at java.base@25.0.1/java.util.stream.ReduceOps$ReduceOp.evaluateSequential(ReduceOps.java:921)
            at java.base@25.0.1/java.util.stream.AbstractPipeline.evaluate(AbstractPipeline.java:265)
            at java.base@25.0.1/java.util.stream.ReferencePipeline.collect(ReferencePipeline.java:723)
            at app//org.junit.jupiter.api.AssertAll.assertAll(AssertAll.java:77)
            ... 4 more

XmlResultExportFidelityTest > unrepresentableValueOrColumnKeepsOldTargetCleansOwnedTempAndAllowsRetry(int, boolean) > code=55296, column=true FAILED
    org.gradle.internal.exceptions.DefaultMultiCauseException: Multiple Failures (4 failures)
    	org.opentest4j.AssertionFailedError: expected: <XML_CHARACTER> but was: <PREPARE>
    	org.opentest4j.AssertionFailedError: expected: <Result export failed at XML_CHARACTER> but was: <Result export failed at PREPARE>
    	org.opentest4j.AssertionFailedError: expected: not <null>
    	java.lang.NullPointerException: Cannot invoke "java.nio.file.Path.getFileSystem()" because "path" is null
        at app//org.junit.jupiter.api.AssertAll.assertAll(AssertAll.java:80)
        at app//org.junit.jupiter.api.AssertAll.assertAll(AssertAll.java:44)
        at app//org.junit.jupiter.api.AssertAll.assertAll(AssertAll.java:38)
        at app//org.junit.jupiter.api.Assertions.assertAll(Assertions.java:2944)
        at app//com.datacube.export.XmlResultExportFidelityTest.unrepresentableValueOrColumnKeepsOldTargetCleansOwnedTempAndAllowsRetry(XmlResultExportFidelityTest.java:114)

        Caused by:
        org.opentest4j.AssertionFailedError: expected: <XML_CHARACTER> but was: <PREPARE>
            at app//org.junit.jupiter.api.AssertionFailureBuilder.build(AssertionFailureBuilder.java:151)
            at app//org.junit.jupiter.api.AssertionFailureBuilder.buildAndThrow(AssertionFailureBuilder.java:132)
            at app//org.junit.jupiter.api.AssertEquals.failNotEqual(AssertEquals.java:197)
            at app//org.junit.jupiter.api.AssertEquals.assertEquals(AssertEquals.java:182)
            at app//org.junit.jupiter.api.AssertEquals.assertEquals(AssertEquals.java:177)
            at app//org.junit.jupiter.api.Assertions.assertEquals(Assertions.java:1145)
            at app//com.datacube.export.XmlResultExportFidelityTest.lambda$unrepresentableValueOrColumnKeepsOldTargetCleansOwnedTempAndAllowsRetry$2(XmlResultExportFidelityTest.java:114)
            at app//org.junit.jupiter.api.AssertAll.lambda$assertAll$0(AssertAll.java:68)
            at java.base@25.0.1/java.util.stream.ReferencePipeline$3$1.accept(ReferencePipeline.java:214)
            at java.base@25.0.1/java.util.Spliterators$ArraySpliterator.forEachRemaining(Spliterators.java:1024)
            at java.base@25.0.1/java.util.stream.AbstractPipeline.copyInto(AbstractPipeline.java:570)
            at java.base@25.0.1/java.util.stream.AbstractPipeline.wrapAndCopyInto(AbstractPipeline.java:560)
            at java.base@25.0.1/java.util.stream.ReduceOps$ReduceOp.evaluateSequential(ReduceOps.java:921)
            at java.base@25.0.1/java.util.stream.AbstractPipeline.evaluate(AbstractPipeline.java:265)
            at java.base@25.0.1/java.util.stream.ReferencePipeline.collect(ReferencePipeline.java:723)
            at app//org.junit.jupiter.api.AssertAll.assertAll(AssertAll.java:77)
            ... 4 more

XmlResultExportFidelityTest > unrepresentableValueOrColumnKeepsOldTargetCleansOwnedTempAndAllowsRetry(int, boolean) > code=56319, column=false FAILED
    org.gradle.internal.exceptions.DefaultMultiCauseException: Multiple Failures (4 failures)
    	org.opentest4j.AssertionFailedError: expected: <XML_CHARACTER> but was: <PREPARE>
    	org.opentest4j.AssertionFailedError: expected: <Result export failed at XML_CHARACTER> but was: <Result export failed at PREPARE>
    	org.opentest4j.AssertionFailedError: expected: not <null>
    	java.lang.NullPointerException: Cannot invoke "java.nio.file.Path.getFileSystem()" because "path" is null
        at app//org.junit.jupiter.api.AssertAll.assertAll(AssertAll.java:80)
        at app//org.junit.jupiter.api.AssertAll.assertAll(AssertAll.java:44)
        at app//org.junit.jupiter.api.AssertAll.assertAll(AssertAll.java:38)
        at app//org.junit.jupiter.api.Assertions.assertAll(Assertions.java:2944)
        at app//com.datacube.export.XmlResultExportFidelityTest.unrepresentableValueOrColumnKeepsOldTargetCleansOwnedTempAndAllowsRetry(XmlResultExportFidelityTest.java:114)

        Caused by:
        org.opentest4j.AssertionFailedError: expected: <XML_CHARACTER> but was: <PREPARE>
            at app//org.junit.jupiter.api.AssertionFailureBuilder.build(AssertionFailureBuilder.java:151)
            at app//org.junit.jupiter.api.AssertionFailureBuilder.buildAndThrow(AssertionFailureBuilder.java:132)
            at app//org.junit.jupiter.api.AssertEquals.failNotEqual(AssertEquals.java:197)
            at app//org.junit.jupiter.api.AssertEquals.assertEquals(AssertEquals.java:182)
            at app//org.junit.jupiter.api.AssertEquals.assertEquals(AssertEquals.java:177)
            at app//org.junit.jupiter.api.Assertions.assertEquals(Assertions.java:1145)
            at app//com.datacube.export.XmlResultExportFidelityTest.lambda$unrepresentableValueOrColumnKeepsOldTargetCleansOwnedTempAndAllowsRetry$2(XmlResultExportFidelityTest.java:114)
            at app//org.junit.jupiter.api.AssertAll.lambda$assertAll$0(AssertAll.java:68)
            at java.base@25.0.1/java.util.stream.ReferencePipeline$3$1.accept(ReferencePipeline.java:214)
            at java.base@25.0.1/java.util.Spliterators$ArraySpliterator.forEachRemaining(Spliterators.java:1024)
            at java.base@25.0.1/java.util.stream.AbstractPipeline.copyInto(AbstractPipeline.java:570)
            at java.base@25.0.1/java.util.stream.AbstractPipeline.wrapAndCopyInto(AbstractPipeline.java:560)
            at java.base@25.0.1/java.util.stream.ReduceOps$ReduceOp.evaluateSequential(ReduceOps.java:921)
            at java.base@25.0.1/java.util.stream.AbstractPipeline.evaluate(AbstractPipeline.java:265)
            at java.base@25.0.1/java.util.stream.ReferencePipeline.collect(ReferencePipeline.java:723)
            at app//org.junit.jupiter.api.AssertAll.assertAll(AssertAll.java:77)
            ... 4 more

XmlResultExportFidelityTest > unrepresentableValueOrColumnKeepsOldTargetCleansOwnedTempAndAllowsRetry(int, boolean) > code=56319, column=true FAILED
    org.gradle.internal.exceptions.DefaultMultiCauseException: Multiple Failures (4 failures)
    	org.opentest4j.AssertionFailedError: expected: <XML_CHARACTER> but was: <PREPARE>
    	org.opentest4j.AssertionFailedError: expected: <Result export failed at XML_CHARACTER> but was: <Result export failed at PREPARE>
    	org.opentest4j.AssertionFailedError: expected: not <null>
    	java.lang.NullPointerException: Cannot invoke "java.nio.file.Path.getFileSystem()" because "path" is null
        at app//org.junit.jupiter.api.AssertAll.assertAll(AssertAll.java:80)
        at app//org.junit.jupiter.api.AssertAll.assertAll(AssertAll.java:44)
        at app//org.junit.jupiter.api.AssertAll.assertAll(AssertAll.java:38)
        at app//org.junit.jupiter.api.Assertions.assertAll(Assertions.java:2944)
        at app//com.datacube.export.XmlResultExportFidelityTest.unrepresentableValueOrColumnKeepsOldTargetCleansOwnedTempAndAllowsRetry(XmlResultExportFidelityTest.java:114)

        Caused by:
        org.opentest4j.AssertionFailedError: expected: <XML_CHARACTER> but was: <PREPARE>
            at app//org.junit.jupiter.api.AssertionFailureBuilder.build(AssertionFailureBuilder.java:151)
            at app//org.junit.jupiter.api.AssertionFailureBuilder.buildAndThrow(AssertionFailureBuilder.java:132)
            at app//org.junit.jupiter.api.AssertEquals.failNotEqual(AssertEquals.java:197)
            at app//org.junit.jupiter.api.AssertEquals.assertEquals(AssertEquals.java:182)
            at app//org.junit.jupiter.api.AssertEquals.assertEquals(AssertEquals.java:177)
            at app//org.junit.jupiter.api.Assertions.assertEquals(Assertions.java:1145)
            at app//com.datacube.export.XmlResultExportFidelityTest.lambda$unrepresentableValueOrColumnKeepsOldTargetCleansOwnedTempAndAllowsRetry$2(XmlResultExportFidelityTest.java:114)
            at app//org.junit.jupiter.api.AssertAll.lambda$assertAll$0(AssertAll.java:68)
            at java.base@25.0.1/java.util.stream.ReferencePipeline$3$1.accept(ReferencePipeline.java:214)
            at java.base@25.0.1/java.util.Spliterators$ArraySpliterator.forEachRemaining(Spliterators.java:1024)
            at java.base@25.0.1/java.util.stream.AbstractPipeline.copyInto(AbstractPipeline.java:570)
            at java.base@25.0.1/java.util.stream.AbstractPipeline.wrapAndCopyInto(AbstractPipeline.java:560)
            at java.base@25.0.1/java.util.stream.ReduceOps$ReduceOp.evaluateSequential(ReduceOps.java:921)
            at java.base@25.0.1/java.util.stream.AbstractPipeline.evaluate(AbstractPipeline.java:265)
            at java.base@25.0.1/java.util.stream.ReferencePipeline.collect(ReferencePipeline.java:723)
            at app//org.junit.jupiter.api.AssertAll.assertAll(AssertAll.java:77)
            ... 4 more

XmlResultExportFidelityTest > unrepresentableValueOrColumnKeepsOldTargetCleansOwnedTempAndAllowsRetry(int, boolean) > code=56320, column=false FAILED
    org.gradle.internal.exceptions.DefaultMultiCauseException: Multiple Failures (4 failures)
    	org.opentest4j.AssertionFailedError: expected: <XML_CHARACTER> but was: <PREPARE>
    	org.opentest4j.AssertionFailedError: expected: <Result export failed at XML_CHARACTER> but was: <Result export failed at PREPARE>
    	org.opentest4j.AssertionFailedError: expected: not <null>
    	java.lang.NullPointerException: Cannot invoke "java.nio.file.Path.getFileSystem()" because "path" is null
        at app//org.junit.jupiter.api.AssertAll.assertAll(AssertAll.java:80)
        at app//org.junit.jupiter.api.AssertAll.assertAll(AssertAll.java:44)
        at app//org.junit.jupiter.api.AssertAll.assertAll(AssertAll.java:38)
        at app//org.junit.jupiter.api.Assertions.assertAll(Assertions.java:2944)
        at app//com.datacube.export.XmlResultExportFidelityTest.unrepresentableValueOrColumnKeepsOldTargetCleansOwnedTempAndAllowsRetry(XmlResultExportFidelityTest.java:114)

        Caused by:
        org.opentest4j.AssertionFailedError: expected: <XML_CHARACTER> but was: <PREPARE>
            at app//org.junit.jupiter.api.AssertionFailureBuilder.build(AssertionFailureBuilder.java:151)
            at app//org.junit.jupiter.api.AssertionFailureBuilder.buildAndThrow(AssertionFailureBuilder.java:132)
            at app//org.junit.jupiter.api.AssertEquals.failNotEqual(AssertEquals.java:197)
            at app//org.junit.jupiter.api.AssertEquals.assertEquals(AssertEquals.java:182)
            at app//org.junit.jupiter.api.AssertEquals.assertEquals(AssertEquals.java:177)
            at app//org.junit.jupiter.api.Assertions.assertEquals(Assertions.java:1145)
            at app//com.datacube.export.XmlResultExportFidelityTest.lambda$unrepresentableValueOrColumnKeepsOldTargetCleansOwnedTempAndAllowsRetry$2(XmlResultExportFidelityTest.java:114)
            at app//org.junit.jupiter.api.AssertAll.lambda$assertAll$0(AssertAll.java:68)
            at java.base@25.0.1/java.util.stream.ReferencePipeline$3$1.accept(ReferencePipeline.java:214)
            at java.base@25.0.1/java.util.Spliterators$ArraySpliterator.forEachRemaining(Spliterators.java:1024)
            at java.base@25.0.1/java.util.stream.AbstractPipeline.copyInto(AbstractPipeline.java:570)
            at java.base@25.0.1/java.util.stream.AbstractPipeline.wrapAndCopyInto(AbstractPipeline.java:560)
            at java.base@25.0.1/java.util.stream.ReduceOps$ReduceOp.evaluateSequential(ReduceOps.java:921)
            at java.base@25.0.1/java.util.stream.AbstractPipeline.evaluate(AbstractPipeline.java:265)
            at java.base@25.0.1/java.util.stream.ReferencePipeline.collect(ReferencePipeline.java:723)
            at app//org.junit.jupiter.api.AssertAll.assertAll(AssertAll.java:77)
            ... 4 more

XmlResultExportFidelityTest > unrepresentableValueOrColumnKeepsOldTargetCleansOwnedTempAndAllowsRetry(int, boolean) > code=56320, column=true FAILED
    org.gradle.internal.exceptions.DefaultMultiCauseException: Multiple Failures (4 failures)
    	org.opentest4j.AssertionFailedError: expected: <XML_CHARACTER> but was: <PREPARE>
    	org.opentest4j.AssertionFailedError: expected: <Result export failed at XML_CHARACTER> but was: <Result export failed at PREPARE>
    	org.opentest4j.AssertionFailedError: expected: not <null>
    	java.lang.NullPointerException: Cannot invoke "java.nio.file.Path.getFileSystem()" because "path" is null
        at app//org.junit.jupiter.api.AssertAll.assertAll(AssertAll.java:80)
        at app//org.junit.jupiter.api.AssertAll.assertAll(AssertAll.java:44)
        at app//org.junit.jupiter.api.AssertAll.assertAll(AssertAll.java:38)
        at app//org.junit.jupiter.api.Assertions.assertAll(Assertions.java:2944)
        at app//com.datacube.export.XmlResultExportFidelityTest.unrepresentableValueOrColumnKeepsOldTargetCleansOwnedTempAndAllowsRetry(XmlResultExportFidelityTest.java:114)

        Caused by:
        org.opentest4j.AssertionFailedError: expected: <XML_CHARACTER> but was: <PREPARE>
            at app//org.junit.jupiter.api.AssertionFailureBuilder.build(AssertionFailureBuilder.java:151)
            at app//org.junit.jupiter.api.AssertionFailureBuilder.buildAndThrow(AssertionFailureBuilder.java:132)
            at app//org.junit.jupiter.api.AssertEquals.failNotEqual(AssertEquals.java:197)
            at app//org.junit.jupiter.api.AssertEquals.assertEquals(AssertEquals.java:182)
            at app//org.junit.jupiter.api.AssertEquals.assertEquals(AssertEquals.java:177)
            at app//org.junit.jupiter.api.Assertions.assertEquals(Assertions.java:1145)
            at app//com.datacube.export.XmlResultExportFidelityTest.lambda$unrepresentableValueOrColumnKeepsOldTargetCleansOwnedTempAndAllowsRetry$2(XmlResultExportFidelityTest.java:114)
            at app//org.junit.jupiter.api.AssertAll.lambda$assertAll$0(AssertAll.java:68)
            at java.base@25.0.1/java.util.stream.ReferencePipeline$3$1.accept(ReferencePipeline.java:214)
            at java.base@25.0.1/java.util.Spliterators$ArraySpliterator.forEachRemaining(Spliterators.java:1024)
            at java.base@25.0.1/java.util.stream.AbstractPipeline.copyInto(AbstractPipeline.java:570)
            at java.base@25.0.1/java.util.stream.AbstractPipeline.wrapAndCopyInto(AbstractPipeline.java:560)
            at java.base@25.0.1/java.util.stream.ReduceOps$ReduceOp.evaluateSequential(ReduceOps.java:921)
            at java.base@25.0.1/java.util.stream.AbstractPipeline.evaluate(AbstractPipeline.java:265)
            at java.base@25.0.1/java.util.stream.ReferencePipeline.collect(ReferencePipeline.java:723)
            at app//org.junit.jupiter.api.AssertAll.assertAll(AssertAll.java:77)
            ... 4 more

XmlResultExportFidelityTest > unrepresentableValueOrColumnKeepsOldTargetCleansOwnedTempAndAllowsRetry(int, boolean) > code=57343, column=false FAILED
    org.gradle.internal.exceptions.DefaultMultiCauseException: Multiple Failures (4 failures)
    	org.opentest4j.AssertionFailedError: expected: <XML_CHARACTER> but was: <PREPARE>
    	org.opentest4j.AssertionFailedError: expected: <Result export failed at XML_CHARACTER> but was: <Result export failed at PREPARE>
    	org.opentest4j.AssertionFailedError: expected: not <null>
    	java.lang.NullPointerException: Cannot invoke "java.nio.file.Path.getFileSystem()" because "path" is null
        at app//org.junit.jupiter.api.AssertAll.assertAll(AssertAll.java:80)
        at app//org.junit.jupiter.api.AssertAll.assertAll(AssertAll.java:44)
        at app//org.junit.jupiter.api.AssertAll.assertAll(AssertAll.java:38)
        at app//org.junit.jupiter.api.Assertions.assertAll(Assertions.java:2944)
        at app//com.datacube.export.XmlResultExportFidelityTest.unrepresentableValueOrColumnKeepsOldTargetCleansOwnedTempAndAllowsRetry(XmlResultExportFidelityTest.java:114)

        Caused by:
        org.opentest4j.AssertionFailedError: expected: <XML_CHARACTER> but was: <PREPARE>
            at app//org.junit.jupiter.api.AssertionFailureBuilder.build(AssertionFailureBuilder.java:151)
            at app//org.junit.jupiter.api.AssertionFailureBuilder.buildAndThrow(AssertionFailureBuilder.java:132)
            at app//org.junit.jupiter.api.AssertEquals.failNotEqual(AssertEquals.java:197)
            at app//org.junit.jupiter.api.AssertEquals.assertEquals(AssertEquals.java:182)
            at app//org.junit.jupiter.api.AssertEquals.assertEquals(AssertEquals.java:177)
            at app//org.junit.jupiter.api.Assertions.assertEquals(Assertions.java:1145)
            at app//com.datacube.export.XmlResultExportFidelityTest.lambda$unrepresentableValueOrColumnKeepsOldTargetCleansOwnedTempAndAllowsRetry$2(XmlResultExportFidelityTest.java:114)
            at app//org.junit.jupiter.api.AssertAll.lambda$assertAll$0(AssertAll.java:68)
            at java.base@25.0.1/java.util.stream.ReferencePipeline$3$1.accept(ReferencePipeline.java:214)
            at java.base@25.0.1/java.util.Spliterators$ArraySpliterator.forEachRemaining(Spliterators.java:1024)
            at java.base@25.0.1/java.util.stream.AbstractPipeline.copyInto(AbstractPipeline.java:570)
            at java.base@25.0.1/java.util.stream.AbstractPipeline.wrapAndCopyInto(AbstractPipeline.java:560)
            at java.base@25.0.1/java.util.stream.ReduceOps$ReduceOp.evaluateSequential(ReduceOps.java:921)
            at java.base@25.0.1/java.util.stream.AbstractPipeline.evaluate(AbstractPipeline.java:265)
            at java.base@25.0.1/java.util.stream.ReferencePipeline.collect(ReferencePipeline.java:723)
            at app//org.junit.jupiter.api.AssertAll.assertAll(AssertAll.java:77)
            ... 4 more

XmlResultExportFidelityTest > unrepresentableValueOrColumnKeepsOldTargetCleansOwnedTempAndAllowsRetry(int, boolean) > code=57343, column=true FAILED
    org.gradle.internal.exceptions.DefaultMultiCauseException: Multiple Failures (4 failures)
    	org.opentest4j.AssertionFailedError: expected: <XML_CHARACTER> but was: <PREPARE>
    	org.opentest4j.AssertionFailedError: expected: <Result export failed at XML_CHARACTER> but was: <Result export failed at PREPARE>
    	org.opentest4j.AssertionFailedError: expected: not <null>
    	java.lang.NullPointerException: Cannot invoke "java.nio.file.Path.getFileSystem()" because "path" is null
        at app//org.junit.jupiter.api.AssertAll.assertAll(AssertAll.java:80)
        at app//org.junit.jupiter.api.AssertAll.assertAll(AssertAll.java:44)
        at app//org.junit.jupiter.api.AssertAll.assertAll(AssertAll.java:38)
        at app//org.junit.jupiter.api.Assertions.assertAll(Assertions.java:2944)
        at app//com.datacube.export.XmlResultExportFidelityTest.unrepresentableValueOrColumnKeepsOldTargetCleansOwnedTempAndAllowsRetry(XmlResultExportFidelityTest.java:114)

        Caused by:
        org.opentest4j.AssertionFailedError: expected: <XML_CHARACTER> but was: <PREPARE>
            at app//org.junit.jupiter.api.AssertionFailureBuilder.build(AssertionFailureBuilder.java:151)
            at app//org.junit.jupiter.api.AssertionFailureBuilder.buildAndThrow(AssertionFailureBuilder.java:132)
            at app//org.junit.jupiter.api.AssertEquals.failNotEqual(AssertEquals.java:197)
            at app//org.junit.jupiter.api.AssertEquals.assertEquals(AssertEquals.java:182)
            at app//org.junit.jupiter.api.AssertEquals.assertEquals(AssertEquals.java:177)
            at app//org.junit.jupiter.api.Assertions.assertEquals(Assertions.java:1145)
            at app//com.datacube.export.XmlResultExportFidelityTest.lambda$unrepresentableValueOrColumnKeepsOldTargetCleansOwnedTempAndAllowsRetry$2(XmlResultExportFidelityTest.java:114)
            at app//org.junit.jupiter.api.AssertAll.lambda$assertAll$0(AssertAll.java:68)
            at java.base@25.0.1/java.util.stream.ReferencePipeline$3$1.accept(ReferencePipeline.java:214)
            at java.base@25.0.1/java.util.Spliterators$ArraySpliterator.forEachRemaining(Spliterators.java:1024)
            at java.base@25.0.1/java.util.stream.AbstractPipeline.copyInto(AbstractPipeline.java:570)
            at java.base@25.0.1/java.util.stream.AbstractPipeline.wrapAndCopyInto(AbstractPipeline.java:560)
            at java.base@25.0.1/java.util.stream.ReduceOps$ReduceOp.evaluateSequential(ReduceOps.java:921)
            at java.base@25.0.1/java.util.stream.AbstractPipeline.evaluate(AbstractPipeline.java:265)
            at java.base@25.0.1/java.util.stream.ReferencePipeline.collect(ReferencePipeline.java:723)
            at app//org.junit.jupiter.api.AssertAll.assertAll(AssertAll.java:77)
            ... 4 more

ExportDialogReliabilityTest > ownerClosureSuppressesLateUiWithoutClaimingWorkerStopped() FAILED
    java.lang.NullPointerException: Cannot read field "completion" because "task" is null
        at com.datacube.fx.ExportDialogReliabilityTest.ownerClosureSuppressesLateUiWithoutClaimingWorkerStopped(ExportDialogReliabilityTest.java:188)

ExportDialogReliabilityTest > runnerRejectionSettlesOnceWithoutDeletingTarget() FAILED
    java.lang.NullPointerException: Cannot read field "completion" because "task" is null
        at com.datacube.fx.ExportDialogReliabilityTest.done(ExportDialogReliabilityTest.java:45)
        at com.datacube.fx.ExportDialogReliabilityTest.runnerRejectionSettlesOnceWithoutDeletingTarget(ExportDialogReliabilityTest.java:123)

ExportDialogReliabilityTest > fxCancelReturnsWhileActualAtomicMoveIsBlockedAndDoesNotMisreportCancellation() FAILED
    java.lang.NullPointerException: Cannot read field "completion" because "task" is null
        at com.datacube.fx.ExportDialogReliabilityTest.fxCancelReturnsWhileActualAtomicMoveIsBlockedAndDoesNotMisreportCancellation(ExportDialogReliabilityTest.java:169)

ExportDialogReliabilityTest > actualTableExporterConnectionFailureDoesNotDeleteOldTarget(ExportFormat) > [1] SQL FAILED
    java.lang.NullPointerException: Cannot read field "completion" because "task" is null
        at com.datacube.fx.ExportDialogReliabilityTest.done(ExportDialogReliabilityTest.java:45)
        at com.datacube.fx.ExportDialogReliabilityTest.actualTableExporterConnectionFailureDoesNotDeleteOldTarget(ExportDialogReliabilityTest.java:71)

ExportDialogReliabilityTest > actualTableExporterConnectionFailureDoesNotDeleteOldTarget(ExportFormat) > [2] XLSX FAILED
    java.lang.NullPointerException: Cannot read field "completion" because "task" is null
        at com.datacube.fx.ExportDialogReliabilityTest.done(ExportDialogReliabilityTest.java:45)
        at com.datacube.fx.ExportDialogReliabilityTest.actualTableExporterConnectionFailureDoesNotDeleteOldTarget(ExportDialogReliabilityTest.java:71)

ExportDialogReliabilityTest > confirmationReplacementIsRejectedBeforeActualJobAcquiresSource() FAILED
    java.lang.NullPointerException: Cannot read field "completion" because "task" is null
        at com.datacube.fx.ExportDialogReliabilityTest.done(ExportDialogReliabilityTest.java:45)
        at com.datacube.fx.ExportDialogReliabilityTest.confirmationReplacementIsRejectedBeforeActualJobAcquiresSource(ExportDialogReliabilityTest.java:97)

ExportDialogReliabilityTest > injectedLocalPgFailureStillUsesActualTableExporterAndKeepsTarget() FAILED
    java.lang.NullPointerException: Cannot read field "completion" because "task" is null
        at com.datacube.fx.ExportDialogReliabilityTest.done(ExportDialogReliabilityTest.java:45)
        at com.datacube.fx.ExportDialogReliabilityTest.injectedLocalPgFailureStillUsesActualTableExporterAndKeepsTarget(ExportDialogReliabilityTest.java:84)

ExportDialogReliabilityTest > cancelledQueuedHandleSettlesWithoutStartingCallable() FAILED
    java.lang.NullPointerException: Cannot read field "completion" because "task" is null
        at com.datacube.fx.ExportDialogReliabilityTest.done(ExportDialogReliabilityTest.java:45)
        at com.datacube.fx.ExportDialogReliabilityTest.cancelledQueuedHandleSettlesWithoutStartingCallable(ExportDialogReliabilityTest.java:116)

ExportDialogReliabilityTest > refusedOverwriteDoesNotCreateScopeJobConnectionProcessOrTemporary(ExportFormat) > [1] SQL FAILED
    org.opentest4j.AssertionFailedError: expected: <1> but was: <0>
        at app//org.junit.jupiter.api.AssertionFailureBuilder.build(AssertionFailureBuilder.java:151)
        at app//org.junit.jupiter.api.AssertionFailureBuilder.buildAndThrow(AssertionFailureBuilder.java:132)
        at app//org.junit.jupiter.api.AssertEquals.failNotEqual(AssertEquals.java:197)
        at app//org.junit.jupiter.api.AssertEquals.assertEquals(AssertEquals.java:150)
        at app//org.junit.jupiter.api.AssertEquals.assertEquals(AssertEquals.java:145)
        at app//org.junit.jupiter.api.Assertions.assertEquals(Assertions.java:531)
        at app//com.datacube.fx.ExportDialogReliabilityTest.refusedOverwriteDoesNotCreateScopeJobConnectionProcessOrTemporary(ExportDialogReliabilityTest.java:59)

ExportDialogReliabilityTest > refusedOverwriteDoesNotCreateScopeJobConnectionProcessOrTemporary(ExportFormat) > [2] XLSX FAILED
    org.opentest4j.AssertionFailedError: expected: <1> but was: <0>
        at app//org.junit.jupiter.api.AssertionFailureBuilder.build(AssertionFailureBuilder.java:151)
        at app//org.junit.jupiter.api.AssertionFailureBuilder.buildAndThrow(AssertionFailureBuilder.java:132)
        at app//org.junit.jupiter.api.AssertEquals.failNotEqual(AssertEquals.java:197)
        at app//org.junit.jupiter.api.AssertEquals.assertEquals(AssertEquals.java:150)
        at app//org.junit.jupiter.api.AssertEquals.assertEquals(AssertEquals.java:145)
        at app//org.junit.jupiter.api.Assertions.assertEquals(Assertions.java:531)
        at app//com.datacube.fx.ExportDialogReliabilityTest.refusedOverwriteDoesNotCreateScopeJobConnectionProcessOrTemporary(ExportDialogReliabilityTest.java:59)

ExportDialogReliabilityTest > refusedOverwriteDoesNotCreateScopeJobConnectionProcessOrTemporary(ExportFormat) > [3] PG_DUMP FAILED
    org.opentest4j.AssertionFailedError: expected: <1> but was: <0>
        at app//org.junit.jupiter.api.AssertionFailureBuilder.build(AssertionFailureBuilder.java:151)
        at app//org.junit.jupiter.api.AssertionFailureBuilder.buildAndThrow(AssertionFailureBuilder.java:132)
        at app//org.junit.jupiter.api.AssertEquals.failNotEqual(AssertEquals.java:197)
        at app//org.junit.jupiter.api.AssertEquals.assertEquals(AssertEquals.java:150)
        at app//org.junit.jupiter.api.AssertEquals.assertEquals(AssertEquals.java:145)
        at app//org.junit.jupiter.api.Assertions.assertEquals(Assertions.java:531)
        at app//com.datacube.fx.ExportDialogReliabilityTest.refusedOverwriteDoesNotCreateScopeJobConnectionProcessOrTemporary(ExportDialogReliabilityTest.java:59)

ExportDialogReliabilityTest > cancellationWaitsForActualRowSourceReturnThenCanRetryWithNewConfirmation() FAILED
    java.lang.NullPointerException: Cannot read field "completion" because "task" is null
        at com.datacube.fx.ExportDialogReliabilityTest.cancellationWaitsForActualRowSourceReturnThenCanRetryWithNewConfirmation(ExportDialogReliabilityTest.java:148)

SqlResultExportCoordinatorTest > lateExportDoesNotOverwriteNewerStatusAndDuplicateIsNotSubmitted() FAILED
    org.opentest4j.AssertionFailedError: expected: <true> but was: <false>
        at app//org.junit.jupiter.api.AssertionFailureBuilder.build(AssertionFailureBuilder.java:151)
        at app//org.junit.jupiter.api.AssertionFailureBuilder.buildAndThrow(AssertionFailureBuilder.java:132)
        at app//org.junit.jupiter.api.AssertTrue.failNotTrue(AssertTrue.java:63)
        at app//org.junit.jupiter.api.AssertTrue.assertTrue(AssertTrue.java:36)
        at app//org.junit.jupiter.api.AssertTrue.assertTrue(AssertTrue.java:31)
        at app//org.junit.jupiter.api.Assertions.assertTrue(Assertions.java:183)
        at app//com.datacube.fx.SqlResultExportCoordinatorTest.lateExportDoesNotOverwriteNewerStatusAndDuplicateIsNotSubmitted(SqlResultExportCoordinatorTest.java:91)

SqlResultExportCoordinatorTest > rejectedSubmissionKeepsNewerStatusButAllowsRetryToReportItsOwnStartupFailure() FAILED
    org.opentest4j.AssertionFailedError: expected: <导出任务未能启动，请重试> but was: <无法安全保存：请选择本地普通文件>
        at app//org.junit.jupiter.api.AssertionFailureBuilder.build(AssertionFailureBuilder.java:151)
        at app//org.junit.jupiter.api.AssertionFailureBuilder.buildAndThrow(AssertionFailureBuilder.java:132)
        at app//org.junit.jupiter.api.AssertEquals.failNotEqual(AssertEquals.java:197)
        at app//org.junit.jupiter.api.AssertEquals.assertEquals(AssertEquals.java:182)
        at app//org.junit.jupiter.api.AssertEquals.assertEquals(AssertEquals.java:177)
        at app//org.junit.jupiter.api.Assertions.assertEquals(Assertions.java:1145)
        at app//com.datacube.fx.SqlResultExportCoordinatorTest.lambda$rejectedSubmissionKeepsNewerStatusButAllowsRetryToReportItsOwnStartupFailure$3(SqlResultExportCoordinatorTest.java:135)

SqlResultExportCoordinatorTest > closeCancelsUnpublishedFileAndSuppressesCompletionUi() FAILED
    org.opentest4j.AssertionFailedError: expected: <true> but was: <false>
        at app//org.junit.jupiter.api.AssertionFailureBuilder.build(AssertionFailureBuilder.java:151)
        at app//org.junit.jupiter.api.AssertionFailureBuilder.buildAndThrow(AssertionFailureBuilder.java:132)
        at app//org.junit.jupiter.api.AssertTrue.failNotTrue(AssertTrue.java:63)
        at app//org.junit.jupiter.api.AssertTrue.assertTrue(AssertTrue.java:36)
        at app//org.junit.jupiter.api.AssertTrue.assertTrue(AssertTrue.java:31)
        at app//org.junit.jupiter.api.Assertions.assertTrue(Assertions.java:183)
        at app//com.datacube.fx.SqlResultExportCoordinatorTest.closeCancelsUnpublishedFileAndSuppressesCompletionUi(SqlResultExportCoordinatorTest.java:183)

SqlResultExportCoordinatorTest > rejectedSubmissionReleasesBusyStateAndUsesFixedMessage() FAILED
    org.opentest4j.AssertionFailedError: expected: <2> but was: <0>
        at app//org.junit.jupiter.api.AssertionFailureBuilder.build(AssertionFailureBuilder.java:151)
        at app//org.junit.jupiter.api.AssertionFailureBuilder.buildAndThrow(AssertionFailureBuilder.java:132)
        at app//org.junit.jupiter.api.AssertEquals.failNotEqual(AssertEquals.java:197)
        at app//org.junit.jupiter.api.AssertEquals.assertEquals(AssertEquals.java:166)
        at app//org.junit.jupiter.api.AssertEquals.assertEquals(AssertEquals.java:161)
        at app//org.junit.jupiter.api.Assertions.assertEquals(Assertions.java:632)
        at app//com.datacube.fx.SqlResultExportCoordinatorTest.lambda$rejectedSubmissionReleasesBusyStateAndUsesFixedMessage$4(SqlResultExportCoordinatorTest.java:157)

SqlResultXlsxExportFailureTest > unpairedUtf16ReportsSafeWriteFailureWithoutSuccessAndCanRetry() FAILED
    org.opentest4j.AssertionFailedError: expected: <导出写入失败，原目标文件未修改> but was: <无法安全保存：请选择本地普通文件>
        at app//org.junit.jupiter.api.AssertionFailureBuilder.build(AssertionFailureBuilder.java:151)
        at app//org.junit.jupiter.api.AssertionFailureBuilder.buildAndThrow(AssertionFailureBuilder.java:132)
        at app//org.junit.jupiter.api.AssertEquals.failNotEqual(AssertEquals.java:197)
        at app//org.junit.jupiter.api.AssertEquals.assertEquals(AssertEquals.java:182)
        at app//org.junit.jupiter.api.AssertEquals.assertEquals(AssertEquals.java:177)
        at app//org.junit.jupiter.api.Assertions.assertEquals(Assertions.java:1145)
        at app//com.datacube.fx.SqlResultXlsxExportFailureTest.lambda$unpairedUtf16ReportsSafeWriteFailureWithoutSuccessAndCanRetry$6(SqlResultXlsxExportFailureTest.java:45)

SqlResultXmlExportFailureTest > unrepresentableXmlReportsFixedReasonWithoutSuccessAndCanRetry() FAILED
    org.opentest4j.AssertionFailedError: expected: <XML 无法表示部分字符，原目标文件未修改> but was: <无法安全保存：请选择本地普通文件>
        at app//org.junit.jupiter.api.AssertionFailureBuilder.build(AssertionFailureBuilder.java:151)
        at app//org.junit.jupiter.api.AssertionFailureBuilder.buildAndThrow(AssertionFailureBuilder.java:132)
        at app//org.junit.jupiter.api.AssertEquals.failNotEqual(AssertEquals.java:197)
        at app//org.junit.jupiter.api.AssertEquals.assertEquals(AssertEquals.java:182)
        at app//org.junit.jupiter.api.AssertEquals.assertEquals(AssertEquals.java:177)
        at app//org.junit.jupiter.api.Assertions.assertEquals(Assertions.java:1145)
        at app//com.datacube.fx.SqlResultXmlExportFailureTest.lambda$unrepresentableXmlReportsFixedReasonWithoutSuccessAndCanRetry$6(SqlResultXmlExportFailureTest.java:45)

> Task :test FAILED

[Incubating] Problems report is available at: file:///C:/Users/hetia/.codex/worktrees/aed5/%E6%9C%9D%E8%8A%B1%E5%A4%95%E6%8B%BE/build/reports/problems/problems-report.html
9 actionable tasks: 4 executed, 5 up-to-date
