Picked up JAVA_TOOL_OPTIONS: "-Duser.home=C:\Users\hetia\AppData\Local\Temp\datacube-xlsx-text-fidelity-worker-62d62349ece44b5cabfe475f48cc5369/profile" "-Djava.io.tmpdir=C:\Users\hetia\AppData\Local\Temp\DAF34D~1\temp" -Djava.awt.headless=false
To honour the JVM settings for this build a single-use Daemon process will be forked. For more on this, please refer to https://docs.gradle.org/9.2.0/userguide/gradle_daemon.html#sec:disabling_the_daemon in the Gradle documentation.
Daemon will be stopped at the end of the build 
> Task :buildSrc:compileJava UP-TO-DATE
> Task :buildSrc:compileGroovy NO-SOURCE
> Task :buildSrc:processResources NO-SOURCE
> Task :buildSrc:classes UP-TO-DATE
> Task :buildSrc:jar UP-TO-DATE
> Task :clean
> Task :compileJava
> Task :generateBrandIcons
> Task :generateVersionProperties
> Task :processResources
> Task :classes

注: 某些输入文件使用了未经检查或不安全的操作。
注: 有关详细信息, 请使用 -Xlint:unchecked 重新编译。
> Task :compileTestJava

> Task :processTestResources NO-SOURCE
> Task :testClasses

> Task :test
Picked up JAVA_TOOL_OPTIONS: "-Duser.home=C:\Users\hetia\AppData\Local\Temp\datacube-xlsx-text-fidelity-worker-62d62349ece44b5cabfe475f48cc5369/profile" "-Djava.io.tmpdir=C:\Users\hetia\AppData\Local\Temp\DAF34D~1\temp" -Djava.awt.headless=false

XlsxTextFidelityTest > realQueryPublisherPreservesOriginalAndUnrelatedBytesCleansAndRetries(String, boolean, boolean) > [1] SYNTHETIC_SECRET?END, false, false FAILED
    org.opentest4j.AssertionFailedError: Expected com.datacube.export.SafeResultFilePublisher.Failure to be thrown, but nothing was thrown.
        at app//org.junit.jupiter.api.AssertionFailureBuilder.build(AssertionFailureBuilder.java:152)
        at app//org.junit.jupiter.api.AssertThrows.assertThrows(AssertThrows.java:73)
        at app//org.junit.jupiter.api.AssertThrows.assertThrows(AssertThrows.java:35)
        at app//org.junit.jupiter.api.Assertions.assertThrows(Assertions.java:3128)
        at app//com.datacube.export.XlsxTextFidelityTest.realQueryPublisherPreservesOriginalAndUnrelatedBytesCleansAndRetries(XlsxTextFidelityTest.java:140)

XlsxTextFidelityTest > realQueryPublisherPreservesOriginalAndUnrelatedBytesCleansAndRetries(String, boolean, boolean) > [2] SYNTHETIC_SECRET?END, false, true FAILED
    org.opentest4j.AssertionFailedError: Expected com.datacube.export.SafeResultFilePublisher.Failure to be thrown, but nothing was thrown.
        at app//org.junit.jupiter.api.AssertionFailureBuilder.build(AssertionFailureBuilder.java:152)
        at app//org.junit.jupiter.api.AssertThrows.assertThrows(AssertThrows.java:73)
        at app//org.junit.jupiter.api.AssertThrows.assertThrows(AssertThrows.java:35)
        at app//org.junit.jupiter.api.Assertions.assertThrows(Assertions.java:3128)
        at app//com.datacube.export.XlsxTextFidelityTest.realQueryPublisherPreservesOriginalAndUnrelatedBytesCleansAndRetries(XlsxTextFidelityTest.java:140)

XlsxTextFidelityTest > realQueryPublisherPreservesOriginalAndUnrelatedBytesCleansAndRetries(String, boolean, boolean) > [3] SYNTHETIC_SECRET?END, true, false FAILED
    org.opentest4j.AssertionFailedError: Expected com.datacube.export.SafeResultFilePublisher.Failure to be thrown, but nothing was thrown.
        at app//org.junit.jupiter.api.AssertionFailureBuilder.build(AssertionFailureBuilder.java:152)
        at app//org.junit.jupiter.api.AssertThrows.assertThrows(AssertThrows.java:73)
        at app//org.junit.jupiter.api.AssertThrows.assertThrows(AssertThrows.java:35)
        at app//org.junit.jupiter.api.Assertions.assertThrows(Assertions.java:3128)
        at app//com.datacube.export.XlsxTextFidelityTest.realQueryPublisherPreservesOriginalAndUnrelatedBytesCleansAndRetries(XlsxTextFidelityTest.java:140)

XlsxTextFidelityTest > realQueryPublisherPreservesOriginalAndUnrelatedBytesCleansAndRetries(String, boolean, boolean) > [4] SYNTHETIC_SECRET?END, true, true FAILED
    org.opentest4j.AssertionFailedError: Expected com.datacube.export.SafeResultFilePublisher.Failure to be thrown, but nothing was thrown.
        at app//org.junit.jupiter.api.AssertionFailureBuilder.build(AssertionFailureBuilder.java:152)
        at app//org.junit.jupiter.api.AssertThrows.assertThrows(AssertThrows.java:73)
        at app//org.junit.jupiter.api.AssertThrows.assertThrows(AssertThrows.java:35)
        at app//org.junit.jupiter.api.Assertions.assertThrows(Assertions.java:3128)
        at app//com.datacube.export.XlsxTextFidelityTest.realQueryPublisherPreservesOriginalAndUnrelatedBytesCleansAndRetries(XlsxTextFidelityTest.java:140)

XlsxTextFidelityTest > realQueryPublisherPreservesOriginalAndUnrelatedBytesCleansAndRetries(String, boolean, boolean) > [5] SYNTHETIC_SECRET?END, false, false FAILED
    org.opentest4j.AssertionFailedError: Expected com.datacube.export.SafeResultFilePublisher.Failure to be thrown, but nothing was thrown.
        at app//org.junit.jupiter.api.AssertionFailureBuilder.build(AssertionFailureBuilder.java:152)
        at app//org.junit.jupiter.api.AssertThrows.assertThrows(AssertThrows.java:73)
        at app//org.junit.jupiter.api.AssertThrows.assertThrows(AssertThrows.java:35)
        at app//org.junit.jupiter.api.Assertions.assertThrows(Assertions.java:3128)
        at app//com.datacube.export.XlsxTextFidelityTest.realQueryPublisherPreservesOriginalAndUnrelatedBytesCleansAndRetries(XlsxTextFidelityTest.java:140)

XlsxTextFidelityTest > realQueryPublisherPreservesOriginalAndUnrelatedBytesCleansAndRetries(String, boolean, boolean) > [6] SYNTHETIC_SECRET?END, false, true FAILED
    org.opentest4j.AssertionFailedError: Expected com.datacube.export.SafeResultFilePublisher.Failure to be thrown, but nothing was thrown.
        at app//org.junit.jupiter.api.AssertionFailureBuilder.build(AssertionFailureBuilder.java:152)
        at app//org.junit.jupiter.api.AssertThrows.assertThrows(AssertThrows.java:73)
        at app//org.junit.jupiter.api.AssertThrows.assertThrows(AssertThrows.java:35)
        at app//org.junit.jupiter.api.Assertions.assertThrows(Assertions.java:3128)
        at app//com.datacube.export.XlsxTextFidelityTest.realQueryPublisherPreservesOriginalAndUnrelatedBytesCleansAndRetries(XlsxTextFidelityTest.java:140)

XlsxTextFidelityTest > realQueryPublisherPreservesOriginalAndUnrelatedBytesCleansAndRetries(String, boolean, boolean) > [7] SYNTHETIC_SECRET?END, true, false FAILED
    org.opentest4j.AssertionFailedError: Expected com.datacube.export.SafeResultFilePublisher.Failure to be thrown, but nothing was thrown.
        at app//org.junit.jupiter.api.AssertionFailureBuilder.build(AssertionFailureBuilder.java:152)
        at app//org.junit.jupiter.api.AssertThrows.assertThrows(AssertThrows.java:73)
        at app//org.junit.jupiter.api.AssertThrows.assertThrows(AssertThrows.java:35)
        at app//org.junit.jupiter.api.Assertions.assertThrows(Assertions.java:3128)
        at app//com.datacube.export.XlsxTextFidelityTest.realQueryPublisherPreservesOriginalAndUnrelatedBytesCleansAndRetries(XlsxTextFidelityTest.java:140)

XlsxTextFidelityTest > realQueryPublisherPreservesOriginalAndUnrelatedBytesCleansAndRetries(String, boolean, boolean) > [8] SYNTHETIC_SECRET?END, true, true FAILED
    org.opentest4j.AssertionFailedError: Expected com.datacube.export.SafeResultFilePublisher.Failure to be thrown, but nothing was thrown.
        at app//org.junit.jupiter.api.AssertionFailureBuilder.build(AssertionFailureBuilder.java:152)
        at app//org.junit.jupiter.api.AssertThrows.assertThrows(AssertThrows.java:73)
        at app//org.junit.jupiter.api.AssertThrows.assertThrows(AssertThrows.java:35)
        at app//org.junit.jupiter.api.Assertions.assertThrows(Assertions.java:3128)
        at app//com.datacube.export.XlsxTextFidelityTest.realQueryPublisherPreservesOriginalAndUnrelatedBytesCleansAndRetries(XlsxTextFidelityTest.java:140)

XlsxTextFidelityTest > realQueryPublisherPreservesOriginalAndUnrelatedBytesCleansAndRetries(String, boolean, boolean) > [9] SYNTHETIC_SECRET??END, false, false FAILED
    org.opentest4j.AssertionFailedError: Expected com.datacube.export.SafeResultFilePublisher.Failure to be thrown, but nothing was thrown.
        at app//org.junit.jupiter.api.AssertionFailureBuilder.build(AssertionFailureBuilder.java:152)
        at app//org.junit.jupiter.api.AssertThrows.assertThrows(AssertThrows.java:73)
        at app//org.junit.jupiter.api.AssertThrows.assertThrows(AssertThrows.java:35)
        at app//org.junit.jupiter.api.Assertions.assertThrows(Assertions.java:3128)
        at app//com.datacube.export.XlsxTextFidelityTest.realQueryPublisherPreservesOriginalAndUnrelatedBytesCleansAndRetries(XlsxTextFidelityTest.java:140)

XlsxTextFidelityTest > realQueryPublisherPreservesOriginalAndUnrelatedBytesCleansAndRetries(String, boolean, boolean) > [10] SYNTHETIC_SECRET??END, false, true FAILED
    org.opentest4j.AssertionFailedError: Expected com.datacube.export.SafeResultFilePublisher.Failure to be thrown, but nothing was thrown.
        at app//org.junit.jupiter.api.AssertionFailureBuilder.build(AssertionFailureBuilder.java:152)
        at app//org.junit.jupiter.api.AssertThrows.assertThrows(AssertThrows.java:73)
        at app//org.junit.jupiter.api.AssertThrows.assertThrows(AssertThrows.java:35)
        at app//org.junit.jupiter.api.Assertions.assertThrows(Assertions.java:3128)
        at app//com.datacube.export.XlsxTextFidelityTest.realQueryPublisherPreservesOriginalAndUnrelatedBytesCleansAndRetries(XlsxTextFidelityTest.java:140)

XlsxTextFidelityTest > realQueryPublisherPreservesOriginalAndUnrelatedBytesCleansAndRetries(String, boolean, boolean) > [11] SYNTHETIC_SECRET??END, true, false FAILED
    org.opentest4j.AssertionFailedError: Expected com.datacube.export.SafeResultFilePublisher.Failure to be thrown, but nothing was thrown.
        at app//org.junit.jupiter.api.AssertionFailureBuilder.build(AssertionFailureBuilder.java:152)
        at app//org.junit.jupiter.api.AssertThrows.assertThrows(AssertThrows.java:73)
        at app//org.junit.jupiter.api.AssertThrows.assertThrows(AssertThrows.java:35)
        at app//org.junit.jupiter.api.Assertions.assertThrows(Assertions.java:3128)
        at app//com.datacube.export.XlsxTextFidelityTest.realQueryPublisherPreservesOriginalAndUnrelatedBytesCleansAndRetries(XlsxTextFidelityTest.java:140)

XlsxTextFidelityTest > realQueryPublisherPreservesOriginalAndUnrelatedBytesCleansAndRetries(String, boolean, boolean) > [12] SYNTHETIC_SECRET??END, true, true FAILED
    org.opentest4j.AssertionFailedError: Expected com.datacube.export.SafeResultFilePublisher.Failure to be thrown, but nothing was thrown.
        at app//org.junit.jupiter.api.AssertionFailureBuilder.build(AssertionFailureBuilder.java:152)
        at app//org.junit.jupiter.api.AssertThrows.assertThrows(AssertThrows.java:73)
        at app//org.junit.jupiter.api.AssertThrows.assertThrows(AssertThrows.java:35)
        at app//org.junit.jupiter.api.Assertions.assertThrows(Assertions.java:3128)
        at app//com.datacube.export.XlsxTextFidelityTest.realQueryPublisherPreservesOriginalAndUnrelatedBytesCleansAndRetries(XlsxTextFidelityTest.java:140)

XlsxTextFidelityTest > unpairedUtf16FailsWithTypedFixedReasonInHeadersAndCells(String, boolean, boolean) > [1] ?tail, false, false FAILED
    org.opentest4j.AssertionFailedError: Expected java.io.IOException to be thrown, but nothing was thrown.
        at app//org.junit.jupiter.api.AssertionFailureBuilder.build(AssertionFailureBuilder.java:152)
        at app//org.junit.jupiter.api.AssertThrows.assertThrows(AssertThrows.java:73)
        at app//org.junit.jupiter.api.AssertThrows.assertThrows(AssertThrows.java:35)
        at app//org.junit.jupiter.api.Assertions.assertThrows(Assertions.java:3128)
        at app//com.datacube.export.XlsxTextFidelityTest.unpairedUtf16FailsWithTypedFixedReasonInHeadersAndCells(XlsxTextFidelityTest.java:104)

XlsxTextFidelityTest > unpairedUtf16FailsWithTypedFixedReasonInHeadersAndCells(String, boolean, boolean) > [2] ?tail, false, true FAILED
    org.opentest4j.AssertionFailedError: Expected java.io.IOException to be thrown, but nothing was thrown.
        at app//org.junit.jupiter.api.AssertionFailureBuilder.build(AssertionFailureBuilder.java:152)
        at app//org.junit.jupiter.api.AssertThrows.assertThrows(AssertThrows.java:73)
        at app//org.junit.jupiter.api.AssertThrows.assertThrows(AssertThrows.java:35)
        at app//org.junit.jupiter.api.Assertions.assertThrows(Assertions.java:3128)
        at app//com.datacube.export.XlsxTextFidelityTest.unpairedUtf16FailsWithTypedFixedReasonInHeadersAndCells(XlsxTextFidelityTest.java:104)

XlsxTextFidelityTest > unpairedUtf16FailsWithTypedFixedReasonInHeadersAndCells(String, boolean, boolean) > [3] ?tail, true, false FAILED
    org.opentest4j.AssertionFailedError: Expected java.io.IOException to be thrown, but nothing was thrown.
        at app//org.junit.jupiter.api.AssertionFailureBuilder.build(AssertionFailureBuilder.java:152)
        at app//org.junit.jupiter.api.AssertThrows.assertThrows(AssertThrows.java:73)
        at app//org.junit.jupiter.api.AssertThrows.assertThrows(AssertThrows.java:35)
        at app//org.junit.jupiter.api.Assertions.assertThrows(Assertions.java:3128)
        at app//com.datacube.export.XlsxTextFidelityTest.unpairedUtf16FailsWithTypedFixedReasonInHeadersAndCells(XlsxTextFidelityTest.java:104)

XlsxTextFidelityTest > unpairedUtf16FailsWithTypedFixedReasonInHeadersAndCells(String, boolean, boolean) > [4] ?tail, true, true FAILED
    org.opentest4j.AssertionFailedError: Expected java.io.IOException to be thrown, but nothing was thrown.
        at app//org.junit.jupiter.api.AssertionFailureBuilder.build(AssertionFailureBuilder.java:152)
        at app//org.junit.jupiter.api.AssertThrows.assertThrows(AssertThrows.java:73)
        at app//org.junit.jupiter.api.AssertThrows.assertThrows(AssertThrows.java:35)
        at app//org.junit.jupiter.api.Assertions.assertThrows(Assertions.java:3128)
        at app//com.datacube.export.XlsxTextFidelityTest.unpairedUtf16FailsWithTypedFixedReasonInHeadersAndCells(XlsxTextFidelityTest.java:104)

XlsxTextFidelityTest > unpairedUtf16FailsWithTypedFixedReasonInHeadersAndCells(String, boolean, boolean) > [5] head?tail, false, false FAILED
    org.opentest4j.AssertionFailedError: Expected java.io.IOException to be thrown, but nothing was thrown.
        at app//org.junit.jupiter.api.AssertionFailureBuilder.build(AssertionFailureBuilder.java:152)
        at app//org.junit.jupiter.api.AssertThrows.assertThrows(AssertThrows.java:73)
        at app//org.junit.jupiter.api.AssertThrows.assertThrows(AssertThrows.java:35)
        at app//org.junit.jupiter.api.Assertions.assertThrows(Assertions.java:3128)
        at app//com.datacube.export.XlsxTextFidelityTest.unpairedUtf16FailsWithTypedFixedReasonInHeadersAndCells(XlsxTextFidelityTest.java:104)

XlsxTextFidelityTest > unpairedUtf16FailsWithTypedFixedReasonInHeadersAndCells(String, boolean, boolean) > [6] head?tail, false, true FAILED
    org.opentest4j.AssertionFailedError: Expected java.io.IOException to be thrown, but nothing was thrown.
        at app//org.junit.jupiter.api.AssertionFailureBuilder.build(AssertionFailureBuilder.java:152)
        at app//org.junit.jupiter.api.AssertThrows.assertThrows(AssertThrows.java:73)
        at app//org.junit.jupiter.api.AssertThrows.assertThrows(AssertThrows.java:35)
        at app//org.junit.jupiter.api.Assertions.assertThrows(Assertions.java:3128)
        at app//com.datacube.export.XlsxTextFidelityTest.unpairedUtf16FailsWithTypedFixedReasonInHeadersAndCells(XlsxTextFidelityTest.java:104)

XlsxTextFidelityTest > unpairedUtf16FailsWithTypedFixedReasonInHeadersAndCells(String, boolean, boolean) > [7] head?tail, true, false FAILED
    org.opentest4j.AssertionFailedError: Expected java.io.IOException to be thrown, but nothing was thrown.
        at app//org.junit.jupiter.api.AssertionFailureBuilder.build(AssertionFailureBuilder.java:152)
        at app//org.junit.jupiter.api.AssertThrows.assertThrows(AssertThrows.java:73)
        at app//org.junit.jupiter.api.AssertThrows.assertThrows(AssertThrows.java:35)
        at app//org.junit.jupiter.api.Assertions.assertThrows(Assertions.java:3128)
        at app//com.datacube.export.XlsxTextFidelityTest.unpairedUtf16FailsWithTypedFixedReasonInHeadersAndCells(XlsxTextFidelityTest.java:104)

XlsxTextFidelityTest > unpairedUtf16FailsWithTypedFixedReasonInHeadersAndCells(String, boolean, boolean) > [8] head?tail, true, true FAILED
    org.opentest4j.AssertionFailedError: Expected java.io.IOException to be thrown, but nothing was thrown.
        at app//org.junit.jupiter.api.AssertionFailureBuilder.build(AssertionFailureBuilder.java:152)
        at app//org.junit.jupiter.api.AssertThrows.assertThrows(AssertThrows.java:73)
        at app//org.junit.jupiter.api.AssertThrows.assertThrows(AssertThrows.java:35)
        at app//org.junit.jupiter.api.Assertions.assertThrows(Assertions.java:3128)
        at app//com.datacube.export.XlsxTextFidelityTest.unpairedUtf16FailsWithTypedFixedReasonInHeadersAndCells(XlsxTextFidelityTest.java:104)

XlsxTextFidelityTest > unpairedUtf16FailsWithTypedFixedReasonInHeadersAndCells(String, boolean, boolean) > [9] head?, false, false FAILED
    org.opentest4j.AssertionFailedError: Expected java.io.IOException to be thrown, but nothing was thrown.
        at app//org.junit.jupiter.api.AssertionFailureBuilder.build(AssertionFailureBuilder.java:152)
        at app//org.junit.jupiter.api.AssertThrows.assertThrows(AssertThrows.java:73)
        at app//org.junit.jupiter.api.AssertThrows.assertThrows(AssertThrows.java:35)
        at app//org.junit.jupiter.api.Assertions.assertThrows(Assertions.java:3128)
        at app//com.datacube.export.XlsxTextFidelityTest.unpairedUtf16FailsWithTypedFixedReasonInHeadersAndCells(XlsxTextFidelityTest.java:104)

XlsxTextFidelityTest > unpairedUtf16FailsWithTypedFixedReasonInHeadersAndCells(String, boolean, boolean) > [10] head?, false, true FAILED
    org.opentest4j.AssertionFailedError: Expected java.io.IOException to be thrown, but nothing was thrown.
        at app//org.junit.jupiter.api.AssertionFailureBuilder.build(AssertionFailureBuilder.java:152)
        at app//org.junit.jupiter.api.AssertThrows.assertThrows(AssertThrows.java:73)
        at app//org.junit.jupiter.api.AssertThrows.assertThrows(AssertThrows.java:35)
        at app//org.junit.jupiter.api.Assertions.assertThrows(Assertions.java:3128)
        at app//com.datacube.export.XlsxTextFidelityTest.unpairedUtf16FailsWithTypedFixedReasonInHeadersAndCells(XlsxTextFidelityTest.java:104)

XlsxTextFidelityTest > unpairedUtf16FailsWithTypedFixedReasonInHeadersAndCells(String, boolean, boolean) > [11] head?, true, false FAILED
    org.opentest4j.AssertionFailedError: Expected java.io.IOException to be thrown, but nothing was thrown.
        at app//org.junit.jupiter.api.AssertionFailureBuilder.build(AssertionFailureBuilder.java:152)
        at app//org.junit.jupiter.api.AssertThrows.assertThrows(AssertThrows.java:73)
        at app//org.junit.jupiter.api.AssertThrows.assertThrows(AssertThrows.java:35)
        at app//org.junit.jupiter.api.Assertions.assertThrows(Assertions.java:3128)
        at app//com.datacube.export.XlsxTextFidelityTest.unpairedUtf16FailsWithTypedFixedReasonInHeadersAndCells(XlsxTextFidelityTest.java:104)

XlsxTextFidelityTest > unpairedUtf16FailsWithTypedFixedReasonInHeadersAndCells(String, boolean, boolean) > [12] head?, true, true FAILED
    org.opentest4j.AssertionFailedError: Expected java.io.IOException to be thrown, but nothing was thrown.
        at app//org.junit.jupiter.api.AssertionFailureBuilder.build(AssertionFailureBuilder.java:152)
        at app//org.junit.jupiter.api.AssertThrows.assertThrows(AssertThrows.java:73)
        at app//org.junit.jupiter.api.AssertThrows.assertThrows(AssertThrows.java:35)
        at app//org.junit.jupiter.api.Assertions.assertThrows(Assertions.java:3128)
        at app//com.datacube.export.XlsxTextFidelityTest.unpairedUtf16FailsWithTypedFixedReasonInHeadersAndCells(XlsxTextFidelityTest.java:104)

XlsxTextFidelityTest > unpairedUtf16FailsWithTypedFixedReasonInHeadersAndCells(String, boolean, boolean) > [13] ?tail, false, false FAILED
    org.opentest4j.AssertionFailedError: Expected java.io.IOException to be thrown, but nothing was thrown.
        at app//org.junit.jupiter.api.AssertionFailureBuilder.build(AssertionFailureBuilder.java:152)
        at app//org.junit.jupiter.api.AssertThrows.assertThrows(AssertThrows.java:73)
        at app//org.junit.jupiter.api.AssertThrows.assertThrows(AssertThrows.java:35)
        at app//org.junit.jupiter.api.Assertions.assertThrows(Assertions.java:3128)
        at app//com.datacube.export.XlsxTextFidelityTest.unpairedUtf16FailsWithTypedFixedReasonInHeadersAndCells(XlsxTextFidelityTest.java:104)

XlsxTextFidelityTest > unpairedUtf16FailsWithTypedFixedReasonInHeadersAndCells(String, boolean, boolean) > [14] ?tail, false, true FAILED
    org.opentest4j.AssertionFailedError: Expected java.io.IOException to be thrown, but nothing was thrown.
        at app//org.junit.jupiter.api.AssertionFailureBuilder.build(AssertionFailureBuilder.java:152)
        at app//org.junit.jupiter.api.AssertThrows.assertThrows(AssertThrows.java:73)
        at app//org.junit.jupiter.api.AssertThrows.assertThrows(AssertThrows.java:35)
        at app//org.junit.jupiter.api.Assertions.assertThrows(Assertions.java:3128)
        at app//com.datacube.export.XlsxTextFidelityTest.unpairedUtf16FailsWithTypedFixedReasonInHeadersAndCells(XlsxTextFidelityTest.java:104)

XlsxTextFidelityTest > unpairedUtf16FailsWithTypedFixedReasonInHeadersAndCells(String, boolean, boolean) > [15] ?tail, true, false FAILED
    org.opentest4j.AssertionFailedError: Expected java.io.IOException to be thrown, but nothing was thrown.
        at app//org.junit.jupiter.api.AssertionFailureBuilder.build(AssertionFailureBuilder.java:152)
        at app//org.junit.jupiter.api.AssertThrows.assertThrows(AssertThrows.java:73)
        at app//org.junit.jupiter.api.AssertThrows.assertThrows(AssertThrows.java:35)
        at app//org.junit.jupiter.api.Assertions.assertThrows(Assertions.java:3128)
        at app//com.datacube.export.XlsxTextFidelityTest.unpairedUtf16FailsWithTypedFixedReasonInHeadersAndCells(XlsxTextFidelityTest.java:104)

XlsxTextFidelityTest > unpairedUtf16FailsWithTypedFixedReasonInHeadersAndCells(String, boolean, boolean) > [16] ?tail, true, true FAILED
    org.opentest4j.AssertionFailedError: Expected java.io.IOException to be thrown, but nothing was thrown.
        at app//org.junit.jupiter.api.AssertionFailureBuilder.build(AssertionFailureBuilder.java:152)
        at app//org.junit.jupiter.api.AssertThrows.assertThrows(AssertThrows.java:73)
        at app//org.junit.jupiter.api.AssertThrows.assertThrows(AssertThrows.java:35)
        at app//org.junit.jupiter.api.Assertions.assertThrows(Assertions.java:3128)
        at app//com.datacube.export.XlsxTextFidelityTest.unpairedUtf16FailsWithTypedFixedReasonInHeadersAndCells(XlsxTextFidelityTest.java:104)

XlsxTextFidelityTest > unpairedUtf16FailsWithTypedFixedReasonInHeadersAndCells(String, boolean, boolean) > [17] head?tail, false, false FAILED
    org.opentest4j.AssertionFailedError: Expected java.io.IOException to be thrown, but nothing was thrown.
        at app//org.junit.jupiter.api.AssertionFailureBuilder.build(AssertionFailureBuilder.java:152)
        at app//org.junit.jupiter.api.AssertThrows.assertThrows(AssertThrows.java:73)
        at app//org.junit.jupiter.api.AssertThrows.assertThrows(AssertThrows.java:35)
        at app//org.junit.jupiter.api.Assertions.assertThrows(Assertions.java:3128)
        at app//com.datacube.export.XlsxTextFidelityTest.unpairedUtf16FailsWithTypedFixedReasonInHeadersAndCells(XlsxTextFidelityTest.java:104)

XlsxTextFidelityTest > unpairedUtf16FailsWithTypedFixedReasonInHeadersAndCells(String, boolean, boolean) > [18] head?tail, false, true FAILED
    org.opentest4j.AssertionFailedError: Expected java.io.IOException to be thrown, but nothing was thrown.
        at app//org.junit.jupiter.api.AssertionFailureBuilder.build(AssertionFailureBuilder.java:152)
        at app//org.junit.jupiter.api.AssertThrows.assertThrows(AssertThrows.java:73)
        at app//org.junit.jupiter.api.AssertThrows.assertThrows(AssertThrows.java:35)
        at app//org.junit.jupiter.api.Assertions.assertThrows(Assertions.java:3128)
        at app//com.datacube.export.XlsxTextFidelityTest.unpairedUtf16FailsWithTypedFixedReasonInHeadersAndCells(XlsxTextFidelityTest.java:104)

XlsxTextFidelityTest > unpairedUtf16FailsWithTypedFixedReasonInHeadersAndCells(String, boolean, boolean) > [19] head?tail, true, false FAILED
    org.opentest4j.AssertionFailedError: Expected java.io.IOException to be thrown, but nothing was thrown.
        at app//org.junit.jupiter.api.AssertionFailureBuilder.build(AssertionFailureBuilder.java:152)
        at app//org.junit.jupiter.api.AssertThrows.assertThrows(AssertThrows.java:73)
        at app//org.junit.jupiter.api.AssertThrows.assertThrows(AssertThrows.java:35)
        at app//org.junit.jupiter.api.Assertions.assertThrows(Assertions.java:3128)
        at app//com.datacube.export.XlsxTextFidelityTest.unpairedUtf16FailsWithTypedFixedReasonInHeadersAndCells(XlsxTextFidelityTest.java:104)

XlsxTextFidelityTest > unpairedUtf16FailsWithTypedFixedReasonInHeadersAndCells(String, boolean, boolean) > [20] head?tail, true, true FAILED
    org.opentest4j.AssertionFailedError: Expected java.io.IOException to be thrown, but nothing was thrown.
        at app//org.junit.jupiter.api.AssertionFailureBuilder.build(AssertionFailureBuilder.java:152)
        at app//org.junit.jupiter.api.AssertThrows.assertThrows(AssertThrows.java:73)
        at app//org.junit.jupiter.api.AssertThrows.assertThrows(AssertThrows.java:35)
        at app//org.junit.jupiter.api.Assertions.assertThrows(Assertions.java:3128)
        at app//com.datacube.export.XlsxTextFidelityTest.unpairedUtf16FailsWithTypedFixedReasonInHeadersAndCells(XlsxTextFidelityTest.java:104)

XlsxTextFidelityTest > unpairedUtf16FailsWithTypedFixedReasonInHeadersAndCells(String, boolean, boolean) > [21] head?, false, false FAILED
    org.opentest4j.AssertionFailedError: Expected java.io.IOException to be thrown, but nothing was thrown.
        at app//org.junit.jupiter.api.AssertionFailureBuilder.build(AssertionFailureBuilder.java:152)
        at app//org.junit.jupiter.api.AssertThrows.assertThrows(AssertThrows.java:73)
        at app//org.junit.jupiter.api.AssertThrows.assertThrows(AssertThrows.java:35)
        at app//org.junit.jupiter.api.Assertions.assertThrows(Assertions.java:3128)
        at app//com.datacube.export.XlsxTextFidelityTest.unpairedUtf16FailsWithTypedFixedReasonInHeadersAndCells(XlsxTextFidelityTest.java:104)

XlsxTextFidelityTest > unpairedUtf16FailsWithTypedFixedReasonInHeadersAndCells(String, boolean, boolean) > [22] head?, false, true FAILED
    org.opentest4j.AssertionFailedError: Expected java.io.IOException to be thrown, but nothing was thrown.
        at app//org.junit.jupiter.api.AssertionFailureBuilder.build(AssertionFailureBuilder.java:152)
        at app//org.junit.jupiter.api.AssertThrows.assertThrows(AssertThrows.java:73)
        at app//org.junit.jupiter.api.AssertThrows.assertThrows(AssertThrows.java:35)
        at app//org.junit.jupiter.api.Assertions.assertThrows(Assertions.java:3128)
        at app//com.datacube.export.XlsxTextFidelityTest.unpairedUtf16FailsWithTypedFixedReasonInHeadersAndCells(XlsxTextFidelityTest.java:104)

XlsxTextFidelityTest > unpairedUtf16FailsWithTypedFixedReasonInHeadersAndCells(String, boolean, boolean) > [23] head?, true, false FAILED
    org.opentest4j.AssertionFailedError: Expected java.io.IOException to be thrown, but nothing was thrown.
        at app//org.junit.jupiter.api.AssertionFailureBuilder.build(AssertionFailureBuilder.java:152)
        at app//org.junit.jupiter.api.AssertThrows.assertThrows(AssertThrows.java:73)
        at app//org.junit.jupiter.api.AssertThrows.assertThrows(AssertThrows.java:35)
        at app//org.junit.jupiter.api.Assertions.assertThrows(Assertions.java:3128)
        at app//com.datacube.export.XlsxTextFidelityTest.unpairedUtf16FailsWithTypedFixedReasonInHeadersAndCells(XlsxTextFidelityTest.java:104)

XlsxTextFidelityTest > unpairedUtf16FailsWithTypedFixedReasonInHeadersAndCells(String, boolean, boolean) > [24] head?, true, true FAILED
    org.opentest4j.AssertionFailedError: Expected java.io.IOException to be thrown, but nothing was thrown.
        at app//org.junit.jupiter.api.AssertionFailureBuilder.build(AssertionFailureBuilder.java:152)
        at app//org.junit.jupiter.api.AssertThrows.assertThrows(AssertThrows.java:73)
        at app//org.junit.jupiter.api.AssertThrows.assertThrows(AssertThrows.java:35)
        at app//org.junit.jupiter.api.Assertions.assertThrows(Assertions.java:3128)
        at app//com.datacube.export.XlsxTextFidelityTest.unpairedUtf16FailsWithTypedFixedReasonInHeadersAndCells(XlsxTextFidelityTest.java:104)

XlsxTextFidelityTest > unpairedUtf16FailsWithTypedFixedReasonInHeadersAndCells(String, boolean, boolean) > [25] ??, false, false FAILED
    org.opentest4j.AssertionFailedError: Expected java.io.IOException to be thrown, but nothing was thrown.
        at app//org.junit.jupiter.api.AssertionFailureBuilder.build(AssertionFailureBuilder.java:152)
        at app//org.junit.jupiter.api.AssertThrows.assertThrows(AssertThrows.java:73)
        at app//org.junit.jupiter.api.AssertThrows.assertThrows(AssertThrows.java:35)
        at app//org.junit.jupiter.api.Assertions.assertThrows(Assertions.java:3128)
        at app//com.datacube.export.XlsxTextFidelityTest.unpairedUtf16FailsWithTypedFixedReasonInHeadersAndCells(XlsxTextFidelityTest.java:104)

XlsxTextFidelityTest > unpairedUtf16FailsWithTypedFixedReasonInHeadersAndCells(String, boolean, boolean) > [26] ??, false, true FAILED
    org.opentest4j.AssertionFailedError: Expected java.io.IOException to be thrown, but nothing was thrown.
        at app//org.junit.jupiter.api.AssertionFailureBuilder.build(AssertionFailureBuilder.java:152)
        at app//org.junit.jupiter.api.AssertThrows.assertThrows(AssertThrows.java:73)
        at app//org.junit.jupiter.api.AssertThrows.assertThrows(AssertThrows.java:35)
        at app//org.junit.jupiter.api.Assertions.assertThrows(Assertions.java:3128)
        at app//com.datacube.export.XlsxTextFidelityTest.unpairedUtf16FailsWithTypedFixedReasonInHeadersAndCells(XlsxTextFidelityTest.java:104)

XlsxTextFidelityTest > unpairedUtf16FailsWithTypedFixedReasonInHeadersAndCells(String, boolean, boolean) > [27] ??, true, false FAILED
    org.opentest4j.AssertionFailedError: Expected java.io.IOException to be thrown, but nothing was thrown.
        at app//org.junit.jupiter.api.AssertionFailureBuilder.build(AssertionFailureBuilder.java:152)
        at app//org.junit.jupiter.api.AssertThrows.assertThrows(AssertThrows.java:73)
        at app//org.junit.jupiter.api.AssertThrows.assertThrows(AssertThrows.java:35)
        at app//org.junit.jupiter.api.Assertions.assertThrows(Assertions.java:3128)
        at app//com.datacube.export.XlsxTextFidelityTest.unpairedUtf16FailsWithTypedFixedReasonInHeadersAndCells(XlsxTextFidelityTest.java:104)

XlsxTextFidelityTest > unpairedUtf16FailsWithTypedFixedReasonInHeadersAndCells(String, boolean, boolean) > [28] ??, true, true FAILED
    org.opentest4j.AssertionFailedError: Expected java.io.IOException to be thrown, but nothing was thrown.
        at app//org.junit.jupiter.api.AssertionFailureBuilder.build(AssertionFailureBuilder.java:152)
        at app//org.junit.jupiter.api.AssertThrows.assertThrows(AssertThrows.java:73)
        at app//org.junit.jupiter.api.AssertThrows.assertThrows(AssertThrows.java:35)
        at app//org.junit.jupiter.api.Assertions.assertThrows(Assertions.java:3128)
        at app//com.datacube.export.XlsxTextFidelityTest.unpairedUtf16FailsWithTypedFixedReasonInHeadersAndCells(XlsxTextFidelityTest.java:104)

XlsxTextFidelityTest > unpairedUtf16FailsWithTypedFixedReasonInHeadersAndCells(String, boolean, boolean) > [29] ??, false, false FAILED
    org.opentest4j.AssertionFailedError: Expected java.io.IOException to be thrown, but nothing was thrown.
        at app//org.junit.jupiter.api.AssertionFailureBuilder.build(AssertionFailureBuilder.java:152)
        at app//org.junit.jupiter.api.AssertThrows.assertThrows(AssertThrows.java:73)
        at app//org.junit.jupiter.api.AssertThrows.assertThrows(AssertThrows.java:35)
        at app//org.junit.jupiter.api.Assertions.assertThrows(Assertions.java:3128)
        at app//com.datacube.export.XlsxTextFidelityTest.unpairedUtf16FailsWithTypedFixedReasonInHeadersAndCells(XlsxTextFidelityTest.java:104)

XlsxTextFidelityTest > unpairedUtf16FailsWithTypedFixedReasonInHeadersAndCells(String, boolean, boolean) > [30] ??, false, true FAILED
    org.opentest4j.AssertionFailedError: Expected java.io.IOException to be thrown, but nothing was thrown.
        at app//org.junit.jupiter.api.AssertionFailureBuilder.build(AssertionFailureBuilder.java:152)
        at app//org.junit.jupiter.api.AssertThrows.assertThrows(AssertThrows.java:73)
        at app//org.junit.jupiter.api.AssertThrows.assertThrows(AssertThrows.java:35)
        at app//org.junit.jupiter.api.Assertions.assertThrows(Assertions.java:3128)
        at app//com.datacube.export.XlsxTextFidelityTest.unpairedUtf16FailsWithTypedFixedReasonInHeadersAndCells(XlsxTextFidelityTest.java:104)

XlsxTextFidelityTest > unpairedUtf16FailsWithTypedFixedReasonInHeadersAndCells(String, boolean, boolean) > [31] ??, true, false FAILED
    org.opentest4j.AssertionFailedError: Expected java.io.IOException to be thrown, but nothing was thrown.
        at app//org.junit.jupiter.api.AssertionFailureBuilder.build(AssertionFailureBuilder.java:152)
        at app//org.junit.jupiter.api.AssertThrows.assertThrows(AssertThrows.java:73)
        at app//org.junit.jupiter.api.AssertThrows.assertThrows(AssertThrows.java:35)
        at app//org.junit.jupiter.api.Assertions.assertThrows(Assertions.java:3128)
        at app//com.datacube.export.XlsxTextFidelityTest.unpairedUtf16FailsWithTypedFixedReasonInHeadersAndCells(XlsxTextFidelityTest.java:104)

XlsxTextFidelityTest > unpairedUtf16FailsWithTypedFixedReasonInHeadersAndCells(String, boolean, boolean) > [32] ??, true, true FAILED
    org.opentest4j.AssertionFailedError: Expected java.io.IOException to be thrown, but nothing was thrown.
        at app//org.junit.jupiter.api.AssertionFailureBuilder.build(AssertionFailureBuilder.java:152)
        at app//org.junit.jupiter.api.AssertThrows.assertThrows(AssertThrows.java:73)
        at app//org.junit.jupiter.api.AssertThrows.assertThrows(AssertThrows.java:35)
        at app//org.junit.jupiter.api.Assertions.assertThrows(Assertions.java:3128)
        at app//com.datacube.export.XlsxTextFidelityTest.unpairedUtf16FailsWithTypedFixedReasonInHeadersAndCells(XlsxTextFidelityTest.java:104)

XlsxTextFidelityTest > unpairedUtf16FailsWithTypedFixedReasonInHeadersAndCells(String, boolean, boolean) > [33] ??, false, false FAILED
    org.opentest4j.AssertionFailedError: Expected java.io.IOException to be thrown, but nothing was thrown.
        at app//org.junit.jupiter.api.AssertionFailureBuilder.build(AssertionFailureBuilder.java:152)
        at app//org.junit.jupiter.api.AssertThrows.assertThrows(AssertThrows.java:73)
        at app//org.junit.jupiter.api.AssertThrows.assertThrows(AssertThrows.java:35)
        at app//org.junit.jupiter.api.Assertions.assertThrows(Assertions.java:3128)
        at app//com.datacube.export.XlsxTextFidelityTest.unpairedUtf16FailsWithTypedFixedReasonInHeadersAndCells(XlsxTextFidelityTest.java:104)

XlsxTextFidelityTest > unpairedUtf16FailsWithTypedFixedReasonInHeadersAndCells(String, boolean, boolean) > [34] ??, false, true FAILED
    org.opentest4j.AssertionFailedError: Expected java.io.IOException to be thrown, but nothing was thrown.
        at app//org.junit.jupiter.api.AssertionFailureBuilder.build(AssertionFailureBuilder.java:152)
        at app//org.junit.jupiter.api.AssertThrows.assertThrows(AssertThrows.java:73)
        at app//org.junit.jupiter.api.AssertThrows.assertThrows(AssertThrows.java:35)
        at app//org.junit.jupiter.api.Assertions.assertThrows(Assertions.java:3128)
        at app//com.datacube.export.XlsxTextFidelityTest.unpairedUtf16FailsWithTypedFixedReasonInHeadersAndCells(XlsxTextFidelityTest.java:104)

XlsxTextFidelityTest > unpairedUtf16FailsWithTypedFixedReasonInHeadersAndCells(String, boolean, boolean) > [35] ??, true, false FAILED
    org.opentest4j.AssertionFailedError: Expected java.io.IOException to be thrown, but nothing was thrown.
        at app//org.junit.jupiter.api.AssertionFailureBuilder.build(AssertionFailureBuilder.java:152)
        at app//org.junit.jupiter.api.AssertThrows.assertThrows(AssertThrows.java:73)
        at app//org.junit.jupiter.api.AssertThrows.assertThrows(AssertThrows.java:35)
        at app//org.junit.jupiter.api.Assertions.assertThrows(Assertions.java:3128)
        at app//com.datacube.export.XlsxTextFidelityTest.unpairedUtf16FailsWithTypedFixedReasonInHeadersAndCells(XlsxTextFidelityTest.java:104)

XlsxTextFidelityTest > unpairedUtf16FailsWithTypedFixedReasonInHeadersAndCells(String, boolean, boolean) > [36] ??, true, true FAILED
    org.opentest4j.AssertionFailedError: Expected java.io.IOException to be thrown, but nothing was thrown.
        at app//org.junit.jupiter.api.AssertionFailureBuilder.build(AssertionFailureBuilder.java:152)
        at app//org.junit.jupiter.api.AssertThrows.assertThrows(AssertThrows.java:73)
        at app//org.junit.jupiter.api.AssertThrows.assertThrows(AssertThrows.java:35)
        at app//org.junit.jupiter.api.Assertions.assertThrows(Assertions.java:3128)
        at app//com.datacube.export.XlsxTextFidelityTest.unpairedUtf16FailsWithTypedFixedReasonInHeadersAndCells(XlsxTextFidelityTest.java:104)

XlsxTextFidelityTest > unpairedUtf16FailsWithTypedFixedReasonInHeadersAndCells(String, boolean, boolean) > [37] 𐀀?, false, false FAILED
    org.opentest4j.AssertionFailedError: Expected java.io.IOException to be thrown, but nothing was thrown.
        at app//org.junit.jupiter.api.AssertionFailureBuilder.build(AssertionFailureBuilder.java:152)
        at app//org.junit.jupiter.api.AssertThrows.assertThrows(AssertThrows.java:73)
        at app//org.junit.jupiter.api.AssertThrows.assertThrows(AssertThrows.java:35)
        at app//org.junit.jupiter.api.Assertions.assertThrows(Assertions.java:3128)
        at app//com.datacube.export.XlsxTextFidelityTest.unpairedUtf16FailsWithTypedFixedReasonInHeadersAndCells(XlsxTextFidelityTest.java:104)

XlsxTextFidelityTest > unpairedUtf16FailsWithTypedFixedReasonInHeadersAndCells(String, boolean, boolean) > [38] 𐀀?, false, true FAILED
    org.opentest4j.AssertionFailedError: Expected java.io.IOException to be thrown, but nothing was thrown.
        at app//org.junit.jupiter.api.AssertionFailureBuilder.build(AssertionFailureBuilder.java:152)
        at app//org.junit.jupiter.api.AssertThrows.assertThrows(AssertThrows.java:73)
        at app//org.junit.jupiter.api.AssertThrows.assertThrows(AssertThrows.java:35)
        at app//org.junit.jupiter.api.Assertions.assertThrows(Assertions.java:3128)
        at app//com.datacube.export.XlsxTextFidelityTest.unpairedUtf16FailsWithTypedFixedReasonInHeadersAndCells(XlsxTextFidelityTest.java:104)

XlsxTextFidelityTest > unpairedUtf16FailsWithTypedFixedReasonInHeadersAndCells(String, boolean, boolean) > [39] 𐀀?, true, false FAILED
    org.opentest4j.AssertionFailedError: Expected java.io.IOException to be thrown, but nothing was thrown.
        at app//org.junit.jupiter.api.AssertionFailureBuilder.build(AssertionFailureBuilder.java:152)
        at app//org.junit.jupiter.api.AssertThrows.assertThrows(AssertThrows.java:73)
        at app//org.junit.jupiter.api.AssertThrows.assertThrows(AssertThrows.java:35)
        at app//org.junit.jupiter.api.Assertions.assertThrows(Assertions.java:3128)
        at app//com.datacube.export.XlsxTextFidelityTest.unpairedUtf16FailsWithTypedFixedReasonInHeadersAndCells(XlsxTextFidelityTest.java:104)

XlsxTextFidelityTest > unpairedUtf16FailsWithTypedFixedReasonInHeadersAndCells(String, boolean, boolean) > [40] 𐀀?, true, true FAILED
    org.opentest4j.AssertionFailedError: Expected java.io.IOException to be thrown, but nothing was thrown.
        at app//org.junit.jupiter.api.AssertionFailureBuilder.build(AssertionFailureBuilder.java:152)
        at app//org.junit.jupiter.api.AssertThrows.assertThrows(AssertThrows.java:73)
        at app//org.junit.jupiter.api.AssertThrows.assertThrows(AssertThrows.java:35)
        at app//org.junit.jupiter.api.Assertions.assertThrows(Assertions.java:3128)
        at app//com.datacube.export.XlsxTextFidelityTest.unpairedUtf16FailsWithTypedFixedReasonInHeadersAndCells(XlsxTextFidelityTest.java:104)

XlsxTextFidelityTest > unpairedUtf16FailsWithTypedFixedReasonInHeadersAndCells(String, boolean, boolean) > [41] ?𐀀, false, false FAILED
    org.opentest4j.AssertionFailedError: Expected java.io.IOException to be thrown, but nothing was thrown.
        at app//org.junit.jupiter.api.AssertionFailureBuilder.build(AssertionFailureBuilder.java:152)
        at app//org.junit.jupiter.api.AssertThrows.assertThrows(AssertThrows.java:73)
        at app//org.junit.jupiter.api.AssertThrows.assertThrows(AssertThrows.java:35)
        at app//org.junit.jupiter.api.Assertions.assertThrows(Assertions.java:3128)
        at app//com.datacube.export.XlsxTextFidelityTest.unpairedUtf16FailsWithTypedFixedReasonInHeadersAndCells(XlsxTextFidelityTest.java:104)

XlsxTextFidelityTest > unpairedUtf16FailsWithTypedFixedReasonInHeadersAndCells(String, boolean, boolean) > [42] ?𐀀, false, true FAILED
    org.opentest4j.AssertionFailedError: Expected java.io.IOException to be thrown, but nothing was thrown.
        at app//org.junit.jupiter.api.AssertionFailureBuilder.build(AssertionFailureBuilder.java:152)
        at app//org.junit.jupiter.api.AssertThrows.assertThrows(AssertThrows.java:73)
        at app//org.junit.jupiter.api.AssertThrows.assertThrows(AssertThrows.java:35)
        at app//org.junit.jupiter.api.Assertions.assertThrows(Assertions.java:3128)
        at app//com.datacube.export.XlsxTextFidelityTest.unpairedUtf16FailsWithTypedFixedReasonInHeadersAndCells(XlsxTextFidelityTest.java:104)

XlsxTextFidelityTest > unpairedUtf16FailsWithTypedFixedReasonInHeadersAndCells(String, boolean, boolean) > [43] ?𐀀, true, false FAILED
    org.opentest4j.AssertionFailedError: Expected java.io.IOException to be thrown, but nothing was thrown.
        at app//org.junit.jupiter.api.AssertionFailureBuilder.build(AssertionFailureBuilder.java:152)
        at app//org.junit.jupiter.api.AssertThrows.assertThrows(AssertThrows.java:73)
        at app//org.junit.jupiter.api.AssertThrows.assertThrows(AssertThrows.java:35)
        at app//org.junit.jupiter.api.Assertions.assertThrows(Assertions.java:3128)
        at app//com.datacube.export.XlsxTextFidelityTest.unpairedUtf16FailsWithTypedFixedReasonInHeadersAndCells(XlsxTextFidelityTest.java:104)

XlsxTextFidelityTest > unpairedUtf16FailsWithTypedFixedReasonInHeadersAndCells(String, boolean, boolean) > [44] ?𐀀, true, true FAILED
    org.opentest4j.AssertionFailedError: Expected java.io.IOException to be thrown, but nothing was thrown.
        at app//org.junit.jupiter.api.AssertionFailureBuilder.build(AssertionFailureBuilder.java:152)
        at app//org.junit.jupiter.api.AssertThrows.assertThrows(AssertThrows.java:73)
        at app//org.junit.jupiter.api.AssertThrows.assertThrows(AssertThrows.java:35)
        at app//org.junit.jupiter.api.Assertions.assertThrows(Assertions.java:3128)
        at app//com.datacube.export.XlsxTextFidelityTest.unpairedUtf16FailsWithTypedFixedReasonInHeadersAndCells(XlsxTextFidelityTest.java:104)

XlsxTextFidelityTest > headersAndCellsUseKnownXstringMappingAndRoundTrip(String, String, boolean) > [1] a b, a_x0000_b, false FAILED
    org.opentest4j.AssertionFailedError: raw mapping A1 ==> expected: <a_x0000_b> but was: <ab>
        at app//org.junit.jupiter.api.AssertionFailureBuilder.build(AssertionFailureBuilder.java:151)
        at app//org.junit.jupiter.api.AssertionFailureBuilder.buildAndThrow(AssertionFailureBuilder.java:132)
        at app//org.junit.jupiter.api.AssertEquals.failNotEqual(AssertEquals.java:197)
        at app//org.junit.jupiter.api.AssertEquals.assertEquals(AssertEquals.java:182)
        at app//org.junit.jupiter.api.Assertions.assertEquals(Assertions.java:1156)
        at app//com.datacube.export.XlsxTextFidelityTest.headersAndCellsUseKnownXstringMappingAndRoundTrip(XlsxTextFidelityTest.java:78)

XlsxTextFidelityTest > headersAndCellsUseKnownXstringMappingAndRoundTrip(String, String, boolean) > [2] a b, a_x0000_b, true FAILED
    org.opentest4j.AssertionFailedError: raw mapping A1 ==> expected: <a_x0000_b> but was: <ab>
        at app//org.junit.jupiter.api.AssertionFailureBuilder.build(AssertionFailureBuilder.java:151)
        at app//org.junit.jupiter.api.AssertionFailureBuilder.buildAndThrow(AssertionFailureBuilder.java:132)
        at app//org.junit.jupiter.api.AssertEquals.failNotEqual(AssertEquals.java:197)
        at app//org.junit.jupiter.api.AssertEquals.assertEquals(AssertEquals.java:182)
        at app//org.junit.jupiter.api.Assertions.assertEquals(Assertions.java:1156)
        at app//com.datacube.export.XlsxTextFidelityTest.headersAndCellsUseKnownXstringMappingAndRoundTrip(XlsxTextFidelityTest.java:78)

XlsxTextFidelityTest > headersAndCellsUseKnownXstringMappingAndRoundTrip(String, String, boolean) > [3] ab, a_x0001_b, false FAILED
    org.opentest4j.AssertionFailedError: raw mapping A1 ==> expected: <a_x0001_b> but was: <ab>
        at app//org.junit.jupiter.api.AssertionFailureBuilder.build(AssertionFailureBuilder.java:151)
        at app//org.junit.jupiter.api.AssertionFailureBuilder.buildAndThrow(AssertionFailureBuilder.java:132)
        at app//org.junit.jupiter.api.AssertEquals.failNotEqual(AssertEquals.java:197)
        at app//org.junit.jupiter.api.AssertEquals.assertEquals(AssertEquals.java:182)
        at app//org.junit.jupiter.api.Assertions.assertEquals(Assertions.java:1156)
        at app//com.datacube.export.XlsxTextFidelityTest.headersAndCellsUseKnownXstringMappingAndRoundTrip(XlsxTextFidelityTest.java:78)

XlsxTextFidelityTest > headersAndCellsUseKnownXstringMappingAndRoundTrip(String, String, boolean) > [4] ab, a_x0001_b, true FAILED
    org.opentest4j.AssertionFailedError: raw mapping A1 ==> expected: <a_x0001_b> but was: <ab>
        at app//org.junit.jupiter.api.AssertionFailureBuilder.build(AssertionFailureBuilder.java:151)
        at app//org.junit.jupiter.api.AssertionFailureBuilder.buildAndThrow(AssertionFailureBuilder.java:132)
        at app//org.junit.jupiter.api.AssertEquals.failNotEqual(AssertEquals.java:197)
        at app//org.junit.jupiter.api.AssertEquals.assertEquals(AssertEquals.java:182)
        at app//org.junit.jupiter.api.Assertions.assertEquals(Assertions.java:1156)
        at app//com.datacube.export.XlsxTextFidelityTest.headersAndCellsUseKnownXstringMappingAndRoundTrip(XlsxTextFidelityTest.java:78)

XlsxTextFidelityTest > headersAndCellsUseKnownXstringMappingAndRoundTrip(String, String, boolean) > [5] ab, a_x0002_b, false FAILED
    org.opentest4j.AssertionFailedError: raw mapping A1 ==> expected: <a_x0002_b> but was: <ab>
        at app//org.junit.jupiter.api.AssertionFailureBuilder.build(AssertionFailureBuilder.java:151)
        at app//org.junit.jupiter.api.AssertionFailureBuilder.buildAndThrow(AssertionFailureBuilder.java:132)
        at app//org.junit.jupiter.api.AssertEquals.failNotEqual(AssertEquals.java:197)
        at app//org.junit.jupiter.api.AssertEquals.assertEquals(AssertEquals.java:182)
        at app//org.junit.jupiter.api.Assertions.assertEquals(Assertions.java:1156)
        at app//com.datacube.export.XlsxTextFidelityTest.headersAndCellsUseKnownXstringMappingAndRoundTrip(XlsxTextFidelityTest.java:78)

XlsxTextFidelityTest > headersAndCellsUseKnownXstringMappingAndRoundTrip(String, String, boolean) > [6] ab, a_x0002_b, true FAILED
    org.opentest4j.AssertionFailedError: raw mapping A1 ==> expected: <a_x0002_b> but was: <ab>
        at app//org.junit.jupiter.api.AssertionFailureBuilder.build(AssertionFailureBuilder.java:151)
        at app//org.junit.jupiter.api.AssertionFailureBuilder.buildAndThrow(AssertionFailureBuilder.java:132)
        at app//org.junit.jupiter.api.AssertEquals.failNotEqual(AssertEquals.java:197)
        at app//org.junit.jupiter.api.AssertEquals.assertEquals(AssertEquals.java:182)
        at app//org.junit.jupiter.api.Assertions.assertEquals(Assertions.java:1156)
        at app//com.datacube.export.XlsxTextFidelityTest.headersAndCellsUseKnownXstringMappingAndRoundTrip(XlsxTextFidelityTest.java:78)

XlsxTextFidelityTest > headersAndCellsUseKnownXstringMappingAndRoundTrip(String, String, boolean) > [7] ab, a_x0003_b, false FAILED
    org.opentest4j.AssertionFailedError: raw mapping A1 ==> expected: <a_x0003_b> but was: <ab>
        at app//org.junit.jupiter.api.AssertionFailureBuilder.build(AssertionFailureBuilder.java:151)
        at app//org.junit.jupiter.api.AssertionFailureBuilder.buildAndThrow(AssertionFailureBuilder.java:132)
        at app//org.junit.jupiter.api.AssertEquals.failNotEqual(AssertEquals.java:197)
        at app//org.junit.jupiter.api.AssertEquals.assertEquals(AssertEquals.java:182)
        at app//org.junit.jupiter.api.Assertions.assertEquals(Assertions.java:1156)
        at app//com.datacube.export.XlsxTextFidelityTest.headersAndCellsUseKnownXstringMappingAndRoundTrip(XlsxTextFidelityTest.java:78)

XlsxTextFidelityTest > headersAndCellsUseKnownXstringMappingAndRoundTrip(String, String, boolean) > [8] ab, a_x0003_b, true FAILED
    org.opentest4j.AssertionFailedError: raw mapping A1 ==> expected: <a_x0003_b> but was: <ab>
        at app//org.junit.jupiter.api.AssertionFailureBuilder.build(AssertionFailureBuilder.java:151)
        at app//org.junit.jupiter.api.AssertionFailureBuilder.buildAndThrow(AssertionFailureBuilder.java:132)
        at app//org.junit.jupiter.api.AssertEquals.failNotEqual(AssertEquals.java:197)
        at app//org.junit.jupiter.api.AssertEquals.assertEquals(AssertEquals.java:182)
        at app//org.junit.jupiter.api.Assertions.assertEquals(Assertions.java:1156)
        at app//com.datacube.export.XlsxTextFidelityTest.headersAndCellsUseKnownXstringMappingAndRoundTrip(XlsxTextFidelityTest.java:78)

XlsxTextFidelityTest > headersAndCellsUseKnownXstringMappingAndRoundTrip(String, String, boolean) > [9] ab, a_x0004_b, false FAILED
    org.opentest4j.AssertionFailedError: raw mapping A1 ==> expected: <a_x0004_b> but was: <ab>
        at app//org.junit.jupiter.api.AssertionFailureBuilder.build(AssertionFailureBuilder.java:151)
        at app//org.junit.jupiter.api.AssertionFailureBuilder.buildAndThrow(AssertionFailureBuilder.java:132)
        at app//org.junit.jupiter.api.AssertEquals.failNotEqual(AssertEquals.java:197)
        at app//org.junit.jupiter.api.AssertEquals.assertEquals(AssertEquals.java:182)
        at app//org.junit.jupiter.api.Assertions.assertEquals(Assertions.java:1156)
        at app//com.datacube.export.XlsxTextFidelityTest.headersAndCellsUseKnownXstringMappingAndRoundTrip(XlsxTextFidelityTest.java:78)

XlsxTextFidelityTest > headersAndCellsUseKnownXstringMappingAndRoundTrip(String, String, boolean) > [10] ab, a_x0004_b, true FAILED
    org.opentest4j.AssertionFailedError: raw mapping A1 ==> expected: <a_x0004_b> but was: <ab>
        at app//org.junit.jupiter.api.AssertionFailureBuilder.build(AssertionFailureBuilder.java:151)
        at app//org.junit.jupiter.api.AssertionFailureBuilder.buildAndThrow(AssertionFailureBuilder.java:132)
        at app//org.junit.jupiter.api.AssertEquals.failNotEqual(AssertEquals.java:197)
        at app//org.junit.jupiter.api.AssertEquals.assertEquals(AssertEquals.java:182)
        at app//org.junit.jupiter.api.Assertions.assertEquals(Assertions.java:1156)
        at app//com.datacube.export.XlsxTextFidelityTest.headersAndCellsUseKnownXstringMappingAndRoundTrip(XlsxTextFidelityTest.java:78)

XlsxTextFidelityTest > headersAndCellsUseKnownXstringMappingAndRoundTrip(String, String, boolean) > [11] ab, a_x0005_b, false FAILED
    org.opentest4j.AssertionFailedError: raw mapping A1 ==> expected: <a_x0005_b> but was: <ab>
        at app//org.junit.jupiter.api.AssertionFailureBuilder.build(AssertionFailureBuilder.java:151)
        at app//org.junit.jupiter.api.AssertionFailureBuilder.buildAndThrow(AssertionFailureBuilder.java:132)
        at app//org.junit.jupiter.api.AssertEquals.failNotEqual(AssertEquals.java:197)
        at app//org.junit.jupiter.api.AssertEquals.assertEquals(AssertEquals.java:182)
        at app//org.junit.jupiter.api.Assertions.assertEquals(Assertions.java:1156)
        at app//com.datacube.export.XlsxTextFidelityTest.headersAndCellsUseKnownXstringMappingAndRoundTrip(XlsxTextFidelityTest.java:78)

XlsxTextFidelityTest > headersAndCellsUseKnownXstringMappingAndRoundTrip(String, String, boolean) > [12] ab, a_x0005_b, true FAILED
    org.opentest4j.AssertionFailedError: raw mapping A1 ==> expected: <a_x0005_b> but was: <ab>
        at app//org.junit.jupiter.api.AssertionFailureBuilder.build(AssertionFailureBuilder.java:151)
        at app//org.junit.jupiter.api.AssertionFailureBuilder.buildAndThrow(AssertionFailureBuilder.java:132)
        at app//org.junit.jupiter.api.AssertEquals.failNotEqual(AssertEquals.java:197)
        at app//org.junit.jupiter.api.AssertEquals.assertEquals(AssertEquals.java:182)
        at app//org.junit.jupiter.api.Assertions.assertEquals(Assertions.java:1156)
        at app//com.datacube.export.XlsxTextFidelityTest.headersAndCellsUseKnownXstringMappingAndRoundTrip(XlsxTextFidelityTest.java:78)

XlsxTextFidelityTest > headersAndCellsUseKnownXstringMappingAndRoundTrip(String, String, boolean) > [13] ab, a_x0006_b, false FAILED
    org.opentest4j.AssertionFailedError: raw mapping A1 ==> expected: <a_x0006_b> but was: <ab>
        at app//org.junit.jupiter.api.AssertionFailureBuilder.build(AssertionFailureBuilder.java:151)
        at app//org.junit.jupiter.api.AssertionFailureBuilder.buildAndThrow(AssertionFailureBuilder.java:132)
        at app//org.junit.jupiter.api.AssertEquals.failNotEqual(AssertEquals.java:197)
        at app//org.junit.jupiter.api.AssertEquals.assertEquals(AssertEquals.java:182)
        at app//org.junit.jupiter.api.Assertions.assertEquals(Assertions.java:1156)
        at app//com.datacube.export.XlsxTextFidelityTest.headersAndCellsUseKnownXstringMappingAndRoundTrip(XlsxTextFidelityTest.java:78)

XlsxTextFidelityTest > headersAndCellsUseKnownXstringMappingAndRoundTrip(String, String, boolean) > [14] ab, a_x0006_b, true FAILED
    org.opentest4j.AssertionFailedError: raw mapping A1 ==> expected: <a_x0006_b> but was: <ab>
        at app//org.junit.jupiter.api.AssertionFailureBuilder.build(AssertionFailureBuilder.java:151)
        at app//org.junit.jupiter.api.AssertionFailureBuilder.buildAndThrow(AssertionFailureBuilder.java:132)
        at app//org.junit.jupiter.api.AssertEquals.failNotEqual(AssertEquals.java:197)
        at app//org.junit.jupiter.api.AssertEquals.assertEquals(AssertEquals.java:182)
        at app//org.junit.jupiter.api.Assertions.assertEquals(Assertions.java:1156)
        at app//com.datacube.export.XlsxTextFidelityTest.headersAndCellsUseKnownXstringMappingAndRoundTrip(XlsxTextFidelityTest.java:78)

XlsxTextFidelityTest > headersAndCellsUseKnownXstringMappingAndRoundTrip(String, String, boolean) > [15] ab, a_x0007_b, false FAILED
    org.opentest4j.AssertionFailedError: raw mapping A1 ==> expected: <a_x0007_b> but was: <ab>
        at app//org.junit.jupiter.api.AssertionFailureBuilder.build(AssertionFailureBuilder.java:151)
        at app//org.junit.jupiter.api.AssertionFailureBuilder.buildAndThrow(AssertionFailureBuilder.java:132)
        at app//org.junit.jupiter.api.AssertEquals.failNotEqual(AssertEquals.java:197)
        at app//org.junit.jupiter.api.AssertEquals.assertEquals(AssertEquals.java:182)
        at app//org.junit.jupiter.api.Assertions.assertEquals(Assertions.java:1156)
        at app//com.datacube.export.XlsxTextFidelityTest.headersAndCellsUseKnownXstringMappingAndRoundTrip(XlsxTextFidelityTest.java:78)

XlsxTextFidelityTest > headersAndCellsUseKnownXstringMappingAndRoundTrip(String, String, boolean) > [16] ab, a_x0007_b, true FAILED
    org.opentest4j.AssertionFailedError: raw mapping A1 ==> expected: <a_x0007_b> but was: <ab>
        at app//org.junit.jupiter.api.AssertionFailureBuilder.build(AssertionFailureBuilder.java:151)
        at app//org.junit.jupiter.api.AssertionFailureBuilder.buildAndThrow(AssertionFailureBuilder.java:132)
        at app//org.junit.jupiter.api.AssertEquals.failNotEqual(AssertEquals.java:197)
        at app//org.junit.jupiter.api.AssertEquals.assertEquals(AssertEquals.java:182)
        at app//org.junit.jupiter.api.Assertions.assertEquals(Assertions.java:1156)
        at app//com.datacube.export.XlsxTextFidelityTest.headersAndCellsUseKnownXstringMappingAndRoundTrip(XlsxTextFidelityTest.java:78)

XlsxTextFidelityTest > headersAndCellsUseKnownXstringMappingAndRoundTrip(String, String, boolean) > [17] ab, a_x0008_b, false FAILED
    org.opentest4j.AssertionFailedError: raw mapping A1 ==> expected: <a_x0008_b> but was: <ab>
        at app//org.junit.jupiter.api.AssertionFailureBuilder.build(AssertionFailureBuilder.java:151)
        at app//org.junit.jupiter.api.AssertionFailureBuilder.buildAndThrow(AssertionFailureBuilder.java:132)
        at app//org.junit.jupiter.api.AssertEquals.failNotEqual(AssertEquals.java:197)
        at app//org.junit.jupiter.api.AssertEquals.assertEquals(AssertEquals.java:182)
        at app//org.junit.jupiter.api.Assertions.assertEquals(Assertions.java:1156)
        at app//com.datacube.export.XlsxTextFidelityTest.headersAndCellsUseKnownXstringMappingAndRoundTrip(XlsxTextFidelityTest.java:78)

XlsxTextFidelityTest > headersAndCellsUseKnownXstringMappingAndRoundTrip(String, String, boolean) > [18] ab, a_x0008_b, true FAILED
    org.opentest4j.AssertionFailedError: raw mapping A1 ==> expected: <a_x0008_b> but was: <ab>
        at app//org.junit.jupiter.api.AssertionFailureBuilder.build(AssertionFailureBuilder.java:151)
        at app//org.junit.jupiter.api.AssertionFailureBuilder.buildAndThrow(AssertionFailureBuilder.java:132)
        at app//org.junit.jupiter.api.AssertEquals.failNotEqual(AssertEquals.java:197)
        at app//org.junit.jupiter.api.AssertEquals.assertEquals(AssertEquals.java:182)
        at app//org.junit.jupiter.api.Assertions.assertEquals(Assertions.java:1156)
        at app//com.datacube.export.XlsxTextFidelityTest.headersAndCellsUseKnownXstringMappingAndRoundTrip(XlsxTextFidelityTest.java:78)

XlsxTextFidelityTest > headersAndCellsUseKnownXstringMappingAndRoundTrip(String, String, boolean) > [19] ab, a_x000B_b, false FAILED
    org.opentest4j.AssertionFailedError: raw mapping A1 ==> expected: <a_x000B_b> but was: <ab>
        at app//org.junit.jupiter.api.AssertionFailureBuilder.build(AssertionFailureBuilder.java:151)
        at app//org.junit.jupiter.api.AssertionFailureBuilder.buildAndThrow(AssertionFailureBuilder.java:132)
        at app//org.junit.jupiter.api.AssertEquals.failNotEqual(AssertEquals.java:197)
        at app//org.junit.jupiter.api.AssertEquals.assertEquals(AssertEquals.java:182)
        at app//org.junit.jupiter.api.Assertions.assertEquals(Assertions.java:1156)
        at app//com.datacube.export.XlsxTextFidelityTest.headersAndCellsUseKnownXstringMappingAndRoundTrip(XlsxTextFidelityTest.java:78)

XlsxTextFidelityTest > headersAndCellsUseKnownXstringMappingAndRoundTrip(String, String, boolean) > [20] ab, a_x000B_b, true FAILED
    org.opentest4j.AssertionFailedError: raw mapping A1 ==> expected: <a_x000B_b> but was: <ab>
        at app//org.junit.jupiter.api.AssertionFailureBuilder.build(AssertionFailureBuilder.java:151)
        at app//org.junit.jupiter.api.AssertionFailureBuilder.buildAndThrow(AssertionFailureBuilder.java:132)
        at app//org.junit.jupiter.api.AssertEquals.failNotEqual(AssertEquals.java:197)
        at app//org.junit.jupiter.api.AssertEquals.assertEquals(AssertEquals.java:182)
        at app//org.junit.jupiter.api.Assertions.assertEquals(Assertions.java:1156)
        at app//com.datacube.export.XlsxTextFidelityTest.headersAndCellsUseKnownXstringMappingAndRoundTrip(XlsxTextFidelityTest.java:78)

XlsxTextFidelityTest > headersAndCellsUseKnownXstringMappingAndRoundTrip(String, String, boolean) > [21] ab, a_x000C_b, false FAILED
    org.opentest4j.AssertionFailedError: raw mapping A1 ==> expected: <a_x000C_b> but was: <ab>
        at app//org.junit.jupiter.api.AssertionFailureBuilder.build(AssertionFailureBuilder.java:151)
        at app//org.junit.jupiter.api.AssertionFailureBuilder.buildAndThrow(AssertionFailureBuilder.java:132)
        at app//org.junit.jupiter.api.AssertEquals.failNotEqual(AssertEquals.java:197)
        at app//org.junit.jupiter.api.AssertEquals.assertEquals(AssertEquals.java:182)
        at app//org.junit.jupiter.api.Assertions.assertEquals(Assertions.java:1156)
        at app//com.datacube.export.XlsxTextFidelityTest.headersAndCellsUseKnownXstringMappingAndRoundTrip(XlsxTextFidelityTest.java:78)

XlsxTextFidelityTest > headersAndCellsUseKnownXstringMappingAndRoundTrip(String, String, boolean) > [22] ab, a_x000C_b, true FAILED
    org.opentest4j.AssertionFailedError: raw mapping A1 ==> expected: <a_x000C_b> but was: <ab>
        at app//org.junit.jupiter.api.AssertionFailureBuilder.build(AssertionFailureBuilder.java:151)
        at app//org.junit.jupiter.api.AssertionFailureBuilder.buildAndThrow(AssertionFailureBuilder.java:132)
        at app//org.junit.jupiter.api.AssertEquals.failNotEqual(AssertEquals.java:197)
        at app//org.junit.jupiter.api.AssertEquals.assertEquals(AssertEquals.java:182)
        at app//org.junit.jupiter.api.Assertions.assertEquals(Assertions.java:1156)
        at app//com.datacube.export.XlsxTextFidelityTest.headersAndCellsUseKnownXstringMappingAndRoundTrip(XlsxTextFidelityTest.java:78)

XlsxTextFidelityTest > headersAndCellsUseKnownXstringMappingAndRoundTrip(String, String, boolean) > [23] a
b, a_x000D_b, false FAILED
    org.opentest4j.AssertionFailedError: raw mapping A1 ==> expected: <a_x000D_b> but was: <a
    b>
        at app//org.junit.jupiter.api.AssertionFailureBuilder.build(AssertionFailureBuilder.java:151)
        at app//org.junit.jupiter.api.AssertionFailureBuilder.buildAndThrow(AssertionFailureBuilder.java:132)
        at app//org.junit.jupiter.api.AssertEquals.failNotEqual(AssertEquals.java:197)
        at app//org.junit.jupiter.api.AssertEquals.assertEquals(AssertEquals.java:182)
        at app//org.junit.jupiter.api.Assertions.assertEquals(Assertions.java:1156)
        at app//com.datacube.export.XlsxTextFidelityTest.headersAndCellsUseKnownXstringMappingAndRoundTrip(XlsxTextFidelityTest.java:78)

XlsxTextFidelityTest > headersAndCellsUseKnownXstringMappingAndRoundTrip(String, String, boolean) > [24] a
b, a_x000D_b, true FAILED
    org.opentest4j.AssertionFailedError: raw mapping A1 ==> expected: <a_x000D_b> but was: <a
    b>
        at app//org.junit.jupiter.api.AssertionFailureBuilder.build(AssertionFailureBuilder.java:151)
        at app//org.junit.jupiter.api.AssertionFailureBuilder.buildAndThrow(AssertionFailureBuilder.java:132)
        at app//org.junit.jupiter.api.AssertEquals.failNotEqual(AssertEquals.java:197)
        at app//org.junit.jupiter.api.AssertEquals.assertEquals(AssertEquals.java:182)
        at app//org.junit.jupiter.api.Assertions.assertEquals(Assertions.java:1156)
        at app//com.datacube.export.XlsxTextFidelityTest.headersAndCellsUseKnownXstringMappingAndRoundTrip(XlsxTextFidelityTest.java:78)

XlsxTextFidelityTest > headersAndCellsUseKnownXstringMappingAndRoundTrip(String, String, boolean) > [25] ab, a_x000E_b, false FAILED
    org.opentest4j.AssertionFailedError: raw mapping A1 ==> expected: <a_x000E_b> but was: <ab>
        at app//org.junit.jupiter.api.AssertionFailureBuilder.build(AssertionFailureBuilder.java:151)
        at app//org.junit.jupiter.api.AssertionFailureBuilder.buildAndThrow(AssertionFailureBuilder.java:132)
        at app//org.junit.jupiter.api.AssertEquals.failNotEqual(AssertEquals.java:197)
        at app//org.junit.jupiter.api.AssertEquals.assertEquals(AssertEquals.java:182)
        at app//org.junit.jupiter.api.Assertions.assertEquals(Assertions.java:1156)
        at app//com.datacube.export.XlsxTextFidelityTest.headersAndCellsUseKnownXstringMappingAndRoundTrip(XlsxTextFidelityTest.java:78)

XlsxTextFidelityTest > headersAndCellsUseKnownXstringMappingAndRoundTrip(String, String, boolean) > [26] ab, a_x000E_b, true FAILED
    org.opentest4j.AssertionFailedError: raw mapping A1 ==> expected: <a_x000E_b> but was: <ab>
        at app//org.junit.jupiter.api.AssertionFailureBuilder.build(AssertionFailureBuilder.java:151)
        at app//org.junit.jupiter.api.AssertionFailureBuilder.buildAndThrow(AssertionFailureBuilder.java:132)
        at app//org.junit.jupiter.api.AssertEquals.failNotEqual(AssertEquals.java:197)
        at app//org.junit.jupiter.api.AssertEquals.assertEquals(AssertEquals.java:182)
        at app//org.junit.jupiter.api.Assertions.assertEquals(Assertions.java:1156)
        at app//com.datacube.export.XlsxTextFidelityTest.headersAndCellsUseKnownXstringMappingAndRoundTrip(XlsxTextFidelityTest.java:78)

XlsxTextFidelityTest > headersAndCellsUseKnownXstringMappingAndRoundTrip(String, String, boolean) > [27] ab, a_x000F_b, false FAILED
    org.opentest4j.AssertionFailedError: raw mapping A1 ==> expected: <a_x000F_b> but was: <ab>
        at app//org.junit.jupiter.api.AssertionFailureBuilder.build(AssertionFailureBuilder.java:151)
        at app//org.junit.jupiter.api.AssertionFailureBuilder.buildAndThrow(AssertionFailureBuilder.java:132)
        at app//org.junit.jupiter.api.AssertEquals.failNotEqual(AssertEquals.java:197)
        at app//org.junit.jupiter.api.AssertEquals.assertEquals(AssertEquals.java:182)
        at app//org.junit.jupiter.api.Assertions.assertEquals(Assertions.java:1156)
        at app//com.datacube.export.XlsxTextFidelityTest.headersAndCellsUseKnownXstringMappingAndRoundTrip(XlsxTextFidelityTest.java:78)

XlsxTextFidelityTest > headersAndCellsUseKnownXstringMappingAndRoundTrip(String, String, boolean) > [28] ab, a_x000F_b, true FAILED
    org.opentest4j.AssertionFailedError: raw mapping A1 ==> expected: <a_x000F_b> but was: <ab>
        at app//org.junit.jupiter.api.AssertionFailureBuilder.build(AssertionFailureBuilder.java:151)
        at app//org.junit.jupiter.api.AssertionFailureBuilder.buildAndThrow(AssertionFailureBuilder.java:132)
        at app//org.junit.jupiter.api.AssertEquals.failNotEqual(AssertEquals.java:197)
        at app//org.junit.jupiter.api.AssertEquals.assertEquals(AssertEquals.java:182)
        at app//org.junit.jupiter.api.Assertions.assertEquals(Assertions.java:1156)
        at app//com.datacube.export.XlsxTextFidelityTest.headersAndCellsUseKnownXstringMappingAndRoundTrip(XlsxTextFidelityTest.java:78)

XlsxTextFidelityTest > headersAndCellsUseKnownXstringMappingAndRoundTrip(String, String, boolean) > [29] ab, a_x0010_b, false FAILED
    org.opentest4j.AssertionFailedError: raw mapping A1 ==> expected: <a_x0010_b> but was: <ab>
        at app//org.junit.jupiter.api.AssertionFailureBuilder.build(AssertionFailureBuilder.java:151)
        at app//org.junit.jupiter.api.AssertionFailureBuilder.buildAndThrow(AssertionFailureBuilder.java:132)
        at app//org.junit.jupiter.api.AssertEquals.failNotEqual(AssertEquals.java:197)
        at app//org.junit.jupiter.api.AssertEquals.assertEquals(AssertEquals.java:182)
        at app//org.junit.jupiter.api.Assertions.assertEquals(Assertions.java:1156)
        at app//com.datacube.export.XlsxTextFidelityTest.headersAndCellsUseKnownXstringMappingAndRoundTrip(XlsxTextFidelityTest.java:78)

XlsxTextFidelityTest > headersAndCellsUseKnownXstringMappingAndRoundTrip(String, String, boolean) > [30] ab, a_x0010_b, true FAILED
    org.opentest4j.AssertionFailedError: raw mapping A1 ==> expected: <a_x0010_b> but was: <ab>
        at app//org.junit.jupiter.api.AssertionFailureBuilder.build(AssertionFailureBuilder.java:151)
        at app//org.junit.jupiter.api.AssertionFailureBuilder.buildAndThrow(AssertionFailureBuilder.java:132)
        at app//org.junit.jupiter.api.AssertEquals.failNotEqual(AssertEquals.java:197)
        at app//org.junit.jupiter.api.AssertEquals.assertEquals(AssertEquals.java:182)
        at app//org.junit.jupiter.api.Assertions.assertEquals(Assertions.java:1156)
        at app//com.datacube.export.XlsxTextFidelityTest.headersAndCellsUseKnownXstringMappingAndRoundTrip(XlsxTextFidelityTest.java:78)

XlsxTextFidelityTest > headersAndCellsUseKnownXstringMappingAndRoundTrip(String, String, boolean) > [31] ab, a_x0011_b, false FAILED
    org.opentest4j.AssertionFailedError: raw mapping A1 ==> expected: <a_x0011_b> but was: <ab>
        at app//org.junit.jupiter.api.AssertionFailureBuilder.build(AssertionFailureBuilder.java:151)
        at app//org.junit.jupiter.api.AssertionFailureBuilder.buildAndThrow(AssertionFailureBuilder.java:132)
        at app//org.junit.jupiter.api.AssertEquals.failNotEqual(AssertEquals.java:197)
        at app//org.junit.jupiter.api.AssertEquals.assertEquals(AssertEquals.java:182)
        at app//org.junit.jupiter.api.Assertions.assertEquals(Assertions.java:1156)
        at app//com.datacube.export.XlsxTextFidelityTest.headersAndCellsUseKnownXstringMappingAndRoundTrip(XlsxTextFidelityTest.java:78)

XlsxTextFidelityTest > headersAndCellsUseKnownXstringMappingAndRoundTrip(String, String, boolean) > [32] ab, a_x0011_b, true FAILED
    org.opentest4j.AssertionFailedError: raw mapping A1 ==> expected: <a_x0011_b> but was: <ab>
        at app//org.junit.jupiter.api.AssertionFailureBuilder.build(AssertionFailureBuilder.java:151)
        at app//org.junit.jupiter.api.AssertionFailureBuilder.buildAndThrow(AssertionFailureBuilder.java:132)
        at app//org.junit.jupiter.api.AssertEquals.failNotEqual(AssertEquals.java:197)
        at app//org.junit.jupiter.api.AssertEquals.assertEquals(AssertEquals.java:182)
        at app//org.junit.jupiter.api.Assertions.assertEquals(Assertions.java:1156)
        at app//com.datacube.export.XlsxTextFidelityTest.headersAndCellsUseKnownXstringMappingAndRoundTrip(XlsxTextFidelityTest.java:78)

XlsxTextFidelityTest > headersAndCellsUseKnownXstringMappingAndRoundTrip(String, String, boolean) > [33] ab, a_x0012_b, false FAILED
    org.opentest4j.AssertionFailedError: raw mapping A1 ==> expected: <a_x0012_b> but was: <ab>
        at app//org.junit.jupiter.api.AssertionFailureBuilder.build(AssertionFailureBuilder.java:151)
        at app//org.junit.jupiter.api.AssertionFailureBuilder.buildAndThrow(AssertionFailureBuilder.java:132)
        at app//org.junit.jupiter.api.AssertEquals.failNotEqual(AssertEquals.java:197)
        at app//org.junit.jupiter.api.AssertEquals.assertEquals(AssertEquals.java:182)
        at app//org.junit.jupiter.api.Assertions.assertEquals(Assertions.java:1156)
        at app//com.datacube.export.XlsxTextFidelityTest.headersAndCellsUseKnownXstringMappingAndRoundTrip(XlsxTextFidelityTest.java:78)

XlsxTextFidelityTest > headersAndCellsUseKnownXstringMappingAndRoundTrip(String, String, boolean) > [34] ab, a_x0012_b, true FAILED
    org.opentest4j.AssertionFailedError: raw mapping A1 ==> expected: <a_x0012_b> but was: <ab>
        at app//org.junit.jupiter.api.AssertionFailureBuilder.build(AssertionFailureBuilder.java:151)
        at app//org.junit.jupiter.api.AssertionFailureBuilder.buildAndThrow(AssertionFailureBuilder.java:132)
        at app//org.junit.jupiter.api.AssertEquals.failNotEqual(AssertEquals.java:197)
        at app//org.junit.jupiter.api.AssertEquals.assertEquals(AssertEquals.java:182)
        at app//org.junit.jupiter.api.Assertions.assertEquals(Assertions.java:1156)
        at app//com.datacube.export.XlsxTextFidelityTest.headersAndCellsUseKnownXstringMappingAndRoundTrip(XlsxTextFidelityTest.java:78)

XlsxTextFidelityTest > headersAndCellsUseKnownXstringMappingAndRoundTrip(String, String, boolean) > [35] ab, a_x0013_b, false FAILED
    org.opentest4j.AssertionFailedError: raw mapping A1 ==> expected: <a_x0013_b> but was: <ab>
        at app//org.junit.jupiter.api.AssertionFailureBuilder.build(AssertionFailureBuilder.java:151)
        at app//org.junit.jupiter.api.AssertionFailureBuilder.buildAndThrow(AssertionFailureBuilder.java:132)
        at app//org.junit.jupiter.api.AssertEquals.failNotEqual(AssertEquals.java:197)
        at app//org.junit.jupiter.api.AssertEquals.assertEquals(AssertEquals.java:182)
        at app//org.junit.jupiter.api.Assertions.assertEquals(Assertions.java:1156)
        at app//com.datacube.export.XlsxTextFidelityTest.headersAndCellsUseKnownXstringMappingAndRoundTrip(XlsxTextFidelityTest.java:78)

XlsxTextFidelityTest > headersAndCellsUseKnownXstringMappingAndRoundTrip(String, String, boolean) > [36] ab, a_x0013_b, true FAILED
    org.opentest4j.AssertionFailedError: raw mapping A1 ==> expected: <a_x0013_b> but was: <ab>
        at app//org.junit.jupiter.api.AssertionFailureBuilder.build(AssertionFailureBuilder.java:151)
        at app//org.junit.jupiter.api.AssertionFailureBuilder.buildAndThrow(AssertionFailureBuilder.java:132)
        at app//org.junit.jupiter.api.AssertEquals.failNotEqual(AssertEquals.java:197)
        at app//org.junit.jupiter.api.AssertEquals.assertEquals(AssertEquals.java:182)
        at app//org.junit.jupiter.api.Assertions.assertEquals(Assertions.java:1156)
        at app//com.datacube.export.XlsxTextFidelityTest.headersAndCellsUseKnownXstringMappingAndRoundTrip(XlsxTextFidelityTest.java:78)

XlsxTextFidelityTest > headersAndCellsUseKnownXstringMappingAndRoundTrip(String, String, boolean) > [37] ab, a_x0014_b, false FAILED
    org.opentest4j.AssertionFailedError: raw mapping A1 ==> expected: <a_x0014_b> but was: <ab>
        at app//org.junit.jupiter.api.AssertionFailureBuilder.build(AssertionFailureBuilder.java:151)
        at app//org.junit.jupiter.api.AssertionFailureBuilder.buildAndThrow(AssertionFailureBuilder.java:132)
        at app//org.junit.jupiter.api.AssertEquals.failNotEqual(AssertEquals.java:197)
        at app//org.junit.jupiter.api.AssertEquals.assertEquals(AssertEquals.java:182)
        at app//org.junit.jupiter.api.Assertions.assertEquals(Assertions.java:1156)
        at app//com.datacube.export.XlsxTextFidelityTest.headersAndCellsUseKnownXstringMappingAndRoundTrip(XlsxTextFidelityTest.java:78)

XlsxTextFidelityTest > headersAndCellsUseKnownXstringMappingAndRoundTrip(String, String, boolean) > [38] ab, a_x0014_b, true FAILED
    org.opentest4j.AssertionFailedError: raw mapping A1 ==> expected: <a_x0014_b> but was: <ab>
        at app//org.junit.jupiter.api.AssertionFailureBuilder.build(AssertionFailureBuilder.java:151)
        at app//org.junit.jupiter.api.AssertionFailureBuilder.buildAndThrow(AssertionFailureBuilder.java:132)
        at app//org.junit.jupiter.api.AssertEquals.failNotEqual(AssertEquals.java:197)
        at app//org.junit.jupiter.api.AssertEquals.assertEquals(AssertEquals.java:182)
        at app//org.junit.jupiter.api.Assertions.assertEquals(Assertions.java:1156)
        at app//com.datacube.export.XlsxTextFidelityTest.headersAndCellsUseKnownXstringMappingAndRoundTrip(XlsxTextFidelityTest.java:78)

XlsxTextFidelityTest > headersAndCellsUseKnownXstringMappingAndRoundTrip(String, String, boolean) > [39] ab, a_x0015_b, false FAILED
    org.opentest4j.AssertionFailedError: raw mapping A1 ==> expected: <a_x0015_b> but was: <ab>
        at app//org.junit.jupiter.api.AssertionFailureBuilder.build(AssertionFailureBuilder.java:151)
        at app//org.junit.jupiter.api.AssertionFailureBuilder.buildAndThrow(AssertionFailureBuilder.java:132)
        at app//org.junit.jupiter.api.AssertEquals.failNotEqual(AssertEquals.java:197)
        at app//org.junit.jupiter.api.AssertEquals.assertEquals(AssertEquals.java:182)
        at app//org.junit.jupiter.api.Assertions.assertEquals(Assertions.java:1156)
        at app//com.datacube.export.XlsxTextFidelityTest.headersAndCellsUseKnownXstringMappingAndRoundTrip(XlsxTextFidelityTest.java:78)

XlsxTextFidelityTest > headersAndCellsUseKnownXstringMappingAndRoundTrip(String, String, boolean) > [40] ab, a_x0015_b, true FAILED
    org.opentest4j.AssertionFailedError: raw mapping A1 ==> expected: <a_x0015_b> but was: <ab>
        at app//org.junit.jupiter.api.AssertionFailureBuilder.build(AssertionFailureBuilder.java:151)
        at app//org.junit.jupiter.api.AssertionFailureBuilder.buildAndThrow(AssertionFailureBuilder.java:132)
        at app//org.junit.jupiter.api.AssertEquals.failNotEqual(AssertEquals.java:197)
        at app//org.junit.jupiter.api.AssertEquals.assertEquals(AssertEquals.java:182)
        at app//org.junit.jupiter.api.Assertions.assertEquals(Assertions.java:1156)
        at app//com.datacube.export.XlsxTextFidelityTest.headersAndCellsUseKnownXstringMappingAndRoundTrip(XlsxTextFidelityTest.java:78)

XlsxTextFidelityTest > headersAndCellsUseKnownXstringMappingAndRoundTrip(String, String, boolean) > [41] ab, a_x0016_b, false FAILED
    org.opentest4j.AssertionFailedError: raw mapping A1 ==> expected: <a_x0016_b> but was: <ab>
        at app//org.junit.jupiter.api.AssertionFailureBuilder.build(AssertionFailureBuilder.java:151)
        at app//org.junit.jupiter.api.AssertionFailureBuilder.buildAndThrow(AssertionFailureBuilder.java:132)
        at app//org.junit.jupiter.api.AssertEquals.failNotEqual(AssertEquals.java:197)
        at app//org.junit.jupiter.api.AssertEquals.assertEquals(AssertEquals.java:182)
        at app//org.junit.jupiter.api.Assertions.assertEquals(Assertions.java:1156)
        at app//com.datacube.export.XlsxTextFidelityTest.headersAndCellsUseKnownXstringMappingAndRoundTrip(XlsxTextFidelityTest.java:78)

XlsxTextFidelityTest > headersAndCellsUseKnownXstringMappingAndRoundTrip(String, String, boolean) > [42] ab, a_x0016_b, true FAILED
    org.opentest4j.AssertionFailedError: raw mapping A1 ==> expected: <a_x0016_b> but was: <ab>
        at app//org.junit.jupiter.api.AssertionFailureBuilder.build(AssertionFailureBuilder.java:151)
        at app//org.junit.jupiter.api.AssertionFailureBuilder.buildAndThrow(AssertionFailureBuilder.java:132)
        at app//org.junit.jupiter.api.AssertEquals.failNotEqual(AssertEquals.java:197)
        at app//org.junit.jupiter.api.AssertEquals.assertEquals(AssertEquals.java:182)
        at app//org.junit.jupiter.api.Assertions.assertEquals(Assertions.java:1156)
        at app//com.datacube.export.XlsxTextFidelityTest.headersAndCellsUseKnownXstringMappingAndRoundTrip(XlsxTextFidelityTest.java:78)

XlsxTextFidelityTest > headersAndCellsUseKnownXstringMappingAndRoundTrip(String, String, boolean) > [43] ab, a_x0017_b, false FAILED
    org.opentest4j.AssertionFailedError: raw mapping A1 ==> expected: <a_x0017_b> but was: <ab>
        at app//org.junit.jupiter.api.AssertionFailureBuilder.build(AssertionFailureBuilder.java:151)
        at app//org.junit.jupiter.api.AssertionFailureBuilder.buildAndThrow(AssertionFailureBuilder.java:132)
        at app//org.junit.jupiter.api.AssertEquals.failNotEqual(AssertEquals.java:197)
        at app//org.junit.jupiter.api.AssertEquals.assertEquals(AssertEquals.java:182)
        at app//org.junit.jupiter.api.Assertions.assertEquals(Assertions.java:1156)
        at app//com.datacube.export.XlsxTextFidelityTest.headersAndCellsUseKnownXstringMappingAndRoundTrip(XlsxTextFidelityTest.java:78)

XlsxTextFidelityTest > headersAndCellsUseKnownXstringMappingAndRoundTrip(String, String, boolean) > [44] ab, a_x0017_b, true FAILED
    org.opentest4j.AssertionFailedError: raw mapping A1 ==> expected: <a_x0017_b> but was: <ab>
        at app//org.junit.jupiter.api.AssertionFailureBuilder.build(AssertionFailureBuilder.java:151)
        at app//org.junit.jupiter.api.AssertionFailureBuilder.buildAndThrow(AssertionFailureBuilder.java:132)
        at app//org.junit.jupiter.api.AssertEquals.failNotEqual(AssertEquals.java:197)
        at app//org.junit.jupiter.api.AssertEquals.assertEquals(AssertEquals.java:182)
        at app//org.junit.jupiter.api.Assertions.assertEquals(Assertions.java:1156)
        at app//com.datacube.export.XlsxTextFidelityTest.headersAndCellsUseKnownXstringMappingAndRoundTrip(XlsxTextFidelityTest.java:78)

XlsxTextFidelityTest > headersAndCellsUseKnownXstringMappingAndRoundTrip(String, String, boolean) > [45] ab, a_x0018_b, false FAILED
    org.opentest4j.AssertionFailedError: raw mapping A1 ==> expected: <a_x0018_b> but was: <ab>
        at app//org.junit.jupiter.api.AssertionFailureBuilder.build(AssertionFailureBuilder.java:151)
        at app//org.junit.jupiter.api.AssertionFailureBuilder.buildAndThrow(AssertionFailureBuilder.java:132)
        at app//org.junit.jupiter.api.AssertEquals.failNotEqual(AssertEquals.java:197)
        at app//org.junit.jupiter.api.AssertEquals.assertEquals(AssertEquals.java:182)
        at app//org.junit.jupiter.api.Assertions.assertEquals(Assertions.java:1156)
        at app//com.datacube.export.XlsxTextFidelityTest.headersAndCellsUseKnownXstringMappingAndRoundTrip(XlsxTextFidelityTest.java:78)

XlsxTextFidelityTest > headersAndCellsUseKnownXstringMappingAndRoundTrip(String, String, boolean) > [46] ab, a_x0018_b, true FAILED
    org.opentest4j.AssertionFailedError: raw mapping A1 ==> expected: <a_x0018_b> but was: <ab>
        at app//org.junit.jupiter.api.AssertionFailureBuilder.build(AssertionFailureBuilder.java:151)
        at app//org.junit.jupiter.api.AssertionFailureBuilder.buildAndThrow(AssertionFailureBuilder.java:132)
        at app//org.junit.jupiter.api.AssertEquals.failNotEqual(AssertEquals.java:197)
        at app//org.junit.jupiter.api.AssertEquals.assertEquals(AssertEquals.java:182)
        at app//org.junit.jupiter.api.Assertions.assertEquals(Assertions.java:1156)
        at app//com.datacube.export.XlsxTextFidelityTest.headersAndCellsUseKnownXstringMappingAndRoundTrip(XlsxTextFidelityTest.java:78)

XlsxTextFidelityTest > headersAndCellsUseKnownXstringMappingAndRoundTrip(String, String, boolean) > [47] ab, a_x0019_b, false FAILED
    org.opentest4j.AssertionFailedError: raw mapping A1 ==> expected: <a_x0019_b> but was: <ab>
        at app//org.junit.jupiter.api.AssertionFailureBuilder.build(AssertionFailureBuilder.java:151)
        at app//org.junit.jupiter.api.AssertionFailureBuilder.buildAndThrow(AssertionFailureBuilder.java:132)
        at app//org.junit.jupiter.api.AssertEquals.failNotEqual(AssertEquals.java:197)
        at app//org.junit.jupiter.api.AssertEquals.assertEquals(AssertEquals.java:182)
        at app//org.junit.jupiter.api.Assertions.assertEquals(Assertions.java:1156)
        at app//com.datacube.export.XlsxTextFidelityTest.headersAndCellsUseKnownXstringMappingAndRoundTrip(XlsxTextFidelityTest.java:78)

XlsxTextFidelityTest > headersAndCellsUseKnownXstringMappingAndRoundTrip(String, String, boolean) > [48] ab, a_x0019_b, true FAILED
    org.opentest4j.AssertionFailedError: raw mapping A1 ==> expected: <a_x0019_b> but was: <ab>
        at app//org.junit.jupiter.api.AssertionFailureBuilder.build(AssertionFailureBuilder.java:151)
        at app//org.junit.jupiter.api.AssertionFailureBuilder.buildAndThrow(AssertionFailureBuilder.java:132)
        at app//org.junit.jupiter.api.AssertEquals.failNotEqual(AssertEquals.java:197)
        at app//org.junit.jupiter.api.AssertEquals.assertEquals(AssertEquals.java:182)
        at app//org.junit.jupiter.api.Assertions.assertEquals(Assertions.java:1156)
        at app//com.datacube.export.XlsxTextFidelityTest.headersAndCellsUseKnownXstringMappingAndRoundTrip(XlsxTextFidelityTest.java:78)

XlsxTextFidelityTest > headersAndCellsUseKnownXstringMappingAndRoundTrip(String, String, boolean) > [49] ab, a_x001A_b, false FAILED
    org.opentest4j.AssertionFailedError: raw mapping A1 ==> expected: <a_x001A_b> but was: <ab>
        at app//org.junit.jupiter.api.AssertionFailureBuilder.build(AssertionFailureBuilder.java:151)
        at app//org.junit.jupiter.api.AssertionFailureBuilder.buildAndThrow(AssertionFailureBuilder.java:132)
        at app//org.junit.jupiter.api.AssertEquals.failNotEqual(AssertEquals.java:197)
        at app//org.junit.jupiter.api.AssertEquals.assertEquals(AssertEquals.java:182)
        at app//org.junit.jupiter.api.Assertions.assertEquals(Assertions.java:1156)
        at app//com.datacube.export.XlsxTextFidelityTest.headersAndCellsUseKnownXstringMappingAndRoundTrip(XlsxTextFidelityTest.java:78)

XlsxTextFidelityTest > headersAndCellsUseKnownXstringMappingAndRoundTrip(String, String, boolean) > [50] ab, a_x001A_b, true FAILED
    org.opentest4j.AssertionFailedError: raw mapping A1 ==> expected: <a_x001A_b> but was: <ab>
        at app//org.junit.jupiter.api.AssertionFailureBuilder.build(AssertionFailureBuilder.java:151)
        at app//org.junit.jupiter.api.AssertionFailureBuilder.buildAndThrow(AssertionFailureBuilder.java:132)
        at app//org.junit.jupiter.api.AssertEquals.failNotEqual(AssertEquals.java:197)
        at app//org.junit.jupiter.api.AssertEquals.assertEquals(AssertEquals.java:182)
        at app//org.junit.jupiter.api.Assertions.assertEquals(Assertions.java:1156)
        at app//com.datacube.export.XlsxTextFidelityTest.headersAndCellsUseKnownXstringMappingAndRoundTrip(XlsxTextFidelityTest.java:78)

XlsxTextFidelityTest > headersAndCellsUseKnownXstringMappingAndRoundTrip(String, String, boolean) > [51] ab, a_x001B_b, false FAILED
    org.opentest4j.AssertionFailedError: raw mapping A1 ==> expected: <a_x001B_b> but was: <ab>
        at app//org.junit.jupiter.api.AssertionFailureBuilder.build(AssertionFailureBuilder.java:151)
        at app//org.junit.jupiter.api.AssertionFailureBuilder.buildAndThrow(AssertionFailureBuilder.java:132)
        at app//org.junit.jupiter.api.AssertEquals.failNotEqual(AssertEquals.java:197)
        at app//org.junit.jupiter.api.AssertEquals.assertEquals(AssertEquals.java:182)
        at app//org.junit.jupiter.api.Assertions.assertEquals(Assertions.java:1156)
        at app//com.datacube.export.XlsxTextFidelityTest.headersAndCellsUseKnownXstringMappingAndRoundTrip(XlsxTextFidelityTest.java:78)

XlsxTextFidelityTest > headersAndCellsUseKnownXstringMappingAndRoundTrip(String, String, boolean) > [52] ab, a_x001B_b, true FAILED
    org.opentest4j.AssertionFailedError: raw mapping A1 ==> expected: <a_x001B_b> but was: <ab>
        at app//org.junit.jupiter.api.AssertionFailureBuilder.build(AssertionFailureBuilder.java:151)
        at app//org.junit.jupiter.api.AssertionFailureBuilder.buildAndThrow(AssertionFailureBuilder.java:132)
        at app//org.junit.jupiter.api.AssertEquals.failNotEqual(AssertEquals.java:197)
        at app//org.junit.jupiter.api.AssertEquals.assertEquals(AssertEquals.java:182)
        at app//org.junit.jupiter.api.Assertions.assertEquals(Assertions.java:1156)
        at app//com.datacube.export.XlsxTextFidelityTest.headersAndCellsUseKnownXstringMappingAndRoundTrip(XlsxTextFidelityTest.java:78)

XlsxTextFidelityTest > headersAndCellsUseKnownXstringMappingAndRoundTrip(String, String, boolean) > [53] ab, a_x001C_b, false FAILED
    org.opentest4j.AssertionFailedError: raw mapping A1 ==> expected: <a_x001C_b> but was: <ab>
        at app//org.junit.jupiter.api.AssertionFailureBuilder.build(AssertionFailureBuilder.java:151)
        at app//org.junit.jupiter.api.AssertionFailureBuilder.buildAndThrow(AssertionFailureBuilder.java:132)
        at app//org.junit.jupiter.api.AssertEquals.failNotEqual(AssertEquals.java:197)
        at app//org.junit.jupiter.api.AssertEquals.assertEquals(AssertEquals.java:182)
        at app//org.junit.jupiter.api.Assertions.assertEquals(Assertions.java:1156)
        at app//com.datacube.export.XlsxTextFidelityTest.headersAndCellsUseKnownXstringMappingAndRoundTrip(XlsxTextFidelityTest.java:78)

XlsxTextFidelityTest > headersAndCellsUseKnownXstringMappingAndRoundTrip(String, String, boolean) > [54] ab, a_x001C_b, true FAILED
    org.opentest4j.AssertionFailedError: raw mapping A1 ==> expected: <a_x001C_b> but was: <ab>
        at app//org.junit.jupiter.api.AssertionFailureBuilder.build(AssertionFailureBuilder.java:151)
        at app//org.junit.jupiter.api.AssertionFailureBuilder.buildAndThrow(AssertionFailureBuilder.java:132)
        at app//org.junit.jupiter.api.AssertEquals.failNotEqual(AssertEquals.java:197)
        at app//org.junit.jupiter.api.AssertEquals.assertEquals(AssertEquals.java:182)
        at app//org.junit.jupiter.api.Assertions.assertEquals(Assertions.java:1156)
        at app//com.datacube.export.XlsxTextFidelityTest.headersAndCellsUseKnownXstringMappingAndRoundTrip(XlsxTextFidelityTest.java:78)

XlsxTextFidelityTest > headersAndCellsUseKnownXstringMappingAndRoundTrip(String, String, boolean) > [55] ab, a_x001D_b, false FAILED
    org.opentest4j.AssertionFailedError: raw mapping A1 ==> expected: <a_x001D_b> but was: <ab>
        at app//org.junit.jupiter.api.AssertionFailureBuilder.build(AssertionFailureBuilder.java:151)
        at app//org.junit.jupiter.api.AssertionFailureBuilder.buildAndThrow(AssertionFailureBuilder.java:132)
        at app//org.junit.jupiter.api.AssertEquals.failNotEqual(AssertEquals.java:197)
        at app//org.junit.jupiter.api.AssertEquals.assertEquals(AssertEquals.java:182)
        at app//org.junit.jupiter.api.Assertions.assertEquals(Assertions.java:1156)
        at app//com.datacube.export.XlsxTextFidelityTest.headersAndCellsUseKnownXstringMappingAndRoundTrip(XlsxTextFidelityTest.java:78)

XlsxTextFidelityTest > headersAndCellsUseKnownXstringMappingAndRoundTrip(String, String, boolean) > [56] ab, a_x001D_b, true FAILED
    org.opentest4j.AssertionFailedError: raw mapping A1 ==> expected: <a_x001D_b> but was: <ab>
        at app//org.junit.jupiter.api.AssertionFailureBuilder.build(AssertionFailureBuilder.java:151)
        at app//org.junit.jupiter.api.AssertionFailureBuilder.buildAndThrow(AssertionFailureBuilder.java:132)
        at app//org.junit.jupiter.api.AssertEquals.failNotEqual(AssertEquals.java:197)
        at app//org.junit.jupiter.api.AssertEquals.assertEquals(AssertEquals.java:182)
        at app//org.junit.jupiter.api.Assertions.assertEquals(Assertions.java:1156)
        at app//com.datacube.export.XlsxTextFidelityTest.headersAndCellsUseKnownXstringMappingAndRoundTrip(XlsxTextFidelityTest.java:78)

XlsxTextFidelityTest > headersAndCellsUseKnownXstringMappingAndRoundTrip(String, String, boolean) > [57] ab, a_x001E_b, false FAILED
    org.opentest4j.AssertionFailedError: raw mapping A1 ==> expected: <a_x001E_b> but was: <ab>
        at app//org.junit.jupiter.api.AssertionFailureBuilder.build(AssertionFailureBuilder.java:151)
        at app//org.junit.jupiter.api.AssertionFailureBuilder.buildAndThrow(AssertionFailureBuilder.java:132)
        at app//org.junit.jupiter.api.AssertEquals.failNotEqual(AssertEquals.java:197)
        at app//org.junit.jupiter.api.AssertEquals.assertEquals(AssertEquals.java:182)
        at app//org.junit.jupiter.api.Assertions.assertEquals(Assertions.java:1156)
        at app//com.datacube.export.XlsxTextFidelityTest.headersAndCellsUseKnownXstringMappingAndRoundTrip(XlsxTextFidelityTest.java:78)

XlsxTextFidelityTest > headersAndCellsUseKnownXstringMappingAndRoundTrip(String, String, boolean) > [58] ab, a_x001E_b, true FAILED
    org.opentest4j.AssertionFailedError: raw mapping A1 ==> expected: <a_x001E_b> but was: <ab>
        at app//org.junit.jupiter.api.AssertionFailureBuilder.build(AssertionFailureBuilder.java:151)
        at app//org.junit.jupiter.api.AssertionFailureBuilder.buildAndThrow(AssertionFailureBuilder.java:132)
        at app//org.junit.jupiter.api.AssertEquals.failNotEqual(AssertEquals.java:197)
        at app//org.junit.jupiter.api.AssertEquals.assertEquals(AssertEquals.java:182)
        at app//org.junit.jupiter.api.Assertions.assertEquals(Assertions.java:1156)
        at app//com.datacube.export.XlsxTextFidelityTest.headersAndCellsUseKnownXstringMappingAndRoundTrip(XlsxTextFidelityTest.java:78)

XlsxTextFidelityTest > headersAndCellsUseKnownXstringMappingAndRoundTrip(String, String, boolean) > [59] ab, a_x001F_b, false FAILED
    org.opentest4j.AssertionFailedError: raw mapping A1 ==> expected: <a_x001F_b> but was: <ab>
        at app//org.junit.jupiter.api.AssertionFailureBuilder.build(AssertionFailureBuilder.java:151)
        at app//org.junit.jupiter.api.AssertionFailureBuilder.buildAndThrow(AssertionFailureBuilder.java:132)
        at app//org.junit.jupiter.api.AssertEquals.failNotEqual(AssertEquals.java:197)
        at app//org.junit.jupiter.api.AssertEquals.assertEquals(AssertEquals.java:182)
        at app//org.junit.jupiter.api.Assertions.assertEquals(Assertions.java:1156)
        at app//com.datacube.export.XlsxTextFidelityTest.headersAndCellsUseKnownXstringMappingAndRoundTrip(XlsxTextFidelityTest.java:78)

XlsxTextFidelityTest > headersAndCellsUseKnownXstringMappingAndRoundTrip(String, String, boolean) > [60] ab, a_x001F_b, true FAILED
    org.opentest4j.AssertionFailedError: raw mapping A1 ==> expected: <a_x001F_b> but was: <ab>
        at app//org.junit.jupiter.api.AssertionFailureBuilder.build(AssertionFailureBuilder.java:151)
        at app//org.junit.jupiter.api.AssertionFailureBuilder.buildAndThrow(AssertionFailureBuilder.java:132)
        at app//org.junit.jupiter.api.AssertEquals.failNotEqual(AssertEquals.java:197)
        at app//org.junit.jupiter.api.AssertEquals.assertEquals(AssertEquals.java:182)
        at app//org.junit.jupiter.api.Assertions.assertEquals(Assertions.java:1156)
        at app//com.datacube.export.XlsxTextFidelityTest.headersAndCellsUseKnownXstringMappingAndRoundTrip(XlsxTextFidelityTest.java:78)

XlsxTextFidelityTest > headersAndCellsUseKnownXstringMappingAndRoundTrip(String, String, boolean) > [61] a￾b, a_xFFFE_b, false FAILED
    org.xml.sax.SAXParseException; lineNumber: 1; columnNumber: 208; 在文档的元素内容中找到无效的 XML 字符 (Unicode: 0xfffe)。
        at java.xml/com.sun.org.apache.xerces.internal.parsers.DOMParser.parse(DOMParser.java:263)
        at java.xml/com.sun.org.apache.xerces.internal.jaxp.DocumentBuilderImpl.parse(DocumentBuilderImpl.java:335)
        at java.xml/javax.xml.parsers.DocumentBuilder.parse(DocumentBuilder.java:122)
        at com.datacube.export.XlsxTestDocuments.read(XlsxTestDocuments.java:22)
        at com.datacube.export.XlsxTextFidelityTest.headersAndCellsUseKnownXstringMappingAndRoundTrip(XlsxTextFidelityTest.java:73)

XlsxTextFidelityTest > headersAndCellsUseKnownXstringMappingAndRoundTrip(String, String, boolean) > [62] a￾b, a_xFFFE_b, true FAILED
    org.xml.sax.SAXParseException; lineNumber: 1; columnNumber: 474; 在文档的元素内容中找到无效的 XML 字符 (Unicode: 0xfffe)。
        at java.xml/com.sun.org.apache.xerces.internal.parsers.DOMParser.parse(DOMParser.java:263)
        at java.xml/com.sun.org.apache.xerces.internal.jaxp.DocumentBuilderImpl.parse(DocumentBuilderImpl.java:335)
        at java.xml/javax.xml.parsers.DocumentBuilder.parse(DocumentBuilder.java:122)
        at com.datacube.export.XlsxTestDocuments.read(XlsxTestDocuments.java:22)
        at com.datacube.export.XlsxTextFidelityTest.headersAndCellsUseKnownXstringMappingAndRoundTrip(XlsxTextFidelityTest.java:73)

XlsxTextFidelityTest > headersAndCellsUseKnownXstringMappingAndRoundTrip(String, String, boolean) > [63] a￿b, a_xFFFF_b, false FAILED
    org.xml.sax.SAXParseException; lineNumber: 1; columnNumber: 208; 在文档的元素内容中找到无效的 XML 字符 (Unicode: 0xffff)。
        at java.xml/com.sun.org.apache.xerces.internal.parsers.DOMParser.parse(DOMParser.java:263)
        at java.xml/com.sun.org.apache.xerces.internal.jaxp.DocumentBuilderImpl.parse(DocumentBuilderImpl.java:335)
        at java.xml/javax.xml.parsers.DocumentBuilder.parse(DocumentBuilder.java:122)
        at com.datacube.export.XlsxTestDocuments.read(XlsxTestDocuments.java:22)
        at com.datacube.export.XlsxTextFidelityTest.headersAndCellsUseKnownXstringMappingAndRoundTrip(XlsxTextFidelityTest.java:73)

XlsxTextFidelityTest > headersAndCellsUseKnownXstringMappingAndRoundTrip(String, String, boolean) > [64] a￿b, a_xFFFF_b, true FAILED
    org.xml.sax.SAXParseException; lineNumber: 1; columnNumber: 474; 在文档的元素内容中找到无效的 XML 字符 (Unicode: 0xffff)。
        at java.xml/com.sun.org.apache.xerces.internal.parsers.DOMParser.parse(DOMParser.java:263)
        at java.xml/com.sun.org.apache.xerces.internal.jaxp.DocumentBuilderImpl.parse(DocumentBuilderImpl.java:335)
        at java.xml/javax.xml.parsers.DocumentBuilder.parse(DocumentBuilder.java:122)
        at com.datacube.export.XlsxTestDocuments.read(XlsxTestDocuments.java:22)
        at com.datacube.export.XlsxTextFidelityTest.headersAndCellsUseKnownXstringMappingAndRoundTrip(XlsxTextFidelityTest.java:73)

XlsxTextFidelityTest > headersAndCellsUseKnownXstringMappingAndRoundTrip(String, String, boolean) > [65] a
b
c, a_x000D_b_x000D_
c, false FAILED
    org.opentest4j.AssertionFailedError: raw mapping A1 ==> expected: <a_x000D_b_x000D_
    c> but was: <a
    b
    c>
        at app//org.junit.jupiter.api.AssertionFailureBuilder.build(AssertionFailureBuilder.java:151)
        at app//org.junit.jupiter.api.AssertionFailureBuilder.buildAndThrow(AssertionFailureBuilder.java:132)
        at app//org.junit.jupiter.api.AssertEquals.failNotEqual(AssertEquals.java:197)
        at app//org.junit.jupiter.api.AssertEquals.assertEquals(AssertEquals.java:182)
        at app//org.junit.jupiter.api.Assertions.assertEquals(Assertions.java:1156)
        at app//com.datacube.export.XlsxTextFidelityTest.headersAndCellsUseKnownXstringMappingAndRoundTrip(XlsxTextFidelityTest.java:78)

XlsxTextFidelityTest > headersAndCellsUseKnownXstringMappingAndRoundTrip(String, String, boolean) > [66] a
b
c, a_x000D_b_x000D_
c, true FAILED
    org.opentest4j.AssertionFailedError: raw mapping A1 ==> expected: <a_x000D_b_x000D_
    c> but was: <a
    b
    c>
        at app//org.junit.jupiter.api.AssertionFailureBuilder.build(AssertionFailureBuilder.java:151)
        at app//org.junit.jupiter.api.AssertionFailureBuilder.buildAndThrow(AssertionFailureBuilder.java:132)
        at app//org.junit.jupiter.api.AssertEquals.failNotEqual(AssertEquals.java:197)
        at app//org.junit.jupiter.api.AssertEquals.assertEquals(AssertEquals.java:182)
        at app//org.junit.jupiter.api.Assertions.assertEquals(Assertions.java:1156)
        at app//com.datacube.export.XlsxTextFidelityTest.headersAndCellsUseKnownXstringMappingAndRoundTrip(XlsxTextFidelityTest.java:78)

XlsxTextFidelityTest > headersAndCellsUseKnownXstringMappingAndRoundTrip(String, String, boolean) > [67] _x0000_, _x005F_x0000_, false FAILED
    org.opentest4j.AssertionFailedError: raw mapping A1 ==> expected: <_x005F_x0000_> but was: <_x0000_>
        at app//org.junit.jupiter.api.AssertionFailureBuilder.build(AssertionFailureBuilder.java:151)
        at app//org.junit.jupiter.api.AssertionFailureBuilder.buildAndThrow(AssertionFailureBuilder.java:132)
        at app//org.junit.jupiter.api.AssertEquals.failNotEqual(AssertEquals.java:197)
        at app//org.junit.jupiter.api.AssertEquals.assertEquals(AssertEquals.java:182)
        at app//org.junit.jupiter.api.Assertions.assertEquals(Assertions.java:1156)
        at app//com.datacube.export.XlsxTextFidelityTest.headersAndCellsUseKnownXstringMappingAndRoundTrip(XlsxTextFidelityTest.java:78)

XlsxTextFidelityTest > headersAndCellsUseKnownXstringMappingAndRoundTrip(String, String, boolean) > [68] _x0000_, _x005F_x0000_, true FAILED
    org.opentest4j.AssertionFailedError: raw mapping A1 ==> expected: <_x005F_x0000_> but was: <_x0000_>
        at app//org.junit.jupiter.api.AssertionFailureBuilder.build(AssertionFailureBuilder.java:151)
        at app//org.junit.jupiter.api.AssertionFailureBuilder.buildAndThrow(AssertionFailureBuilder.java:132)
        at app//org.junit.jupiter.api.AssertEquals.failNotEqual(AssertEquals.java:197)
        at app//org.junit.jupiter.api.AssertEquals.assertEquals(AssertEquals.java:182)
        at app//org.junit.jupiter.api.Assertions.assertEquals(Assertions.java:1156)
        at app//com.datacube.export.XlsxTextFidelityTest.headersAndCellsUseKnownXstringMappingAndRoundTrip(XlsxTextFidelityTest.java:78)

XlsxTextFidelityTest > headersAndCellsUseKnownXstringMappingAndRoundTrip(String, String, boolean) > [69] _x0000__x000D_, _x005F_x0000__x005F_x000D_, false FAILED
    org.opentest4j.AssertionFailedError: raw mapping A1 ==> expected: <_x005F_x0000__x005F_x000D_> but was: <_x0000__x000D_>
        at app//org.junit.jupiter.api.AssertionFailureBuilder.build(AssertionFailureBuilder.java:151)
        at app//org.junit.jupiter.api.AssertionFailureBuilder.buildAndThrow(AssertionFailureBuilder.java:132)
        at app//org.junit.jupiter.api.AssertEquals.failNotEqual(AssertEquals.java:197)
        at app//org.junit.jupiter.api.AssertEquals.assertEquals(AssertEquals.java:182)
        at app//org.junit.jupiter.api.Assertions.assertEquals(Assertions.java:1156)
        at app//com.datacube.export.XlsxTextFidelityTest.headersAndCellsUseKnownXstringMappingAndRoundTrip(XlsxTextFidelityTest.java:78)

XlsxTextFidelityTest > headersAndCellsUseKnownXstringMappingAndRoundTrip(String, String, boolean) > [70] _x0000__x000D_, _x005F_x0000__x005F_x000D_, true FAILED
    org.opentest4j.AssertionFailedError: raw mapping A1 ==> expected: <_x005F_x0000__x005F_x000D_> but was: <_x0000__x000D_>
        at app//org.junit.jupiter.api.AssertionFailureBuilder.build(AssertionFailureBuilder.java:151)
        at app//org.junit.jupiter.api.AssertionFailureBuilder.buildAndThrow(AssertionFailureBuilder.java:132)
        at app//org.junit.jupiter.api.AssertEquals.failNotEqual(AssertEquals.java:197)
        at app//org.junit.jupiter.api.AssertEquals.assertEquals(AssertEquals.java:182)
        at app//org.junit.jupiter.api.Assertions.assertEquals(Assertions.java:1156)
        at app//com.datacube.export.XlsxTextFidelityTest.headersAndCellsUseKnownXstringMappingAndRoundTrip(XlsxTextFidelityTest.java:78)

XlsxTextFidelityTest > headersAndCellsUseKnownXstringMappingAndRoundTrip(String, String, boolean) > [71] _x005F_x0000_, _x005F_x005F_x005F_x0000_, false FAILED
    org.opentest4j.AssertionFailedError: raw mapping A1 ==> expected: <_x005F_x005F_x005F_x0000_> but was: <_x005F_x0000_>
        at app//org.junit.jupiter.api.AssertionFailureBuilder.build(AssertionFailureBuilder.java:151)
        at app//org.junit.jupiter.api.AssertionFailureBuilder.buildAndThrow(AssertionFailureBuilder.java:132)
        at app//org.junit.jupiter.api.AssertEquals.failNotEqual(AssertEquals.java:197)
        at app//org.junit.jupiter.api.AssertEquals.assertEquals(AssertEquals.java:182)
        at app//org.junit.jupiter.api.Assertions.assertEquals(Assertions.java:1156)
        at app//com.datacube.export.XlsxTextFidelityTest.headersAndCellsUseKnownXstringMappingAndRoundTrip(XlsxTextFidelityTest.java:78)

XlsxTextFidelityTest > headersAndCellsUseKnownXstringMappingAndRoundTrip(String, String, boolean) > [72] _x005F_x0000_, _x005F_x005F_x005F_x0000_, true FAILED
    org.opentest4j.AssertionFailedError: raw mapping A1 ==> expected: <_x005F_x005F_x005F_x0000_> but was: <_x005F_x0000_>
        at app//org.junit.jupiter.api.AssertionFailureBuilder.build(AssertionFailureBuilder.java:151)
        at app//org.junit.jupiter.api.AssertionFailureBuilder.buildAndThrow(AssertionFailureBuilder.java:132)
        at app//org.junit.jupiter.api.AssertEquals.failNotEqual(AssertEquals.java:197)
        at app//org.junit.jupiter.api.AssertEquals.assertEquals(AssertEquals.java:182)
        at app//org.junit.jupiter.api.Assertions.assertEquals(Assertions.java:1156)
        at app//com.datacube.export.XlsxTextFidelityTest.headersAndCellsUseKnownXstringMappingAndRoundTrip(XlsxTextFidelityTest.java:78)

XlsxTextFidelityTest > headersAndCellsUseKnownXstringMappingAndRoundTrip(String, String, boolean) > [73] _x005F_, _x005F_x005F_, false FAILED
    org.opentest4j.AssertionFailedError: raw mapping A1 ==> expected: <_x005F_x005F_> but was: <_x005F_>
        at app//org.junit.jupiter.api.AssertionFailureBuilder.build(AssertionFailureBuilder.java:151)
        at app//org.junit.jupiter.api.AssertionFailureBuilder.buildAndThrow(AssertionFailureBuilder.java:132)
        at app//org.junit.jupiter.api.AssertEquals.failNotEqual(AssertEquals.java:197)
        at app//org.junit.jupiter.api.AssertEquals.assertEquals(AssertEquals.java:182)
        at app//org.junit.jupiter.api.Assertions.assertEquals(Assertions.java:1156)
        at app//com.datacube.export.XlsxTextFidelityTest.headersAndCellsUseKnownXstringMappingAndRoundTrip(XlsxTextFidelityTest.java:78)

XlsxTextFidelityTest > headersAndCellsUseKnownXstringMappingAndRoundTrip(String, String, boolean) > [74] _x005F_, _x005F_x005F_, true FAILED
    org.opentest4j.AssertionFailedError: raw mapping A1 ==> expected: <_x005F_x005F_> but was: <_x005F_>
        at app//org.junit.jupiter.api.AssertionFailureBuilder.build(AssertionFailureBuilder.java:151)
        at app//org.junit.jupiter.api.AssertionFailureBuilder.buildAndThrow(AssertionFailureBuilder.java:132)
        at app//org.junit.jupiter.api.AssertEquals.failNotEqual(AssertEquals.java:197)
        at app//org.junit.jupiter.api.AssertEquals.assertEquals(AssertEquals.java:182)
        at app//org.junit.jupiter.api.Assertions.assertEquals(Assertions.java:1156)
        at app//com.datacube.export.XlsxTextFidelityTest.headersAndCellsUseKnownXstringMappingAndRoundTrip(XlsxTextFidelityTest.java:78)

XlsxTextFidelityTest > headersAndCellsUseKnownXstringMappingAndRoundTrip(String, String, boolean) > [75] p_x00aF__xABcd_q, p_x005F_x00aF__x005F_xABcd_q, false FAILED
    org.opentest4j.AssertionFailedError: raw mapping A1 ==> expected: <p_x005F_x00aF__x005F_xABcd_q> but was: <p_x00aF__xABcd_q>
        at app//org.junit.jupiter.api.AssertionFailureBuilder.build(AssertionFailureBuilder.java:151)
        at app//org.junit.jupiter.api.AssertionFailureBuilder.buildAndThrow(AssertionFailureBuilder.java:132)
        at app//org.junit.jupiter.api.AssertEquals.failNotEqual(AssertEquals.java:197)
        at app//org.junit.jupiter.api.AssertEquals.assertEquals(AssertEquals.java:182)
        at app//org.junit.jupiter.api.Assertions.assertEquals(Assertions.java:1156)
        at app//com.datacube.export.XlsxTextFidelityTest.headersAndCellsUseKnownXstringMappingAndRoundTrip(XlsxTextFidelityTest.java:78)

XlsxTextFidelityTest > headersAndCellsUseKnownXstringMappingAndRoundTrip(String, String, boolean) > [76] p_x00aF__xABcd_q, p_x005F_x00aF__x005F_xABcd_q, true FAILED
    org.opentest4j.AssertionFailedError: raw mapping A1 ==> expected: <p_x005F_x00aF__x005F_xABcd_q> but was: <p_x00aF__xABcd_q>
        at app//org.junit.jupiter.api.AssertionFailureBuilder.build(AssertionFailureBuilder.java:151)
        at app//org.junit.jupiter.api.AssertionFailureBuilder.buildAndThrow(AssertionFailureBuilder.java:132)
        at app//org.junit.jupiter.api.AssertEquals.failNotEqual(AssertEquals.java:197)
        at app//org.junit.jupiter.api.AssertEquals.assertEquals(AssertEquals.java:182)
        at app//org.junit.jupiter.api.Assertions.assertEquals(Assertions.java:1156)
        at app//com.datacube.export.XlsxTextFidelityTest.headersAndCellsUseKnownXstringMappingAndRoundTrip(XlsxTextFidelityTest.java:78)

SqlResultXlsxExportFailureTest > unpairedUtf16ReportsSafeWriteFailureWithoutSuccessAndCanRetry() FAILED
    org.opentest4j.AssertionFailedError: expected: <导出写入失败，原目标文件未修改> but was: <已导出: C:\Users\hetia\AppData\Local\Temp\datacube-xlsx-text-fidelity-worker-62d62349ece44b5cabfe475f48cc5369\temp\junit-7270535267640495660\case-result.xlsx>
        at app//org.junit.jupiter.api.AssertionFailureBuilder.build(AssertionFailureBuilder.java:151)
        at app//org.junit.jupiter.api.AssertionFailureBuilder.buildAndThrow(AssertionFailureBuilder.java:132)
        at app//org.junit.jupiter.api.AssertEquals.failNotEqual(AssertEquals.java:197)
        at app//org.junit.jupiter.api.AssertEquals.assertEquals(AssertEquals.java:182)
        at app//org.junit.jupiter.api.AssertEquals.assertEquals(AssertEquals.java:177)
        at app//org.junit.jupiter.api.Assertions.assertEquals(Assertions.java:1145)
        at app//com.datacube.fx.SqlResultXlsxExportFailureTest.lambda$unpairedUtf16ReportsSafeWriteFailureWithoutSuccessAndCanRetry$6(SqlResultXlsxExportFailureTest.java:45)

142 tests completed, 133 failed

> Task :test FAILED

[Incubating] Problems report is available at: file:///C:/Users/hetia/.codex/worktrees/metadata-search-cancellation/%E6%9C%9D%E8%8A%B1%E5%A4%95%E6%8B%BE/build/reports/problems/problems-report.html
9 actionable tasks: 7 executed, 2 up-to-date

FAILURE: Build failed with an exception.

* What went wrong:
Execution failed for task ':test'.
> There were failing tests. See the report at: file:///C:/Users/hetia/.codex/worktrees/metadata-search-cancellation/%E6%9C%9D%E8%8A%B1%E5%A4%95%E6%8B%BE/build/reports/tests/test/index.html

* Try:
> Run with --scan to generate a Build Scan (powered by Develocity).

BUILD FAILED in 22s
