Merge made by the 'ort' strategy.
 .../2026-10-08-xlsx-text-fidelity-worker.md        |    71 +
 .../.gitattributes                                 |     1 +
 .../xlsx-text-fidelity-20261008-worker/.gitignore  |     1 +
 .../000-baseline-diagnosis/command.json            |    25 +
 .../000-baseline-diagnosis/compile.log             |    13 +
 .../000-baseline-diagnosis/exit.json               |     5 +
 .../source-at-diagnosis/QueryResultFileWriter.java |   124 +
 .../source-at-diagnosis/Run-Diagnosis.ps1          |    37 +
 .../SafeResultFilePublisher.java                   |   130 +
 .../source-at-diagnosis/TableExporter.java         |    74 +
 .../source-at-diagnosis/XlsxTestDocuments.java     |    33 +
 .../source-at-diagnosis/XlsxTextDiagnosis.java     |    91 +
 .../source-at-diagnosis/XlsxWriter.java            |   236 +
 .../000-baseline-diagnosis/source-sha256.json      |    30 +
 .../001-baseline-source-diagnosis/command.json     |    25 +
 .../001-baseline-source-diagnosis/compile.log      |    13 +
 .../001-baseline-source-diagnosis/exit.json        |     5 +
 .../source-at-diagnosis/QueryResultFileWriter.java |   124 +
 .../source-at-diagnosis/Run-Diagnosis.ps1          |    47 +
 .../SafeResultFilePublisher.java                   |   130 +
 .../source-at-diagnosis/TableExporter.java         |    74 +
 .../source-at-diagnosis/XlsxTestDocuments.java     |    33 +
 .../source-at-diagnosis/XlsxTextDiagnosis.java     |    98 +
 .../source-at-diagnosis/XlsxWriter.java            |   236 +
 .../source-sha256.json                             |    30 +
 .../alias-command-exit.json                        |    10 +
 .../002-baseline-source-diagnosis/alias.log        |     1 +
 .../audit-aliases.json                             |     1 +
 .../002-baseline-source-diagnosis/c0-sheet.xml     |     1 +
 .../002-baseline-source-diagnosis/c0.xlsx          |   Bin 0 -> 2407 bytes
 .../002-baseline-source-diagnosis/case-nul.xlsx    |   Bin 0 -> 2407 bytes
 .../002-baseline-source-diagnosis/cases.json       |    12 +
 .../002-baseline-source-diagnosis/command.json     |    25 +
 .../002-baseline-source-diagnosis/compile.log      |     1 +
 .../002-baseline-source-diagnosis/cr-sheet.xml     |     3 +
 .../002-baseline-source-diagnosis/cr.xlsx          |   Bin 0 -> 2413 bytes
 .../002-baseline-source-diagnosis/diagnosis.log    |    28 +
 .../002-baseline-source-diagnosis/exit.json        |     5 +
 .../002-baseline-source-diagnosis/fffe-sheet.xml   |     1 +
 .../002-baseline-source-diagnosis/fffe.xlsx        |   Bin 0 -> 2414 bytes
 .../002-baseline-source-diagnosis/ffff-sheet.xml   |     1 +
 .../002-baseline-source-diagnosis/ffff.xlsx        |   Bin 0 -> 2414 bytes
 .../high-surrogate-sheet.xml                       |     1 +
 .../high-surrogate.xlsx                            |   Bin 0 -> 2408 bytes
 .../literal-sheet.xml                              |     1 +
 .../002-baseline-source-diagnosis/literal.xlsx     |   Bin 0 -> 2426 bytes
 .../low-surrogate-sheet.xml                        |     1 +
 .../low-surrogate.xlsx                             |   Bin 0 -> 2408 bytes
 .../near-literal-sheet.xml                         |     1 +
 .../near-literal.xlsx                              |   Bin 0 -> 2427 bytes
 .../002-baseline-source-diagnosis/nul-sheet.xml    |     1 +
 .../ordinary-sheet.xml                             |     3 +
 .../002-baseline-source-diagnosis/ordinary.xlsx    |   Bin 0 -> 2486 bytes
 .../source-at-diagnosis/QueryResultFileWriter.java |   124 +
 .../source-at-diagnosis/Run-Diagnosis.ps1          |    48 +
 .../SafeResultFilePublisher.java                   |   130 +
 .../source-at-diagnosis/TableExporter.java         |    74 +
 .../source-at-diagnosis/XlsxTestDocuments.java     |    33 +
 .../source-at-diagnosis/XlsxTextDiagnosis.java     |    98 +
 .../source-at-diagnosis/XlsxWriter.java            |   236 +
 .../source-sha256.json                             |    30 +
 ...ST-com.datacube.export.XlsxTextFidelityTest.xml | 10767 ++++++++
 ....datacube.fx.SqlResultXlsxExportFailureTest.xml |    26 +
 .../003-xlsx-text-red/command.json                 |    23 +
 .../003-xlsx-text-red/exit.json                    |     4 +
 .../003-xlsx-text-red/gradle.log                   |  1196 +
 .../source-at-failure/Run-Main.ps1                 |    62 +
 .../SqlResultXlsxExportFailureTest.java            |    85 +
 .../source-at-failure/XlsxTextFidelityTest.java    |   165 +
 .../source-at-failure/XlsxWriter.java              |   236 +
 .../003-xlsx-text-red/source-sha256.json           |    18 +
 .../003-xlsx-text-red/xml-summary.json             |    16 +
 ...m.datacube.export.QueryResultFileWriterTest.xml |    13 +
 ...EST-com.datacube.export.QueryXlsxExportTest.xml |    11 +
 ...atacube.export.QueryXlsxLayoutEstimatorTest.xml |    12 +
 ...com.datacube.export.ResultExportSessionTest.xml |     9 +
 ...TEST-com.datacube.export.ResultExporterTest.xml |    15 +
 ...datacube.export.SafeResultFilePublisherTest.xml |    15 +
 ...ST-com.datacube.export.XlsxTextFidelityTest.xml |   147 +
 ...ST-com.datacube.export.XlsxWriterLayoutTest.xml |    10 +
 ...datacube.export.XmlResultExportFidelityTest.xml |    91 +
 ....datacube.fx.SqlResultExportCoordinatorTest.xml |    12 +
 ....datacube.fx.SqlResultXlsxExportFailureTest.xml |     9 +
 ...m.datacube.fx.SqlResultXmlExportFailureTest.xml |     7 +
 .../004-xlsx-text-targeted/command.json            |    44 +
 .../004-xlsx-text-targeted/exit.json               |     4 +
 .../004-xlsx-text-targeted/gradle.log              |    23 +
 .../004-xlsx-text-targeted/xml-summary.json        |    86 +
 ...m.datacube.export.QueryResultFileWriterTest.xml |    13 +
 ...EST-com.datacube.export.QueryXlsxExportTest.xml |    11 +
 ...atacube.export.QueryXlsxLayoutEstimatorTest.xml |    12 +
 ...com.datacube.export.ResultExportSessionTest.xml |     9 +
 ...TEST-com.datacube.export.ResultExporterTest.xml |    15 +
 ...datacube.export.SafeResultFilePublisherTest.xml |    15 +
 ...ST-com.datacube.export.XlsxTextFidelityTest.xml |   147 +
 ...ST-com.datacube.export.XlsxWriterLayoutTest.xml |    10 +
 ...datacube.export.XmlResultExportFidelityTest.xml |    91 +
 ...m.datacube.fx.ResultExportOptionsDialogTest.xml |    11 +
 ....datacube.fx.SqlResultExportCoordinatorTest.xml |    12 +
 ....datacube.fx.SqlResultXlsxExportFailureTest.xml |     7 +
 ...m.datacube.fx.SqlResultXmlExportFailureTest.xml |     7 +
 ...e.sqleditor.result.ResultExportSnapshotTest.xml |     9 +
 ...qleditor.result.ResultExportValuePolicyTest.xml |     9 +
 .../005-xlsx-text-final-targeted/command.json      |    32 +
 .../005-xlsx-text-final-targeted/exit.json         |     4 +
 .../005-xlsx-text-final-targeted/gradle.log        |    23 +
 .../SqlResultXlsxExportFailureTest.java            |    85 +
 .../source-at-test/XlsxTextFidelityTest.java       |   165 +
 .../source-at-test/XlsxWriter.java                 |   268 +
 .../005-xlsx-text-final-targeted/xml-summary.json  |   107 +
 ...T-com.datacube.build.CiWorkflowContractTest.xml |     9 +
 ...cube.build.DistributionLauncherContractTest.xml |     7 +
 ...d.SchemaDiffIntegrationWorkflowContractTest.xml |     9 +
 .../TEST-com.datacube.cli.MigrationConsoleTest.xml |   127 +
 .../TEST-com.datacube.config.AppSettingsTest.xml   |     8 +
 ...datacube.config.ConnectionSafetyOptionsTest.xml |    10 +
 ...EST-com.datacube.config.ConnectionStoreTest.xml |    30 +
 ...ST-com.datacube.config.CredentialCipherTest.xml |    18 +
 ...com.datacube.config.CredentialMigrationTest.xml |     9 +
 ...atacube.config.DpapiCredentialProtectorTest.xml |     9 +
 ...TEST-com.datacube.config.RecentSqlFilesTest.xml |    20 +
 .../TEST-com.datacube.config.SqlDraftCodecTest.xml |    26 +
 ...com.datacube.config.SqlDraftCoordinatorTest.xml |    26 +
 ...T-com.datacube.config.SqlDraftDirectoryTest.xml |    23 +
 ...T-com.datacube.config.SqlDraftSaveStateTest.xml |    18 +
 .../TEST-com.datacube.config.SqlDraftStoreTest.xml |    17 +
 ...-com.datacube.config.SqlDraftWriteQueueTest.xml |    17 +
 ...ST-com.datacube.config.SqlFavoriteStoreTest.xml |    14 +
 ...m.datacube.config.SqlHistoryStoreStrictTest.xml |     9 +
 ...om.datacube.config.SqlWorkspaceActivityTest.xml |    32 +
 ...T-com.datacube.config.SqlWorkspaceCodecTest.xml |    32 +
 ...om.datacube.config.SqlWorkspaceRecoveryTest.xml |    12 +
 ...com.datacube.config.SqlWorkspaceRuntimeTest.xml |    28 +
 ....datacube.config.SqlWorkspaceStoreFaultTest.xml |    22 +
 ...T-com.datacube.config.SqlWorkspaceStoreTest.xml |    15 +
 ...m.datacube.export.QueryResultFileWriterTest.xml |    13 +
 ...EST-com.datacube.export.QueryXlsxExportTest.xml |    11 +
 ...atacube.export.QueryXlsxLayoutEstimatorTest.xml |    12 +
 ...com.datacube.export.ResultExportSessionTest.xml |     9 +
 ...TEST-com.datacube.export.ResultExporterTest.xml |    15 +
 ...datacube.export.SafeResultFilePublisherTest.xml |    15 +
 ...ST-com.datacube.export.XlsxTextFidelityTest.xml |   147 +
 ...ST-com.datacube.export.XlsxWriterLayoutTest.xml |    10 +
 ...datacube.export.XmlResultExportFidelityTest.xml |    91 +
 ...ST-com.datacube.fx.AppShellGridShutdownTest.xml |   158 +
 ...om.datacube.fx.AppShellShutdownRecoveryTest.xml |    87 +
 ...m.datacube.fx.AppShellSqlCancelIdentityTest.xml |    30 +
 ....fx.AppShellSqlScriptDialogCancellationTest.xml |    88 +
 ...EST-com.datacube.fx.AppShellSqlShutdownTest.xml |   114 +
 ...acube.fx.AppShellSqlTransactionShutdownTest.xml |   448 +
 .../TEST-com.datacube.fx.AppShellTest.xml          |     8 +
 ...m.datacube.fx.AppShellWorkspaceShutdownTest.xml |    58 +
 .../TEST-com.datacube.fx.AsyncCloseGateTest.xml    |     9 +
 ...com.datacube.fx.AsyncManagedTabRegistryTest.xml |    20 +
 ...om.datacube.fx.AsyncShutdownCoordinatorTest.xml |    11 +
 ...om.datacube.fx.AsyncTabCloseCoordinatorTest.xml |    25 +
 ...EST-com.datacube.fx.AsyncTabCloseGuardsTest.xml |    13 +
 ...com.datacube.fx.BestEffortCloseSequenceTest.xml |     7 +
 .../TEST-com.datacube.fx.BrandLogoTest.xml         |    13 +
 .../TEST-com.datacube.fx.ConnectionDialogTest.xml  |    25 +
 ...om.datacube.fx.ConnectionTestControllerTest.xml |    10 +
 ...com.datacube.fx.ConnectionTreeClipboardTest.xml |    18 +
 ...T-com.datacube.fx.ConnectionTreeFindBarTest.xml |    28 +
 ...-com.datacube.fx.ConnectionTreeLazyLoadTest.xml |     9 +
 ...-com.datacube.fx.ConnectionTreePaneFindTest.xml |     7 +
 ...datacube.fx.ConnectionTreePaneLifecycleTest.xml |    11 +
 ...datacube.fx.ConnectionTreeQualifiedCopyTest.xml |    20 +
 ...ube.fx.ConnectionTreeSchemaDiffContractTest.xml |     9 +
 ...com.datacube.fx.ConnectionTreeSelectSqlTest.xml |    17 +
 .../TEST-com.datacube.fx.ConstructionOwnerTest.xml |    12 +
 ....datacube.fx.ContentTabPaneCloseAttemptTest.xml |     8 +
 ...-com.datacube.fx.ContentTabPaneContractTest.xml |    12 +
 ...cube.fx.ContentTabPaneLifecycleContractTest.xml |    39 +
 ....datacube.fx.DataCubeFxShutdownContractTest.xml |   223 +
 ...ST-com.datacube.fx.DataGridExplicitSaveTest.xml |    11 +
 ...T-com.datacube.fx.DataGridPaneLifecycleTest.xml |     7 +
 .../TEST-com.datacube.fx.DataGridSaveFlowTest.xml  |    16 +
 .../TEST-com.datacube.fx.DdlViewPaneFindTest.xml   |   320 +
 ...ST-com.datacube.fx.DdlViewPaneLifecycleTest.xml |     7 +
 ...T-com.datacube.fx.ExportDialogLifecycleTest.xml |     7 +
 .../TEST-com.datacube.fx.GridChangeSetTest.xml     |    10 +
 .../TEST-com.datacube.fx.LazyValueTest.xml         |     8 +
 ...EST-com.datacube.fx.ManagedCloseBarrierTest.xml |     8 +
 .../TEST-com.datacube.fx.ManagedOpenLeaseTest.xml  |    12 +
 ...om.datacube.fx.ManagedPaneCloseContractTest.xml |     9 +
 ...cube.fx.ManagedPaneConstructionContractTest.xml |     8 +
 ...com.datacube.fx.ManagedSelectionTrackerTest.xml |    11 +
 ...m.datacube.fx.ManagedTabFactorySequenceTest.xml |     8 +
 ...EST-com.datacube.fx.ManagedTabInstallerTest.xml |     8 +
 ...TEST-com.datacube.fx.ManagedTabRegistryTest.xml |     9 +
 ...-com.datacube.fx.ManagedTabRemovalBatchTest.xml |     9 +
 ...T-com.datacube.fx.MandatoryAbortTrackerTest.xml |    10 +
 ....datacube.fx.MetadataSearchShellRoutingTest.xml |   164 +
 ...-com.datacube.fx.MigrationPaneLifecycleTest.xml |     8 +
 .../TEST-com.datacube.fx.MigrationWorkflowTest.xml |    12 +
 ...m.datacube.fx.ObjectEditorPaneLifecycleTest.xml |     7 +
 .../TEST-com.datacube.fx.OpenTabsDialogTest.xml    |    14 +
 .../TEST-com.datacube.fx.OpenTabsPaneTest.xml      |    16 +
 ...atacube.fx.OpenTabsSqlEditorIntegrationTest.xml |    89 +
 ...ST-com.datacube.fx.RecentSqlFilesDialogTest.xml |    29 +
 ...-com.datacube.fx.RedisPaneCloseSequenceTest.xml |     7 +
 .../TEST-com.datacube.fx.ResultCellDialogTest.xml  |    15 +
 .../TEST-com.datacube.fx.ResultCellFindTest.xml    |    21 +
 ...-com.datacube.fx.ResultColumnFindDialogTest.xml |    51 +
 ...m.datacube.fx.ResultExportOptionsDialogTest.xml |     9 +
 .../TEST-com.datacube.fx.ResultRowDialogTest.xml   |    33 +
 ...T-com.datacube.fx.ResultRowLocateDialogTest.xml |    60 +
 ...EST-com.datacube.fx.ResultRowNullFilterTest.xml |   187 +
 .../TEST-com.datacube.fx.ResultRowTextFindTest.xml |    23 +
 ....SchemaDiffCanonicalIdentityIntegrationTest.xml |    13 +
 ...EST-com.datacube.fx.SchemaDiffLifecycleTest.xml |     9 +
 ...datacube.fx.SchemaDiffManagedTabFactoryTest.xml |     8 +
 ...-com.datacube.fx.SchemaDiffPaneContractTest.xml |    19 +
 ...om.datacube.fx.SchemaDiffSelectionModelTest.xml |    13 +
 ...EST-com.datacube.fx.SchemaDiffViewModelTest.xml |    18 +
 ....datacube.fx.SchemaMetadataSearchDialogTest.xml |    37 +
 .../TEST-com.datacube.fx.SchemaObjectCopyTest.xml  |    31 +
 ...T-com.datacube.fx.SchemaObjectFindEntryTest.xml |    30 +
 ...-com.datacube.fx.SchemaObjectKindFilterTest.xml |    28 +
 ...om.datacube.fx.SchemaObjectSearchDialogTest.xml |    31 +
 ...datacube.fx.SchemaObjectSearchLifecycleTest.xml |    14 +
 ...com.datacube.fx.ScriptErrorQuestionGateTest.xml |    12 +
 ...tacube.fx.SequenceDesignerPaneLifecycleTest.xml |     7 +
 ...TEST-com.datacube.fx.ShutdownQuarantineTest.xml |     9 +
 ...ST-com.datacube.fx.SqlAutoCompleteFocusTest.xml |    19 +
 ....datacube.fx.SqlBatchDetailsIntegrationTest.xml |  4285 +++
 ...m.datacube.fx.SqlBatchFailureNavigationTest.xml |  6058 ++++
 ....datacube.fx.SqlBatchResultsIntegrationTest.xml |  1675 ++
 .../TEST-com.datacube.fx.SqlBatchResultsTest.xml   |    17 +
 .../TEST-com.datacube.fx.SqlBatchViewStateTest.xml |   412 +
 ...EST-com.datacube.fx.SqlCompletionLookupTest.xml |     9 +
 ...T-com.datacube.fx.SqlConnectionGuidanceTest.xml |    12 +
 ...EST-com.datacube.fx.SqlConnectionPickerTest.xml |    36 +
 ...com.datacube.fx.SqlDraftFailureFeedbackTest.xml |    12 +
 .../TEST-com.datacube.fx.SqlDraftFilterTest.xml    |    34 +
 .../TEST-com.datacube.fx.SqlDraftManagerTest.xml   |    32 +
 ...ST-com.datacube.fx.SqlDraftRecoveryTabsTest.xml |   108 +
 .../TEST-com.datacube.fx.SqlDraftUiTest.xml        |    55 +
 ...com.datacube.fx.SqlDuplicateLinesActionTest.xml |    18 +
 ...cube.fx.SqlEditorCancellationSubmissionTest.xml |    10 +
 ...ST-com.datacube.fx.SqlEditorClosePolicyTest.xml |     8 +
 ...-com.datacube.fx.SqlEditorCloseSequenceTest.xml |    12 +
 ...atacube.fx.SqlEditorConnectionAdmissionTest.xml |    10 +
 ...datacube.fx.SqlEditorConnectionGuidanceTest.xml |   251 +
 ...m.datacube.fx.SqlEditorDraftIntegrationTest.xml |   439 +
 ...-com.datacube.fx.SqlEditorDraftRecoveryTest.xml |   601 +
 ...tacube.fx.SqlEditorDuplicateIntegrationTest.xml |   741 +
 ....datacube.fx.SqlEditorFormatIntegrationTest.xml |   713 +
 ....datacube.fx.SqlEditorIndentIntegrationTest.xml |   347 +
 ...cube.fx.SqlEditorLineCommentIntegrationTest.xml |   620 +
 ...tacube.fx.SqlEditorMoveLinesIntegrationTest.xml |   914 +
 ...m.datacube.fx.SqlEditorPaneFinalizationTest.xml |     7 +
 ...-com.datacube.fx.SqlEditorPaneLifecycleTest.xml |    11 +
 ...datacube.fx.SqlEditorReplaceIntegrationTest.xml |   191 +
 ...tacube.fx.SqlEditorResultFilterContractTest.xml |  2823 ++
 .../TEST-com.datacube.fx.SqlEditorScopeBarTest.xml |    17 +
 ...om.datacube.fx.SqlEditorSessionContractTest.xml |    22 +
 ....fx.SqlEditorSnapshotAllocationContractTest.xml |     7 +
 ...TEST-com.datacube.fx.SqlEditorUsabilityTest.xml |   727 +
 ...tacube.fx.SqlEditorWholeWordIntegrationTest.xml |    87 +
 ...om.datacube.fx.SqlEditorWrapIntegrationTest.xml |   319 +
 ...acube.fx.SqlExecutionContextIntegrationTest.xml |    99 +
 .../TEST-com.datacube.fx.SqlFavoriteTabsTest.xml   |   103 +
 ...TEST-com.datacube.fx.SqlFavoritesDialogTest.xml |   342 +
 .../TEST-com.datacube.fx.SqlFileConnectionTest.xml |   716 +
 ...om.datacube.fx.SqlFileReloadIntegrationTest.xml |   708 +
 ...TEST-com.datacube.fx.SqlFileTabRegistryTest.xml |     9 +
 .../TEST-com.datacube.fx.SqlFindBarTest.xml        |    21 +
 .../TEST-com.datacube.fx.SqlFormatActionTest.xml   |    22 +
 .../TEST-com.datacube.fx.SqlGoToLineBarTest.xml    |    37 +
 .../TEST-com.datacube.fx.SqlHighlighterTest.xml    |     8 +
 .../TEST-com.datacube.fx.SqlHistoryDialogTest.xml  |    37 +
 .../TEST-com.datacube.fx.SqlHistoryTabsTest.xml    |   839 +
 ...T-com.datacube.fx.SqlIncrementalResultsTest.xml |   183 +
 .../TEST-com.datacube.fx.SqlIndentActionsTest.xml  |    15 +
 ...ST-com.datacube.fx.SqlLineCommentActionTest.xml |    15 +
 ...EST-com.datacube.fx.SqlMoveLinesActionsTest.xml |    20 +
 .../TEST-com.datacube.fx.SqlNewScriptTabsTest.xml  |   447 +
 ...com.datacube.fx.SqlOverviewDurationSortTest.xml |   836 +
 ...om.datacube.fx.SqlOverviewFailureFilterTest.xml |  2884 ++
 ...TEST-com.datacube.fx.SqlOverviewPreviewTest.xml |  1042 +
 ...T-com.datacube.fx.SqlOverviewResetOrderTest.xml |  2075 ++
 ...datacube.fx.SqlOverviewResultNavigationTest.xml |  2454 ++
 .../TEST-com.datacube.fx.SqlOverviewSearchTest.xml |  3966 +++
 ...m.datacube.fx.SqlPanelLayoutIntegrationTest.xml |  4041 +++
 .../TEST-com.datacube.fx.SqlPanelLayoutTest.xml    |    10 +
 .../TEST-com.datacube.fx.SqlPinnedResultsTest.xml  |  1188 +
 ...TEST-com.datacube.fx.SqlProgressMailboxTest.xml |     8 +
 .../TEST-com.datacube.fx.SqlReplaceBarTest.xml     |    28 +
 ...om.datacube.fx.SqlResultCellIntegrationTest.xml |  2023 ++
 ...ST-com.datacube.fx.SqlResultColumnResetTest.xml |  2449 ++
 ....datacube.fx.SqlResultExportCoordinatorTest.xml |    12 +
 ...EST-com.datacube.fx.SqlResultOrderResetTest.xml |  2343 ++
 ...EST-com.datacube.fx.SqlResultRowDisplayTest.xml |    14 +
 ...m.datacube.fx.SqlResultSearchNavigationTest.xml |  4359 +++
 ...-com.datacube.fx.SqlResultToolbarLayoutTest.xml |    17 +
 .../TEST-com.datacube.fx.SqlResultToolbarTest.xml  |    68 +
 .../TEST-com.datacube.fx.SqlResultViewMenuTest.xml |  2438 ++
 ....datacube.fx.SqlResultXlsxExportFailureTest.xml |     7 +
 ...m.datacube.fx.SqlResultXmlExportFailureTest.xml |     7 +
 ...EST-com.datacube.fx.SqlScriptDetailFindTest.xml |    28 +
 ...-com.datacube.fx.SqlScriptDetailsDialogTest.xml |     8 +
 ...datacube.fx.SqlScriptDetailsIntegrationTest.xml |  2656 ++
 ...com.datacube.fx.SqlScriptFileControllerTest.xml |    41 +
 ...TEST-com.datacube.fx.SqlScriptFileEntryTest.xml |    71 +
 ...EST-com.datacube.fx.SqlTabFileLifecycleTest.xml |     7 +
 ...EST-com.datacube.fx.SqlWorkspaceManagerTest.xml |    77 +
 ...om.datacube.fx.SqlWorkspaceRecoveryTabsTest.xml |    68 +
 .../TEST-com.datacube.fx.SqlWorkspaceUiTest.xml    |    56 +
 ...m.datacube.fx.StrictCleanupRetryChannelTest.xml |     9 +
 ....datacube.fx.TableDesignerPaneLifecycleTest.xml |     7 +
 ...TEST-com.datacube.fx.TableSelectSqlTabsTest.xml |   214 +
 ...tacube.fx.Task6ConstructionPlanContractTest.xml |     7 +
 ...TEST-com.datacube.fx.WorkspaceStartPaneTest.xml |    14 +
 ...-com.datacube.fx.WriteSafetyIntegrationTest.xml |    11 +
 ...-com.datacube.fx.task.FxSerialTaskQueueTest.xml |     9 +
 .../TEST-com.datacube.fx.task.FxTaskRunnerTest.xml |     7 +
 .../TEST-com.datacube.fx.task.FxTaskScopeTest.xml  |    11 +
 ...ube.fx.task.SerialSessionOperationQueueTest.xml |    12 +
 ...om.datacube.io.BoundedRegularFileReaderTest.xml |     9 +
 ...atacube.migration.MigrationCancellationTest.xml |    11 +
 ...datacube.migration.MigrationConnectionsTest.xml |     8 +
 ...om.datacube.migration.MigrationDataFileTest.xml |    12 +
 ....datacube.migration.MigrationOperationsTest.xml |     8 +
 ...m.datacube.migration.MigrationPreflightTest.xml |    15 +
 ...-com.datacube.migration.MigrationReportTest.xml |     9 +
 ...tacube.migration.MigrationTableExporterTest.xml |    12 +
 ...cube.migration.MigrationTaskCoordinatorTest.xml |     8 +
 .../TEST-com.datacube.migration.PgImporterTest.xml |    20 +
 .../TEST-com.datacube.migration.PgVerifierTest.xml |    11 +
 ...e.provider.ResultFilterCapabilityMatrixTest.xml |    20 +
 ...com.datacube.provider.SchemaObjectNamesTest.xml |    13 +
 ...r.jdbc.DriverCancellationClassificationTest.xml |    24 +
 ...m.datacube.provider.jdbc.JdbcDataEditorTest.xml |    23 +
 ...provider.jdbc.JdbcPreparedQueryExecutorTest.xml |    19 +
 ...tacube.provider.jdbc.JdbcRowTransactionTest.xml |    16 +
 ...tacube.provider.jdbc.ScriptContinuationTest.xml |    23 +
 ....datacube.provider.jdbc.SqlResultBudgetTest.xml |    19 +
 ...er.oracle.OracleResultFilterSqlRendererTest.xml |    13 +
 ...vider.oracle.OracleSchemaChangeRendererTest.xml |    51 +
 ...vider.oracle.OracleSchemaDiffCapabilityTest.xml |    10 +
 ...oracle.OracleSchemaIdentifierNormalizerTest.xml |    12 +
 ...oracle.OracleSchemaSnapshotCancellationTest.xml |    11 +
 ...vider.oracle.OracleSchemaSnapshotReaderTest.xml |    25 +
 ...rovider.oracle.OracleSequenceDdlBuilderTest.xml |    10 +
 ....oracle.OracleSqlRunnerExecutionControlTest.xml |    21 +
 ...e.provider.oracle.OracleTableDdlBuilderTest.xml |    13 +
 ...acube.provider.postgres.PgErrorPositionTest.xml |     9 +
 ...ider.postgres.PgResultFilterSqlRendererTest.xml |    16 +
 ...rovider.postgres.PgSchemaChangeRendererTest.xml |    51 +
 ...rovider.postgres.PgSchemaDiffCapabilityTest.xml |    10 +
 ...r.postgres.PgSchemaIdentifierNormalizerTest.xml |    12 +
 ...r.postgres.PgSchemaSnapshotCancellationTest.xml |    11 +
 ...rovider.postgres.PgSchemaSnapshotReaderTest.xml |    33 +
 ....provider.postgres.PgSequenceDdlBuilderTest.xml |    12 +
 ...er.postgres.PgSqlRunnerExecutionControlTest.xml |    18 +
 ...ube.provider.postgres.PgTableDdlBuilderTest.xml |    14 +
 .../TEST-com.datacube.redis.KeyTreeBuilderTest.xml |    10 +
 ...-com.datacube.redis.RedisConsoleSupportTest.xml |    11 +
 ...com.datacube.redis.RedisLiveIntegrationTest.xml |    16 +
 ...-com.datacube.redis.RedisSessionManagerTest.xml |    12 +
 .../TEST-com.datacube.redis.RedisSessionTest.xml   |    13 +
 .../TEST-com.datacube.redis.RespClientTest.xml     |    13 +
 .../TEST-com.datacube.redis.RespCodecTest.xml      |    14 +
 ...datacube.schemadiff.SchemaChangePlannerTest.xml |    26 +
 ...e.schemadiff.SchemaCrossOwnerComparisonTest.xml |    14 +
 ...cube.schemadiff.SchemaDependencyPlannerTest.xml |    17 +
 ...acube.schemadiff.SchemaDiffCompletenessTest.xml |     9 +
 ...om.datacube.schemadiff.SchemaDiffEngineTest.xml |    33 +
 ...be.schemadiff.SchemaDiffLiveIntegrationTest.xml |    32 +
 ...acube.schemadiff.SchemaRenameSuggestionTest.xml |    13 +
 ...rvice.ConnectionManagerDedicatedSessionTest.xml |    13 +
 ...ST-com.datacube.service.GridSaveServiceTest.xml |    22 +
 ...e.JdbcEditorSessionCancellationIdentityTest.xml |    16 +
 ...-com.datacube.service.JdbcEditorSessionTest.xml |    51 +
 ...ST-com.datacube.service.JdbcWriteSafetyTest.xml |    15 +
 ....datacube.service.RelationalWriteSafetyTest.xml |    20 +
 ...be.service.SchemaDeploymentCancellationTest.xml |    24 +
 ....datacube.service.SchemaDeploymentDriftTest.xml |     8 +
 ...atacube.service.SchemaDeploymentServiceTest.xml |    23 +
 ....datacube.service.SchemaDiffConcurrencyTest.xml |    11 +
 ...-com.datacube.service.SchemaDiffServiceTest.xml |    11 +
 ...m.datacube.service.SchemaMetadataSearchTest.xml |    11 +
 ...om.datacube.service.SchemaObjectCatalogTest.xml |    18 +
 ....datacube.service.SqlCompletionMetadataTest.xml |    10 +
 ...tacube.spi.SchemaDiffCapabilityContractTest.xml |    10 +
 ...ST-com.datacube.spi.SqlExecutionControlTest.xml |    17 +
 ....datacube.spi.model.QueryResultMetadataTest.xml |    27 +
 ...cube.spi.schemadiff.SchemaSnapshotModelTest.xml |    17 +
 ...cube.spi.schemadiff.SnapshotFingerprintTest.xml |     9 +
 ...m.datacube.sqleditor.InsertSqlGeneratorTest.xml |    16 +
 ...datacube.sqleditor.SqlCompletionContextTest.xml |    15 +
 ....datacube.sqleditor.SqlCurrentStatementTest.xml |    13 +
 ...om.datacube.sqleditor.SqlDuplicateLinesTest.xml |    29 +
 ...om.datacube.sqleditor.SqlExecutionRangeTest.xml |    21 +
 ...m.datacube.sqleditor.SqlExecutionSourceTest.xml |     8 +
 ...T-com.datacube.sqleditor.SqlFormatScopeTest.xml |    27 +
 ...EST-com.datacube.sqleditor.SqlFormatterTest.xml |   209 +
 ...T-com.datacube.sqleditor.SqlLineCommentTest.xml |    34 +
 ...ST-com.datacube.sqleditor.SqlLineIndentTest.xml |    17 +
 ...EST-com.datacube.sqleditor.SqlMoveLinesTest.xml |    33 +
 ...T-com.datacube.sqleditor.SqlObjectNamesTest.xml |    25 +
 ...om.datacube.sqleditor.SqlSafetyAnalyzerTest.xml |    25 +
 ...-com.datacube.sqleditor.SqlSafetyPolicyTest.xml |    15 +
 ...om.datacube.sqleditor.SqlScriptDocumentTest.xml |    24 +
 ...cube.sqleditor.SqlScriptExecutionReportTest.xml |    13 +
 ...m.datacube.sqleditor.SqlScriptFileStoreTest.xml |    85 +
 ...com.datacube.sqleditor.SqlScriptPreviewTest.xml |    19 +
 ...om.datacube.sqleditor.SqlScriptSplitterTest.xml |    26 +
 ...m.datacube.sqleditor.SqlTextReplacementTest.xml |    13 +
 ...ST-com.datacube.sqleditor.SqlTextSearchTest.xml |    15 +
 ...m.datacube.sqleditor.SqlWholeWordSearchTest.xml |    26 +
 ...T-com.datacube.sqleditor.TableSelectSqlTest.xml |    25 +
 ...cube.sqleditor.result.CompactResultTextTest.xml |    26 +
 ...cube.sqleditor.result.LocalResultFilterTest.xml |    22 +
 ...cube.sqleditor.result.PinnedResultStoreTest.xml |    28 +
 ...cube.sqleditor.result.ResultCellPreviewTest.xml |    17 +
 ...e.sqleditor.result.ResultExportSnapshotTest.xml |     9 +
 ...qleditor.result.ResultExportValuePolicyTest.xml |     9 +
 ....sqleditor.result.ResultFilterSavedViewTest.xml |     8 +
 ...cube.sqleditor.result.ResultFilterStateTest.xml |    37 +
 ...acube.sqleditor.result.ResultRowPreviewTest.xml |    30 +
 ....sqleditor.result.SafeSelectEligibilityTest.xml |   152 +
 ....sqleditor.result.TsvClipboardFormatterTest.xml |    14 +
 ...EST-com.datacube.update.PortableArchiveTest.xml |    20 +
 ...om.datacube.update.PortableUpdateHelperTest.xml |    17 +
 .../TEST-com.datacube.update.UpdateApplierTest.xml |    12 +
 .../TEST-com.datacube.update.UpdateCheckerTest.xml |    11 +
 ...EST-com.datacube.update.UpdateDownloadsTest.xml |    23 +
 ...TEST-com.datacube.update.UpdateManifestTest.xml |    25 +
 .../TEST-com.datacube.update.UpdatePathsTest.xml   |     9 +
 ....datacube.update.UpdateServiceLifecycleTest.xml |     7 +
 ...com.datacube.update.UpdateServiceSafetyTest.xml |    11 +
 .../TEST-com.datacube.update.UpdateStartupTest.xml |     8 +
 ...om.datacube.update.UpdateTaskDispatcherTest.xml |     8 +
 .../006-worker-full/command.json                   |    19 +
 .../006-worker-full/exit.json                      |     4 +
 .../006-worker-full/gradle.log                     |    30 +
 .../006-worker-full/skipped-original-reasons.json  |    17 +
 .../006-worker-full/xml-summary.json               |  2277 ++
 .../TEST-datacube.build.IcoGeneratorTest.xml       |    14 +
 .../007-worker-buildsrc/command.json               |    19 +
 .../007-worker-buildsrc/exit.json                  |     4 +
 .../007-worker-buildsrc/gradle.log                 |    19 +
 .../007-worker-buildsrc/xml-summary.json           |     7 +
 .../008-worker-image/command.json                  |    20 +
 .../008-worker-image/exit.json                     |     4 +
 .../008-worker-image/gradle.log                    |    30 +
 .../009-worker-image-audit-wrapper/command.json    |     6 +
 .../009-worker-image-audit-wrapper/exit.json       |     4 +
 .../009-worker-image-audit/DataCube.cfg.txt        |    13 +
 .../009-worker-image-audit/audit.json              |    34 +
 .../009-worker-image-audit/driver-compile.log      |     0
 .../009-worker-image-audit/driver-discovery.log    |     3 +
 .../009-worker-image-audit/file-list.txt           |   183 +
 .../009-worker-image-audit/module-list.txt         | 27349 +++++++++++++++++++
 .../009-worker-image-audit/xlsx-compile.log        |     0
 .../xlsx-independent-audit.json                    |   329 +
 .../xlsx-independent-audit.log                     |     1 +
 .../xlsx-packages/expected-text.tsv                |    40 +
 .../xlsx-packages/invalid-0.xlsx                   |   Bin 0 -> 1464 bytes
 .../xlsx-packages/invalid-1.xlsx                   |   Bin 0 -> 1464 bytes
 .../xlsx-packages/invalid-2.xlsx                   |   Bin 0 -> 1464 bytes
 .../xlsx-packages/invalid-3.xlsx                   |   Bin 0 -> 1464 bytes
 .../xlsx-packages/invalid-4.xlsx                   |   Bin 0 -> 1464 bytes
 .../xlsx-packages/invalid-5.xlsx                   |   Bin 0 -> 1464 bytes
 .../xlsx-packages/plain-0.xlsx                     |   Bin 0 -> 1713 bytes
 .../xlsx-packages/plain-1.xlsx                     |   Bin 0 -> 1713 bytes
 .../xlsx-packages/plain-2.xlsx                     |   Bin 0 -> 1719 bytes
 .../xlsx-packages/plain-3.xlsx                     |   Bin 0 -> 1716 bytes
 .../xlsx-packages/plain-4.xlsx                     |   Bin 0 -> 1714 bytes
 .../xlsx-packages/plain-5.xlsx                     |   Bin 0 -> 1717 bytes
 .../xlsx-packages/plain-6.xlsx                     |   Bin 0 -> 1720 bytes
 .../xlsx-packages/plain-7.xlsx                     |   Bin 0 -> 1719 bytes
 .../xlsx-packages/plain-8.xlsx                     |   Bin 0 -> 1742 bytes
 .../xlsx-packages/plain-9.xlsx                     |   Bin 0 -> 1721 bytes
 .../xlsx-packages/styled-0.xlsx                    |   Bin 0 -> 2494 bytes
 .../xlsx-packages/styled-1.xlsx                    |   Bin 0 -> 2495 bytes
 .../xlsx-packages/styled-2.xlsx                    |   Bin 0 -> 2500 bytes
 .../xlsx-packages/styled-3.xlsx                    |   Bin 0 -> 2496 bytes
 .../xlsx-packages/styled-4.xlsx                    |   Bin 0 -> 2495 bytes
 .../xlsx-packages/styled-5.xlsx                    |   Bin 0 -> 2497 bytes
 .../xlsx-packages/styled-6.xlsx                    |   Bin 0 -> 2499 bytes
 .../xlsx-packages/styled-7.xlsx                    |   Bin 0 -> 2500 bytes
 .../xlsx-packages/styled-8.xlsx                    |   Bin 0 -> 2526 bytes
 .../xlsx-packages/styled-9.xlsx                    |   Bin 0 -> 2502 bytes
 .../009-worker-image-audit/xlsx-runtime.log        |     1 +
 .../009-worker-image-audit/xml-compile.log         |     0
 .../009-worker-image-audit/xml-runtime.log         |     1 +
 .../009a-audit-invocation-failure/failure.json     |     7 +
 .../original-command.ps1                           |     7 +
 .../tool-output-transcript.txt                     |    11 +
 .../Audit-Main-Image.ps1                           |    58 +
 .../Audit-Staged.cjs                               |    24 +
 .../Audit-Xlsx-Text.py                             |    44 +
 .../Freeze-Raw.cjs                                 |    32 +
 .../NulEvidenceAlias.java                          |    14 +
 .../Run-Diagnosis.ps1                              |    48 +
 .../Run-Image-Audit.ps1                            |    18 +
 .../Run-Main.ps1                                   |    62 +
 .../Stage-Raw.cjs                                  |    14 +
 .../XlsxRuntimeTextProbe.java                      |    76 +
 .../XlsxTextDiagnosis.java                         |    98 +
 .../XmlRuntimeExportProbe.java                     |    40 +
 .../before-003-red-source/Run-Main.ps1             |    62 +
 .../SqlResultXlsxExportFailureTest.java            |    85 +
 .../XlsxTextFidelityTest.java                      |   165 +
 .../before-003-red-source/XlsxWriter.java          |   236 +
 .../final-freeze-005/Run-Main.ps1                  |    62 +
 .../final-freeze-005/final-targeted-tasks.json     |    17 +
 .../final-freeze-005/shared-callers-unchanged.json |    26 +
 .../final-freeze-005/source-sha256.json            |    14 +
 .../src/com/datacube/export/XlsxWriter.java        |   267 +
 .../com/datacube/export/XlsxTextFidelityTest.java  |   165 +
 .../fx/SqlResultXlsxExportFailureTest.java         |    84 +
 .../final-stability-after-009.json                 |    74 +
 .../final-targeted-tasks.json                      |    17 +
 .../raw-manifest.json                              |  2604 ++
 .../runtime-probe-copy-provenance.json             |    30 +
 .../staged-raw-audit.json                          |     5 +
 .../worker-report.original.md                      |    71 +
 src/com/datacube/export/XlsxWriter.java            |    63 +-
 test/com/datacube/export/XlsxTextFidelityTest.java |   165 +
 .../fx/SqlResultXlsxExportFailureTest.java         |    84 +
 524 files changed, 119190 insertions(+), 16 deletions(-)
 create mode 100644 docs/superpowers/verification/2026-10-08-xlsx-text-fidelity-worker.md
 create mode 100644 docs/superpowers/verification/evidence/xlsx-text-fidelity-20261008-worker/.gitattributes
 create mode 100644 docs/superpowers/verification/evidence/xlsx-text-fidelity-20261008-worker/.gitignore
 create mode 100644 docs/superpowers/verification/evidence/xlsx-text-fidelity-20261008-worker/000-baseline-diagnosis/command.json
 create mode 100644 docs/superpowers/verification/evidence/xlsx-text-fidelity-20261008-worker/000-baseline-diagnosis/compile.log
 create mode 100644 docs/superpowers/verification/evidence/xlsx-text-fidelity-20261008-worker/000-baseline-diagnosis/exit.json
 create mode 100644 docs/superpowers/verification/evidence/xlsx-text-fidelity-20261008-worker/000-baseline-diagnosis/source-at-diagnosis/QueryResultFileWriter.java
 create mode 100644 docs/superpowers/verification/evidence/xlsx-text-fidelity-20261008-worker/000-baseline-diagnosis/source-at-diagnosis/Run-Diagnosis.ps1
 create mode 100644 docs/superpowers/verification/evidence/xlsx-text-fidelity-20261008-worker/000-baseline-diagnosis/source-at-diagnosis/SafeResultFilePublisher.java
 create mode 100644 docs/superpowers/verification/evidence/xlsx-text-fidelity-20261008-worker/000-baseline-diagnosis/source-at-diagnosis/TableExporter.java
 create mode 100644 docs/superpowers/verification/evidence/xlsx-text-fidelity-20261008-worker/000-baseline-diagnosis/source-at-diagnosis/XlsxTestDocuments.java
 create mode 100644 docs/superpowers/verification/evidence/xlsx-text-fidelity-20261008-worker/000-baseline-diagnosis/source-at-diagnosis/XlsxTextDiagnosis.java
 create mode 100644 docs/superpowers/verification/evidence/xlsx-text-fidelity-20261008-worker/000-baseline-diagnosis/source-at-diagnosis/XlsxWriter.java
 create mode 100644 docs/superpowers/verification/evidence/xlsx-text-fidelity-20261008-worker/000-baseline-diagnosis/source-sha256.json
 create mode 100644 docs/superpowers/verification/evidence/xlsx-text-fidelity-20261008-worker/001-baseline-source-diagnosis/command.json
 create mode 100644 docs/superpowers/verification/evidence/xlsx-text-fidelity-20261008-worker/001-baseline-source-diagnosis/compile.log
 create mode 100644 docs/superpowers/verification/evidence/xlsx-text-fidelity-20261008-worker/001-baseline-source-diagnosis/exit.json
 create mode 100644 docs/superpowers/verification/evidence/xlsx-text-fidelity-20261008-worker/001-baseline-source-diagnosis/source-at-diagnosis/QueryResultFileWriter.java
 create mode 100644 docs/superpowers/verification/evidence/xlsx-text-fidelity-20261008-worker/001-baseline-source-diagnosis/source-at-diagnosis/Run-Diagnosis.ps1
 create mode 100644 docs/superpowers/verification/evidence/xlsx-text-fidelity-20261008-worker/001-baseline-source-diagnosis/source-at-diagnosis/SafeResultFilePublisher.java
 create mode 100644 docs/superpowers/verification/evidence/xlsx-text-fidelity-20261008-worker/001-baseline-source-diagnosis/source-at-diagnosis/TableExporter.java
 create mode 100644 docs/superpowers/verification/evidence/xlsx-text-fidelity-20261008-worker/001-baseline-source-diagnosis/source-at-diagnosis/XlsxTestDocuments.java
 create mode 100644 docs/superpowers/verification/evidence/xlsx-text-fidelity-20261008-worker/001-baseline-source-diagnosis/source-at-diagnosis/XlsxTextDiagnosis.java
 create mode 100644 docs/superpowers/verification/evidence/xlsx-text-fidelity-20261008-worker/001-baseline-source-diagnosis/source-at-diagnosis/XlsxWriter.java
 create mode 100644 docs/superpowers/verification/evidence/xlsx-text-fidelity-20261008-worker/001-baseline-source-diagnosis/source-sha256.json
 create mode 100644 docs/superpowers/verification/evidence/xlsx-text-fidelity-20261008-worker/002-baseline-source-diagnosis/alias-command-exit.json
 create mode 100644 docs/superpowers/verification/evidence/xlsx-text-fidelity-20261008-worker/002-baseline-source-diagnosis/alias.log
 create mode 100644 docs/superpowers/verification/evidence/xlsx-text-fidelity-20261008-worker/002-baseline-source-diagnosis/audit-aliases.json
 create mode 100644 docs/superpowers/verification/evidence/xlsx-text-fidelity-20261008-worker/002-baseline-source-diagnosis/c0-sheet.xml
 create mode 100644 docs/superpowers/verification/evidence/xlsx-text-fidelity-20261008-worker/002-baseline-source-diagnosis/c0.xlsx
 create mode 100644 docs/superpowers/verification/evidence/xlsx-text-fidelity-20261008-worker/002-baseline-source-diagnosis/case-nul.xlsx
 create mode 100644 docs/superpowers/verification/evidence/xlsx-text-fidelity-20261008-worker/002-baseline-source-diagnosis/cases.json
 create mode 100644 docs/superpowers/verification/evidence/xlsx-text-fidelity-20261008-worker/002-baseline-source-diagnosis/command.json
 create mode 100644 docs/superpowers/verification/evidence/xlsx-text-fidelity-20261008-worker/002-baseline-source-diagnosis/compile.log
 create mode 100644 docs/superpowers/verification/evidence/xlsx-text-fidelity-20261008-worker/002-baseline-source-diagnosis/cr-sheet.xml
 create mode 100644 docs/superpowers/verification/evidence/xlsx-text-fidelity-20261008-worker/002-baseline-source-diagnosis/cr.xlsx
 create mode 100644 docs/superpowers/verification/evidence/xlsx-text-fidelity-20261008-worker/002-baseline-source-diagnosis/diagnosis.log
 create mode 100644 docs/superpowers/verification/evidence/xlsx-text-fidelity-20261008-worker/002-baseline-source-diagnosis/exit.json
 create mode 100644 docs/superpowers/verification/evidence/xlsx-text-fidelity-20261008-worker/002-baseline-source-diagnosis/fffe-sheet.xml
 create mode 100644 docs/superpowers/verification/evidence/xlsx-text-fidelity-20261008-worker/002-baseline-source-diagnosis/fffe.xlsx
 create mode 100644 docs/superpowers/verification/evidence/xlsx-text-fidelity-20261008-worker/002-baseline-source-diagnosis/ffff-sheet.xml
 create mode 100644 docs/superpowers/verification/evidence/xlsx-text-fidelity-20261008-worker/002-baseline-source-diagnosis/ffff.xlsx
 create mode 100644 docs/superpowers/verification/evidence/xlsx-text-fidelity-20261008-worker/002-baseline-source-diagnosis/high-surrogate-sheet.xml
 create mode 100644 docs/superpowers/verification/evidence/xlsx-text-fidelity-20261008-worker/002-baseline-source-diagnosis/high-surrogate.xlsx
 create mode 100644 docs/superpowers/verification/evidence/xlsx-text-fidelity-20261008-worker/002-baseline-source-diagnosis/literal-sheet.xml
 create mode 100644 docs/superpowers/verification/evidence/xlsx-text-fidelity-20261008-worker/002-baseline-source-diagnosis/literal.xlsx
 create mode 100644 docs/superpowers/verification/evidence/xlsx-text-fidelity-20261008-worker/002-baseline-source-diagnosis/low-surrogate-sheet.xml
 create mode 100644 docs/superpowers/verification/evidence/xlsx-text-fidelity-20261008-worker/002-baseline-source-diagnosis/low-surrogate.xlsx
 create mode 100644 docs/superpowers/verification/evidence/xlsx-text-fidelity-20261008-worker/002-baseline-source-diagnosis/near-literal-sheet.xml
 create mode 100644 docs/superpowers/verification/evidence/xlsx-text-fidelity-20261008-worker/002-baseline-source-diagnosis/near-literal.xlsx
 create mode 100644 docs/superpowers/verification/evidence/xlsx-text-fidelity-20261008-worker/002-baseline-source-diagnosis/nul-sheet.xml
 create mode 100644 docs/superpowers/verification/evidence/xlsx-text-fidelity-20261008-worker/002-baseline-source-diagnosis/ordinary-sheet.xml
 create mode 100644 docs/superpowers/verification/evidence/xlsx-text-fidelity-20261008-worker/002-baseline-source-diagnosis/ordinary.xlsx
 create mode 100644 docs/superpowers/verification/evidence/xlsx-text-fidelity-20261008-worker/002-baseline-source-diagnosis/source-at-diagnosis/QueryResultFileWriter.java
 create mode 100644 docs/superpowers/verification/evidence/xlsx-text-fidelity-20261008-worker/002-baseline-source-diagnosis/source-at-diagnosis/Run-Diagnosis.ps1
 create mode 100644 docs/superpowers/verification/evidence/xlsx-text-fidelity-20261008-worker/002-baseline-source-diagnosis/source-at-diagnosis/SafeResultFilePublisher.java
 create mode 100644 docs/superpowers/verification/evidence/xlsx-text-fidelity-20261008-worker/002-baseline-source-diagnosis/source-at-diagnosis/TableExporter.java
 create mode 100644 docs/superpowers/verification/evidence/xlsx-text-fidelity-20261008-worker/002-baseline-source-diagnosis/source-at-diagnosis/XlsxTestDocuments.java
 create mode 100644 docs/superpowers/verification/evidence/xlsx-text-fidelity-20261008-worker/002-baseline-source-diagnosis/source-at-diagnosis/XlsxTextDiagnosis.java
 create mode 100644 docs/superpowers/verification/evidence/xlsx-text-fidelity-20261008-worker/002-baseline-source-diagnosis/source-at-diagnosis/XlsxWriter.java
 create mode 100644 docs/superpowers/verification/evidence/xlsx-text-fidelity-20261008-worker/002-baseline-source-diagnosis/source-sha256.json
 create mode 100644 docs/superpowers/verification/evidence/xlsx-text-fidelity-20261008-worker/003-xlsx-text-red/build-test-results-test/TEST-com.datacube.export.XlsxTextFidelityTest.xml
 create mode 100644 docs/superpowers/verification/evidence/xlsx-text-fidelity-20261008-worker/003-xlsx-text-red/build-test-results-test/TEST-com.datacube.fx.SqlResultXlsxExportFailureTest.xml
 create mode 100644 docs/superpowers/verification/evidence/xlsx-text-fidelity-20261008-worker/003-xlsx-text-red/command.json
 create mode 100644 docs/superpowers/verification/evidence/xlsx-text-fidelity-20261008-worker/003-xlsx-text-red/exit.json
 create mode 100644 docs/superpowers/verification/evidence/xlsx-text-fidelity-20261008-worker/003-xlsx-text-red/gradle.log
 create mode 100644 docs/superpowers/verification/evidence/xlsx-text-fidelity-20261008-worker/003-xlsx-text-red/source-at-failure/Run-Main.ps1
 create mode 100644 docs/superpowers/verification/evidence/xlsx-text-fidelity-20261008-worker/003-xlsx-text-red/source-at-failure/SqlResultXlsxExportFailureTest.java
 create mode 100644 docs/superpowers/verification/evidence/xlsx-text-fidelity-20261008-worker/003-xlsx-text-red/source-at-failure/XlsxTextFidelityTest.java
 create mode 100644 docs/superpowers/verification/evidence/xlsx-text-fidelity-20261008-worker/003-xlsx-text-red/source-at-failure/XlsxWriter.java
 create mode 100644 docs/superpowers/verification/evidence/xlsx-text-fidelity-20261008-worker/003-xlsx-text-red/source-sha256.json
 create mode 100644 docs/superpowers/verification/evidence/xlsx-text-fidelity-20261008-worker/003-xlsx-text-red/xml-summary.json
 create mode 100644 docs/superpowers/verification/evidence/xlsx-text-fidelity-20261008-worker/004-xlsx-text-targeted/build-test-results-test/TEST-com.datacube.export.QueryResultFileWriterTest.xml
 create mode 100644 docs/superpowers/verification/evidence/xlsx-text-fidelity-20261008-worker/004-xlsx-text-targeted/build-test-results-test/TEST-com.datacube.export.QueryXlsxExportTest.xml
 create mode 100644 docs/superpowers/verification/evidence/xlsx-text-fidelity-20261008-worker/004-xlsx-text-targeted/build-test-results-test/TEST-com.datacube.export.QueryXlsxLayoutEstimatorTest.xml
 create mode 100644 docs/superpowers/verification/evidence/xlsx-text-fidelity-20261008-worker/004-xlsx-text-targeted/build-test-results-test/TEST-com.datacube.export.ResultExportSessionTest.xml
 create mode 100644 docs/superpowers/verification/evidence/xlsx-text-fidelity-20261008-worker/004-xlsx-text-targeted/build-test-results-test/TEST-com.datacube.export.ResultExporterTest.xml
 create mode 100644 docs/superpowers/verification/evidence/xlsx-text-fidelity-20261008-worker/004-xlsx-text-targeted/build-test-results-test/TEST-com.datacube.export.SafeResultFilePublisherTest.xml
 create mode 100644 docs/superpowers/verification/evidence/xlsx-text-fidelity-20261008-worker/004-xlsx-text-targeted/build-test-results-test/TEST-com.datacube.export.XlsxTextFidelityTest.xml
 create mode 100644 docs/superpowers/verification/evidence/xlsx-text-fidelity-20261008-worker/004-xlsx-text-targeted/build-test-results-test/TEST-com.datacube.export.XlsxWriterLayoutTest.xml
 create mode 100644 docs/superpowers/verification/evidence/xlsx-text-fidelity-20261008-worker/004-xlsx-text-targeted/build-test-results-test/TEST-com.datacube.export.XmlResultExportFidelityTest.xml
 create mode 100644 docs/superpowers/verification/evidence/xlsx-text-fidelity-20261008-worker/004-xlsx-text-targeted/build-test-results-test/TEST-com.datacube.fx.SqlResultExportCoordinatorTest.xml
 create mode 100644 docs/superpowers/verification/evidence/xlsx-text-fidelity-20261008-worker/004-xlsx-text-targeted/build-test-results-test/TEST-com.datacube.fx.SqlResultXlsxExportFailureTest.xml
 create mode 100644 docs/superpowers/verification/evidence/xlsx-text-fidelity-20261008-worker/004-xlsx-text-targeted/build-test-results-test/TEST-com.datacube.fx.SqlResultXmlExportFailureTest.xml
 create mode 100644 docs/superpowers/verification/evidence/xlsx-text-fidelity-20261008-worker/004-xlsx-text-targeted/command.json
 create mode 100644 docs/superpowers/verification/evidence/xlsx-text-fidelity-20261008-worker/004-xlsx-text-targeted/exit.json
 create mode 100644 docs/superpowers/verification/evidence/xlsx-text-fidelity-20261008-worker/004-xlsx-text-targeted/gradle.log
 create mode 100644 docs/superpowers/verification/evidence/xlsx-text-fidelity-20261008-worker/004-xlsx-text-targeted/xml-summary.json
 create mode 100644 docs/superpowers/verification/evidence/xlsx-text-fidelity-20261008-worker/005-xlsx-text-final-targeted/build-test-results-test/TEST-com.datacube.export.QueryResultFileWriterTest.xml
 create mode 100644 docs/superpowers/verification/evidence/xlsx-text-fidelity-20261008-worker/005-xlsx-text-final-targeted/build-test-results-test/TEST-com.datacube.export.QueryXlsxExportTest.xml
 create mode 100644 docs/superpowers/verification/evidence/xlsx-text-fidelity-20261008-worker/005-xlsx-text-final-targeted/build-test-results-test/TEST-com.datacube.export.QueryXlsxLayoutEstimatorTest.xml
 create mode 100644 docs/superpowers/verification/evidence/xlsx-text-fidelity-20261008-worker/005-xlsx-text-final-targeted/build-test-results-test/TEST-com.datacube.export.ResultExportSessionTest.xml
 create mode 100644 docs/superpowers/verification/evidence/xlsx-text-fidelity-20261008-worker/005-xlsx-text-final-targeted/build-test-results-test/TEST-com.datacube.export.ResultExporterTest.xml
 create mode 100644 docs/superpowers/verification/evidence/xlsx-text-fidelity-20261008-worker/005-xlsx-text-final-targeted/build-test-results-test/TEST-com.datacube.export.SafeResultFilePublisherTest.xml
 create mode 100644 docs/superpowers/verification/evidence/xlsx-text-fidelity-20261008-worker/005-xlsx-text-final-targeted/build-test-results-test/TEST-com.datacube.export.XlsxTextFidelityTest.xml
 create mode 100644 docs/superpowers/verification/evidence/xlsx-text-fidelity-20261008-worker/005-xlsx-text-final-targeted/build-test-results-test/TEST-com.datacube.export.XlsxWriterLayoutTest.xml
 create mode 100644 docs/superpowers/verification/evidence/xlsx-text-fidelity-20261008-worker/005-xlsx-text-final-targeted/build-test-results-test/TEST-com.datacube.export.XmlResultExportFidelityTest.xml
 create mode 100644 docs/superpowers/verification/evidence/xlsx-text-fidelity-20261008-worker/005-xlsx-text-final-targeted/build-test-results-test/TEST-com.datacube.fx.ResultExportOptionsDialogTest.xml
 create mode 100644 docs/superpowers/verification/evidence/xlsx-text-fidelity-20261008-worker/005-xlsx-text-final-targeted/build-test-results-test/TEST-com.datacube.fx.SqlResultExportCoordinatorTest.xml
 create mode 100644 docs/superpowers/verification/evidence/xlsx-text-fidelity-20261008-worker/005-xlsx-text-final-targeted/build-test-results-test/TEST-com.datacube.fx.SqlResultXlsxExportFailureTest.xml
 create mode 100644 docs/superpowers/verification/evidence/xlsx-text-fidelity-20261008-worker/005-xlsx-text-final-targeted/build-test-results-test/TEST-com.datacube.fx.SqlResultXmlExportFailureTest.xml
 create mode 100644 docs/superpowers/verification/evidence/xlsx-text-fidelity-20261008-worker/005-xlsx-text-final-targeted/build-test-results-test/TEST-com.datacube.sqleditor.result.ResultExportSnapshotTest.xml
 create mode 100644 docs/superpowers/verification/evidence/xlsx-text-fidelity-20261008-worker/005-xlsx-text-final-targeted/build-test-results-test/TEST-com.datacube.sqleditor.result.ResultExportValuePolicyTest.xml
 create mode 100644 docs/superpowers/verification/evidence/xlsx-text-fidelity-20261008-worker/005-xlsx-text-final-targeted/command.json
 create mode 100644 docs/superpowers/verification/evidence/xlsx-text-fidelity-20261008-worker/005-xlsx-text-final-targeted/exit.json
 create mode 100644 docs/superpowers/verification/evidence/xlsx-text-fidelity-20261008-worker/005-xlsx-text-final-targeted/gradle.log
 create mode 100644 docs/superpowers/verification/evidence/xlsx-text-fidelity-20261008-worker/005-xlsx-text-final-targeted/source-at-test/SqlResultXlsxExportFailureTest.java
 create mode 100644 docs/superpowers/verification/evidence/xlsx-text-fidelity-20261008-worker/005-xlsx-text-final-targeted/source-at-test/XlsxTextFidelityTest.java
 create mode 100644 docs/superpowers/verification/evidence/xlsx-text-fidelity-20261008-worker/005-xlsx-text-final-targeted/source-at-test/XlsxWriter.java
 create mode 100644 docs/superpowers/verification/evidence/xlsx-text-fidelity-20261008-worker/005-xlsx-text-final-targeted/xml-summary.json
 create mode 100644 docs/superpowers/verification/evidence/xlsx-text-fidelity-20261008-worker/006-worker-full/build-test-results-test/TEST-com.datacube.build.CiWorkflowContractTest.xml
 create mode 100644 docs/superpowers/verification/evidence/xlsx-text-fidelity-20261008-worker/006-worker-full/build-test-results-test/TEST-com.datacube.build.DistributionLauncherContractTest.xml
 create mode 100644 docs/superpowers/verification/evidence/xlsx-text-fidelity-20261008-worker/006-worker-full/build-test-results-test/TEST-com.datacube.build.SchemaDiffIntegrationWorkflowContractTest.xml
 create mode 100644 docs/superpowers/verification/evidence/xlsx-text-fidelity-20261008-worker/006-worker-full/build-test-results-test/TEST-com.datacube.cli.MigrationConsoleTest.xml
 create mode 100644 docs/superpowers/verification/evidence/xlsx-text-fidelity-20261008-worker/006-worker-full/build-test-results-test/TEST-com.datacube.config.AppSettingsTest.xml
 create mode 100644 docs/superpowers/verification/evidence/xlsx-text-fidelity-20261008-worker/006-worker-full/build-test-results-test/TEST-com.datacube.config.ConnectionSafetyOptionsTest.xml
 create mode 100644 docs/superpowers/verification/evidence/xlsx-text-fidelity-20261008-worker/006-worker-full/build-test-results-test/TEST-com.datacube.config.ConnectionStoreTest.xml
 create mode 100644 docs/superpowers/verification/evidence/xlsx-text-fidelity-20261008-worker/006-worker-full/build-test-results-test/TEST-com.datacube.config.CredentialCipherTest.xml
 create mode 100644 docs/superpowers/verification/evidence/xlsx-text-fidelity-20261008-worker/006-worker-full/build-test-results-test/TEST-com.datacube.config.CredentialMigrationTest.xml
 create mode 100644 docs/superpowers/verification/evidence/xlsx-text-fidelity-20261008-worker/006-worker-full/build-test-results-test/TEST-com.datacube.config.DpapiCredentialProtectorTest.xml
 create mode 100644 docs/superpowers/verification/evidence/xlsx-text-fidelity-20261008-worker/006-worker-full/build-test-results-test/TEST-com.datacube.config.RecentSqlFilesTest.xml
 create mode 100644 docs/superpowers/verification/evidence/xlsx-text-fidelity-20261008-worker/006-worker-full/build-test-results-test/TEST-com.datacube.config.SqlDraftCodecTest.xml
 create mode 100644 docs/superpowers/verification/evidence/xlsx-text-fidelity-20261008-worker/006-worker-full/build-test-results-test/TEST-com.datacube.config.SqlDraftCoordinatorTest.xml
 create mode 100644 docs/superpowers/verification/evidence/xlsx-text-fidelity-20261008-worker/006-worker-full/build-test-results-test/TEST-com.datacube.config.SqlDraftDirectoryTest.xml
 create mode 100644 docs/superpowers/verification/evidence/xlsx-text-fidelity-20261008-worker/006-worker-full/build-test-results-test/TEST-com.datacube.config.SqlDraftSaveStateTest.xml
 create mode 100644 docs/superpowers/verification/evidence/xlsx-text-fidelity-20261008-worker/006-worker-full/build-test-results-test/TEST-com.datacube.config.SqlDraftStoreTest.xml
 create mode 100644 docs/superpowers/verification/evidence/xlsx-text-fidelity-20261008-worker/006-worker-full/build-test-results-test/TEST-com.datacube.config.SqlDraftWriteQueueTest.xml
 create mode 100644 docs/superpowers/verification/evidence/xlsx-text-fidelity-20261008-worker/006-worker-full/build-test-results-test/TEST-com.datacube.config.SqlFavoriteStoreTest.xml
 create mode 100644 docs/superpowers/verification/evidence/xlsx-text-fidelity-20261008-worker/006-worker-full/build-test-results-test/TEST-com.datacube.config.SqlHistoryStoreStrictTest.xml
 create mode 100644 docs/superpowers/verification/evidence/xlsx-text-fidelity-20261008-worker/006-worker-full/build-test-results-test/TEST-com.datacube.config.SqlWorkspaceActivityTest.xml
 create mode 100644 docs/superpowers/verification/evidence/xlsx-text-fidelity-20261008-worker/006-worker-full/build-test-results-test/TEST-com.datacube.config.SqlWorkspaceCodecTest.xml
 create mode 100644 docs/superpowers/verification/evidence/xlsx-text-fidelity-20261008-worker/006-worker-full/build-test-results-test/TEST-com.datacube.config.SqlWorkspaceRecoveryTest.xml
 create mode 100644 docs/superpowers/verification/evidence/xlsx-text-fidelity-20261008-worker/006-worker-full/build-test-results-test/TEST-com.datacube.config.SqlWorkspaceRuntimeTest.xml
 create mode 100644 docs/superpowers/verification/evidence/xlsx-text-fidelity-20261008-worker/006-worker-full/build-test-results-test/TEST-com.datacube.config.SqlWorkspaceStoreFaultTest.xml
 create mode 100644 docs/superpowers/verification/evidence/xlsx-text-fidelity-20261008-worker/006-worker-full/build-test-results-test/TEST-com.datacube.config.SqlWorkspaceStoreTest.xml
 create mode 100644 docs/superpowers/verification/evidence/xlsx-text-fidelity-20261008-worker/006-worker-full/build-test-results-test/TEST-com.datacube.export.QueryResultFileWriterTest.xml
 create mode 100644 docs/superpowers/verification/evidence/xlsx-text-fidelity-20261008-worker/006-worker-full/build-test-results-test/TEST-com.datacube.export.QueryXlsxExportTest.xml
 create mode 100644 docs/superpowers/verification/evidence/xlsx-text-fidelity-20261008-worker/006-worker-full/build-test-results-test/TEST-com.datacube.export.QueryXlsxLayoutEstimatorTest.xml
 create mode 100644 docs/superpowers/verification/evidence/xlsx-text-fidelity-20261008-worker/006-worker-full/build-test-results-test/TEST-com.datacube.export.ResultExportSessionTest.xml
 create mode 100644 docs/superpowers/verification/evidence/xlsx-text-fidelity-20261008-worker/006-worker-full/build-test-results-test/TEST-com.datacube.export.ResultExporterTest.xml
 create mode 100644 docs/superpowers/verification/evidence/xlsx-text-fidelity-20261008-worker/006-worker-full/build-test-results-test/TEST-com.datacube.export.SafeResultFilePublisherTest.xml
 create mode 100644 docs/superpowers/verification/evidence/xlsx-text-fidelity-20261008-worker/006-worker-full/build-test-results-test/TEST-com.datacube.export.XlsxTextFidelityTest.xml
 create mode 100644 docs/superpowers/verification/evidence/xlsx-text-fidelity-20261008-worker/006-worker-full/build-test-results-test/TEST-com.datacube.export.XlsxWriterLayoutTest.xml
 create mode 100644 docs/superpowers/verification/evidence/xlsx-text-fidelity-20261008-worker/006-worker-full/build-test-results-test/TEST-com.datacube.export.XmlResultExportFidelityTest.xml
 create mode 100644 docs/superpowers/verification/evidence/xlsx-text-fidelity-20261008-worker/006-worker-full/build-test-results-test/TEST-com.datacube.fx.AppShellGridShutdownTest.xml
 create mode 100644 docs/superpowers/verification/evidence/xlsx-text-fidelity-20261008-worker/006-worker-full/build-test-results-test/TEST-com.datacube.fx.AppShellShutdownRecoveryTest.xml
 create mode 100644 docs/superpowers/verification/evidence/xlsx-text-fidelity-20261008-worker/006-worker-full/build-test-results-test/TEST-com.datacube.fx.AppShellSqlCancelIdentityTest.xml
 create mode 100644 docs/superpowers/verification/evidence/xlsx-text-fidelity-20261008-worker/006-worker-full/build-test-results-test/TEST-com.datacube.fx.AppShellSqlScriptDialogCancellationTest.xml
 create mode 100644 docs/superpowers/verification/evidence/xlsx-text-fidelity-20261008-worker/006-worker-full/build-test-results-test/TEST-com.datacube.fx.AppShellSqlShutdownTest.xml
 create mode 100644 docs/superpowers/verification/evidence/xlsx-text-fidelity-20261008-worker/006-worker-full/build-test-results-test/TEST-com.datacube.fx.AppShellSqlTransactionShutdownTest.xml
 create mode 100644 docs/superpowers/verification/evidence/xlsx-text-fidelity-20261008-worker/006-worker-full/build-test-results-test/TEST-com.datacube.fx.AppShellTest.xml
 create mode 100644 docs/superpowers/verification/evidence/xlsx-text-fidelity-20261008-worker/006-worker-full/build-test-results-test/TEST-com.datacube.fx.AppShellWorkspaceShutdownTest.xml
 create mode 100644 docs/superpowers/verification/evidence/xlsx-text-fidelity-20261008-worker/006-worker-full/build-test-results-test/TEST-com.datacube.fx.AsyncCloseGateTest.xml
 create mode 100644 docs/superpowers/verification/evidence/xlsx-text-fidelity-20261008-worker/006-worker-full/build-test-results-test/TEST-com.datacube.fx.AsyncManagedTabRegistryTest.xml
 create mode 100644 docs/superpowers/verification/evidence/xlsx-text-fidelity-20261008-worker/006-worker-full/build-test-results-test/TEST-com.datacube.fx.AsyncShutdownCoordinatorTest.xml
 create mode 100644 docs/superpowers/verification/evidence/xlsx-text-fidelity-20261008-worker/006-worker-full/build-test-results-test/TEST-com.datacube.fx.AsyncTabCloseCoordinatorTest.xml
 create mode 100644 docs/superpowers/verification/evidence/xlsx-text-fidelity-20261008-worker/006-worker-full/build-test-results-test/TEST-com.datacube.fx.AsyncTabCloseGuardsTest.xml
 create mode 100644 docs/superpowers/verification/evidence/xlsx-text-fidelity-20261008-worker/006-worker-full/build-test-results-test/TEST-com.datacube.fx.BestEffortCloseSequenceTest.xml
 create mode 100644 docs/superpowers/verification/evidence/xlsx-text-fidelity-20261008-worker/006-worker-full/build-test-results-test/TEST-com.datacube.fx.BrandLogoTest.xml
 create mode 100644 docs/superpowers/verification/evidence/xlsx-text-fidelity-20261008-worker/006-worker-full/build-test-results-test/TEST-com.datacube.fx.ConnectionDialogTest.xml
 create mode 100644 docs/superpowers/verification/evidence/xlsx-text-fidelity-20261008-worker/006-worker-full/build-test-results-test/TEST-com.datacube.fx.ConnectionTestControllerTest.xml
 create mode 100644 docs/superpowers/verification/evidence/xlsx-text-fidelity-20261008-worker/006-worker-full/build-test-results-test/TEST-com.datacube.fx.ConnectionTreeClipboardTest.xml
 create mode 100644 docs/superpowers/verification/evidence/xlsx-text-fidelity-20261008-worker/006-worker-full/build-test-results-test/TEST-com.datacube.fx.ConnectionTreeFindBarTest.xml
 create mode 100644 docs/superpowers/verification/evidence/xlsx-text-fidelity-20261008-worker/006-worker-full/build-test-results-test/TEST-com.datacube.fx.ConnectionTreeLazyLoadTest.xml
 create mode 100644 docs/superpowers/verification/evidence/xlsx-text-fidelity-20261008-worker/006-worker-full/build-test-results-test/TEST-com.datacube.fx.ConnectionTreePaneFindTest.xml
 create mode 100644 docs/superpowers/verification/evidence/xlsx-text-fidelity-20261008-worker/006-worker-full/build-test-results-test/TEST-com.datacube.fx.ConnectionTreePaneLifecycleTest.xml
 create mode 100644 docs/superpowers/verification/evidence/xlsx-text-fidelity-20261008-worker/006-worker-full/build-test-results-test/TEST-com.datacube.fx.ConnectionTreeQualifiedCopyTest.xml
 create mode 100644 docs/superpowers/verification/evidence/xlsx-text-fidelity-20261008-worker/006-worker-full/build-test-results-test/TEST-com.datacube.fx.ConnectionTreeSchemaDiffContractTest.xml
 create mode 100644 docs/superpowers/verification/evidence/xlsx-text-fidelity-20261008-worker/006-worker-full/build-test-results-test/TEST-com.datacube.fx.ConnectionTreeSelectSqlTest.xml
 create mode 100644 docs/superpowers/verification/evidence/xlsx-text-fidelity-20261008-worker/006-worker-full/build-test-results-test/TEST-com.datacube.fx.ConstructionOwnerTest.xml
 create mode 100644 docs/superpowers/verification/evidence/xlsx-text-fidelity-20261008-worker/006-worker-full/build-test-results-test/TEST-com.datacube.fx.ContentTabPaneCloseAttemptTest.xml
 create mode 100644 docs/superpowers/verification/evidence/xlsx-text-fidelity-20261008-worker/006-worker-full/build-test-results-test/TEST-com.datacube.fx.ContentTabPaneContractTest.xml
 create mode 100644 docs/superpowers/verification/evidence/xlsx-text-fidelity-20261008-worker/006-worker-full/build-test-results-test/TEST-com.datacube.fx.ContentTabPaneLifecycleContractTest.xml
 create mode 100644 docs/superpowers/verification/evidence/xlsx-text-fidelity-20261008-worker/006-worker-full/build-test-results-test/TEST-com.datacube.fx.DataCubeFxShutdownContractTest.xml
 create mode 100644 docs/superpowers/verification/evidence/xlsx-text-fidelity-20261008-worker/006-worker-full/build-test-results-test/TEST-com.datacube.fx.DataGridExplicitSaveTest.xml
 create mode 100644 docs/superpowers/verification/evidence/xlsx-text-fidelity-20261008-worker/006-worker-full/build-test-results-test/TEST-com.datacube.fx.DataGridPaneLifecycleTest.xml
 create mode 100644 docs/superpowers/verification/evidence/xlsx-text-fidelity-20261008-worker/006-worker-full/build-test-results-test/TEST-com.datacube.fx.DataGridSaveFlowTest.xml
 create mode 100644 docs/superpowers/verification/evidence/xlsx-text-fidelity-20261008-worker/006-worker-full/build-test-results-test/TEST-com.datacube.fx.DdlViewPaneFindTest.xml
 create mode 100644 docs/superpowers/verification/evidence/xlsx-text-fidelity-20261008-worker/006-worker-full/build-test-results-test/TEST-com.datacube.fx.DdlViewPaneLifecycleTest.xml
 create mode 100644 docs/superpowers/verification/evidence/xlsx-text-fidelity-20261008-worker/006-worker-full/build-test-results-test/TEST-com.datacube.fx.ExportDialogLifecycleTest.xml
 create mode 100644 docs/superpowers/verification/evidence/xlsx-text-fidelity-20261008-worker/006-worker-full/build-test-results-test/TEST-com.datacube.fx.GridChangeSetTest.xml
 create mode 100644 docs/superpowers/verification/evidence/xlsx-text-fidelity-20261008-worker/006-worker-full/build-test-results-test/TEST-com.datacube.fx.LazyValueTest.xml
 create mode 100644 docs/superpowers/verification/evidence/xlsx-text-fidelity-20261008-worker/006-worker-full/build-test-results-test/TEST-com.datacube.fx.ManagedCloseBarrierTest.xml
 create mode 100644 docs/superpowers/verification/evidence/xlsx-text-fidelity-20261008-worker/006-worker-full/build-test-results-test/TEST-com.datacube.fx.ManagedOpenLeaseTest.xml
 create mode 100644 docs/superpowers/verification/evidence/xlsx-text-fidelity-20261008-worker/006-worker-full/build-test-results-test/TEST-com.datacube.fx.ManagedPaneCloseContractTest.xml
 create mode 100644 docs/superpowers/verification/evidence/xlsx-text-fidelity-20261008-worker/006-worker-full/build-test-results-test/TEST-com.datacube.fx.ManagedPaneConstructionContractTest.xml
 create mode 100644 docs/superpowers/verification/evidence/xlsx-text-fidelity-20261008-worker/006-worker-full/build-test-results-test/TEST-com.datacube.fx.ManagedSelectionTrackerTest.xml
 create mode 100644 docs/superpowers/verification/evidence/xlsx-text-fidelity-20261008-worker/006-worker-full/build-test-results-test/TEST-com.datacube.fx.ManagedTabFactorySequenceTest.xml
 create mode 100644 docs/superpowers/verification/evidence/xlsx-text-fidelity-20261008-worker/006-worker-full/build-test-results-test/TEST-com.datacube.fx.ManagedTabInstallerTest.xml
 create mode 100644 docs/superpowers/verification/evidence/xlsx-text-fidelity-20261008-worker/006-worker-full/build-test-results-test/TEST-com.datacube.fx.ManagedTabRegistryTest.xml
 create mode 100644 docs/superpowers/verification/evidence/xlsx-text-fidelity-20261008-worker/006-worker-full/build-test-results-test/TEST-com.datacube.fx.ManagedTabRemovalBatchTest.xml
 create mode 100644 docs/superpowers/verification/evidence/xlsx-text-fidelity-20261008-worker/006-worker-full/build-test-results-test/TEST-com.datacube.fx.MandatoryAbortTrackerTest.xml
 create mode 100644 docs/superpowers/verification/evidence/xlsx-text-fidelity-20261008-worker/006-worker-full/build-test-results-test/TEST-com.datacube.fx.MetadataSearchShellRoutingTest.xml
 create mode 100644 docs/superpowers/verification/evidence/xlsx-text-fidelity-20261008-worker/006-worker-full/build-test-results-test/TEST-com.datacube.fx.MigrationPaneLifecycleTest.xml
 create mode 100644 docs/superpowers/verification/evidence/xlsx-text-fidelity-20261008-worker/006-worker-full/build-test-results-test/TEST-com.datacube.fx.MigrationWorkflowTest.xml
 create mode 100644 docs/superpowers/verification/evidence/xlsx-text-fidelity-20261008-worker/006-worker-full/build-test-results-test/TEST-com.datacube.fx.ObjectEditorPaneLifecycleTest.xml
 create mode 100644 docs/superpowers/verification/evidence/xlsx-text-fidelity-20261008-worker/006-worker-full/build-test-results-test/TEST-com.datacube.fx.OpenTabsDialogTest.xml
 create mode 100644 docs/superpowers/verification/evidence/xlsx-text-fidelity-20261008-worker/006-worker-full/build-test-results-test/TEST-com.datacube.fx.OpenTabsPaneTest.xml
 create mode 100644 docs/superpowers/verification/evidence/xlsx-text-fidelity-20261008-worker/006-worker-full/build-test-results-test/TEST-com.datacube.fx.OpenTabsSqlEditorIntegrationTest.xml
 create mode 100644 docs/superpowers/verification/evidence/xlsx-text-fidelity-20261008-worker/006-worker-full/build-test-results-test/TEST-com.datacube.fx.RecentSqlFilesDialogTest.xml
 create mode 100644 docs/superpowers/verification/evidence/xlsx-text-fidelity-20261008-worker/006-worker-full/build-test-results-test/TEST-com.datacube.fx.RedisPaneCloseSequenceTest.xml
 create mode 100644 docs/superpowers/verification/evidence/xlsx-text-fidelity-20261008-worker/006-worker-full/build-test-results-test/TEST-com.datacube.fx.ResultCellDialogTest.xml
 create mode 100644 docs/superpowers/verification/evidence/xlsx-text-fidelity-20261008-worker/006-worker-full/build-test-results-test/TEST-com.datacube.fx.ResultCellFindTest.xml
 create mode 100644 docs/superpowers/verification/evidence/xlsx-text-fidelity-20261008-worker/006-worker-full/build-test-results-test/TEST-com.datacube.fx.ResultColumnFindDialogTest.xml
 create mode 100644 docs/superpowers/verification/evidence/xlsx-text-fidelity-20261008-worker/006-worker-full/build-test-results-test/TEST-com.datacube.fx.ResultExportOptionsDialogTest.xml
 create mode 100644 docs/superpowers/verification/evidence/xlsx-text-fidelity-20261008-worker/006-worker-full/build-test-results-test/TEST-com.datacube.fx.ResultRowDialogTest.xml
 create mode 100644 docs/superpowers/verification/evidence/xlsx-text-fidelity-20261008-worker/006-worker-full/build-test-results-test/TEST-com.datacube.fx.ResultRowLocateDialogTest.xml
 create mode 100644 docs/superpowers/verification/evidence/xlsx-text-fidelity-20261008-worker/006-worker-full/build-test-results-test/TEST-com.datacube.fx.ResultRowNullFilterTest.xml
 create mode 100644 docs/superpowers/verification/evidence/xlsx-text-fidelity-20261008-worker/006-worker-full/build-test-results-test/TEST-com.datacube.fx.ResultRowTextFindTest.xml
 create mode 100644 docs/superpowers/verification/evidence/xlsx-text-fidelity-20261008-worker/006-worker-full/build-test-results-test/TEST-com.datacube.fx.SchemaDiffCanonicalIdentityIntegrationTest.xml
 create mode 100644 docs/superpowers/verification/evidence/xlsx-text-fidelity-20261008-worker/006-worker-full/build-test-results-test/TEST-com.datacube.fx.SchemaDiffLifecycleTest.xml
 create mode 100644 docs/superpowers/verification/evidence/xlsx-text-fidelity-20261008-worker/006-worker-full/build-test-results-test/TEST-com.datacube.fx.SchemaDiffManagedTabFactoryTest.xml
 create mode 100644 docs/superpowers/verification/evidence/xlsx-text-fidelity-20261008-worker/006-worker-full/build-test-results-test/TEST-com.datacube.fx.SchemaDiffPaneContractTest.xml
 create mode 100644 docs/superpowers/verification/evidence/xlsx-text-fidelity-20261008-worker/006-worker-full/build-test-results-test/TEST-com.datacube.fx.SchemaDiffSelectionModelTest.xml
 create mode 100644 docs/superpowers/verification/evidence/xlsx-text-fidelity-20261008-worker/006-worker-full/build-test-results-test/TEST-com.datacube.fx.SchemaDiffViewModelTest.xml
 create mode 100644 docs/superpowers/verification/evidence/xlsx-text-fidelity-20261008-worker/006-worker-full/build-test-results-test/TEST-com.datacube.fx.SchemaMetadataSearchDialogTest.xml
 create mode 100644 docs/superpowers/verification/evidence/xlsx-text-fidelity-20261008-worker/006-worker-full/build-test-results-test/TEST-com.datacube.fx.SchemaObjectCopyTest.xml
 create mode 100644 docs/superpowers/verification/evidence/xlsx-text-fidelity-20261008-worker/006-worker-full/build-test-results-test/TEST-com.datacube.fx.SchemaObjectFindEntryTest.xml
 create mode 100644 docs/superpowers/verification/evidence/xlsx-text-fidelity-20261008-worker/006-worker-full/build-test-results-test/TEST-com.datacube.fx.SchemaObjectKindFilterTest.xml
 create mode 100644 docs/superpowers/verification/evidence/xlsx-text-fidelity-20261008-worker/006-worker-full/build-test-results-test/TEST-com.datacube.fx.SchemaObjectSearchDialogTest.xml
 create mode 100644 docs/superpowers/verification/evidence/xlsx-text-fidelity-20261008-worker/006-worker-full/build-test-results-test/TEST-com.datacube.fx.SchemaObjectSearchLifecycleTest.xml
 create mode 100644 docs/superpowers/verification/evidence/xlsx-text-fidelity-20261008-worker/006-worker-full/build-test-results-test/TEST-com.datacube.fx.ScriptErrorQuestionGateTest.xml
 create mode 100644 docs/superpowers/verification/evidence/xlsx-text-fidelity-20261008-worker/006-worker-full/build-test-results-test/TEST-com.datacube.fx.SequenceDesignerPaneLifecycleTest.xml
 create mode 100644 docs/superpowers/verification/evidence/xlsx-text-fidelity-20261008-worker/006-worker-full/build-test-results-test/TEST-com.datacube.fx.ShutdownQuarantineTest.xml
 create mode 100644 docs/superpowers/verification/evidence/xlsx-text-fidelity-20261008-worker/006-worker-full/build-test-results-test/TEST-com.datacube.fx.SqlAutoCompleteFocusTest.xml
 create mode 100644 docs/superpowers/verification/evidence/xlsx-text-fidelity-20261008-worker/006-worker-full/build-test-results-test/TEST-com.datacube.fx.SqlBatchDetailsIntegrationTest.xml
 create mode 100644 docs/superpowers/verification/evidence/xlsx-text-fidelity-20261008-worker/006-worker-full/build-test-results-test/TEST-com.datacube.fx.SqlBatchFailureNavigationTest.xml
 create mode 100644 docs/superpowers/verification/evidence/xlsx-text-fidelity-20261008-worker/006-worker-full/build-test-results-test/TEST-com.datacube.fx.SqlBatchResultsIntegrationTest.xml
 create mode 100644 docs/superpowers/verification/evidence/xlsx-text-fidelity-20261008-worker/006-worker-full/build-test-results-test/TEST-com.datacube.fx.SqlBatchResultsTest.xml
 create mode 100644 docs/superpowers/verification/evidence/xlsx-text-fidelity-20261008-worker/006-worker-full/build-test-results-test/TEST-com.datacube.fx.SqlBatchViewStateTest.xml
 create mode 100644 docs/superpowers/verification/evidence/xlsx-text-fidelity-20261008-worker/006-worker-full/build-test-results-test/TEST-com.datacube.fx.SqlCompletionLookupTest.xml
 create mode 100644 docs/superpowers/verification/evidence/xlsx-text-fidelity-20261008-worker/006-worker-full/build-test-results-test/TEST-com.datacube.fx.SqlConnectionGuidanceTest.xml
 create mode 100644 docs/superpowers/verification/evidence/xlsx-text-fidelity-20261008-worker/006-worker-full/build-test-results-test/TEST-com.datacube.fx.SqlConnectionPickerTest.xml
 create mode 100644 docs/superpowers/verification/evidence/xlsx-text-fidelity-20261008-worker/006-worker-full/build-test-results-test/TEST-com.datacube.fx.SqlDraftFailureFeedbackTest.xml
 create mode 100644 docs/superpowers/verification/evidence/xlsx-text-fidelity-20261008-worker/006-worker-full/build-test-results-test/TEST-com.datacube.fx.SqlDraftFilterTest.xml
 create mode 100644 docs/superpowers/verification/evidence/xlsx-text-fidelity-20261008-worker/006-worker-full/build-test-results-test/TEST-com.datacube.fx.SqlDraftManagerTest.xml
 create mode 100644 docs/superpowers/verification/evidence/xlsx-text-fidelity-20261008-worker/006-worker-full/build-test-results-test/TEST-com.datacube.fx.SqlDraftRecoveryTabsTest.xml
 create mode 100644 docs/superpowers/verification/evidence/xlsx-text-fidelity-20261008-worker/006-worker-full/build-test-results-test/TEST-com.datacube.fx.SqlDraftUiTest.xml
 create mode 100644 docs/superpowers/verification/evidence/xlsx-text-fidelity-20261008-worker/006-worker-full/build-test-results-test/TEST-com.datacube.fx.SqlDuplicateLinesActionTest.xml
 create mode 100644 docs/superpowers/verification/evidence/xlsx-text-fidelity-20261008-worker/006-worker-full/build-test-results-test/TEST-com.datacube.fx.SqlEditorCancellationSubmissionTest.xml
 create mode 100644 docs/superpowers/verification/evidence/xlsx-text-fidelity-20261008-worker/006-worker-full/build-test-results-test/TEST-com.datacube.fx.SqlEditorClosePolicyTest.xml
 create mode 100644 docs/superpowers/verification/evidence/xlsx-text-fidelity-20261008-worker/006-worker-full/build-test-results-test/TEST-com.datacube.fx.SqlEditorCloseSequenceTest.xml
 create mode 100644 docs/superpowers/verification/evidence/xlsx-text-fidelity-20261008-worker/006-worker-full/build-test-results-test/TEST-com.datacube.fx.SqlEditorConnectionAdmissionTest.xml
 create mode 100644 docs/superpowers/verification/evidence/xlsx-text-fidelity-20261008-worker/006-worker-full/build-test-results-test/TEST-com.datacube.fx.SqlEditorConnectionGuidanceTest.xml
 create mode 100644 docs/superpowers/verification/evidence/xlsx-text-fidelity-20261008-worker/006-worker-full/build-test-results-test/TEST-com.datacube.fx.SqlEditorDraftIntegrationTest.xml
 create mode 100644 docs/superpowers/verification/evidence/xlsx-text-fidelity-20261008-worker/006-worker-full/build-test-results-test/TEST-com.datacube.fx.SqlEditorDraftRecoveryTest.xml
 create mode 100644 docs/superpowers/verification/evidence/xlsx-text-fidelity-20261008-worker/006-worker-full/build-test-results-test/TEST-com.datacube.fx.SqlEditorDuplicateIntegrationTest.xml
 create mode 100644 docs/superpowers/verification/evidence/xlsx-text-fidelity-20261008-worker/006-worker-full/build-test-results-test/TEST-com.datacube.fx.SqlEditorFormatIntegrationTest.xml
 create mode 100644 docs/superpowers/verification/evidence/xlsx-text-fidelity-20261008-worker/006-worker-full/build-test-results-test/TEST-com.datacube.fx.SqlEditorIndentIntegrationTest.xml
 create mode 100644 docs/superpowers/verification/evidence/xlsx-text-fidelity-20261008-worker/006-worker-full/build-test-results-test/TEST-com.datacube.fx.SqlEditorLineCommentIntegrationTest.xml
 create mode 100644 docs/superpowers/verification/evidence/xlsx-text-fidelity-20261008-worker/006-worker-full/build-test-results-test/TEST-com.datacube.fx.SqlEditorMoveLinesIntegrationTest.xml
 create mode 100644 docs/superpowers/verification/evidence/xlsx-text-fidelity-20261008-worker/006-worker-full/build-test-results-test/TEST-com.datacube.fx.SqlEditorPaneFinalizationTest.xml
 create mode 100644 docs/superpowers/verification/evidence/xlsx-text-fidelity-20261008-worker/006-worker-full/build-test-results-test/TEST-com.datacube.fx.SqlEditorPaneLifecycleTest.xml
 create mode 100644 docs/superpowers/verification/evidence/xlsx-text-fidelity-20261008-worker/006-worker-full/build-test-results-test/TEST-com.datacube.fx.SqlEditorReplaceIntegrationTest.xml
 create mode 100644 docs/superpowers/verification/evidence/xlsx-text-fidelity-20261008-worker/006-worker-full/build-test-results-test/TEST-com.datacube.fx.SqlEditorResultFilterContractTest.xml
 create mode 100644 docs/superpowers/verification/evidence/xlsx-text-fidelity-20261008-worker/006-worker-full/build-test-results-test/TEST-com.datacube.fx.SqlEditorScopeBarTest.xml
 create mode 100644 docs/superpowers/verification/evidence/xlsx-text-fidelity-20261008-worker/006-worker-full/build-test-results-test/TEST-com.datacube.fx.SqlEditorSessionContractTest.xml
 create mode 100644 docs/superpowers/verification/evidence/xlsx-text-fidelity-20261008-worker/006-worker-full/build-test-results-test/TEST-com.datacube.fx.SqlEditorSnapshotAllocationContractTest.xml
 create mode 100644 docs/superpowers/verification/evidence/xlsx-text-fidelity-20261008-worker/006-worker-full/build-test-results-test/TEST-com.datacube.fx.SqlEditorUsabilityTest.xml
 create mode 100644 docs/superpowers/verification/evidence/xlsx-text-fidelity-20261008-worker/006-worker-full/build-test-results-test/TEST-com.datacube.fx.SqlEditorWholeWordIntegrationTest.xml
 create mode 100644 docs/superpowers/verification/evidence/xlsx-text-fidelity-20261008-worker/006-worker-full/build-test-results-test/TEST-com.datacube.fx.SqlEditorWrapIntegrationTest.xml
 create mode 100644 docs/superpowers/verification/evidence/xlsx-text-fidelity-20261008-worker/006-worker-full/build-test-results-test/TEST-com.datacube.fx.SqlExecutionContextIntegrationTest.xml
 create mode 100644 docs/superpowers/verification/evidence/xlsx-text-fidelity-20261008-worker/006-worker-full/build-test-results-test/TEST-com.datacube.fx.SqlFavoriteTabsTest.xml
 create mode 100644 docs/superpowers/verification/evidence/xlsx-text-fidelity-20261008-worker/006-worker-full/build-test-results-test/TEST-com.datacube.fx.SqlFavoritesDialogTest.xml
 create mode 100644 docs/superpowers/verification/evidence/xlsx-text-fidelity-20261008-worker/006-worker-full/build-test-results-test/TEST-com.datacube.fx.SqlFileConnectionTest.xml
 create mode 100644 docs/superpowers/verification/evidence/xlsx-text-fidelity-20261008-worker/006-worker-full/build-test-results-test/TEST-com.datacube.fx.SqlFileReloadIntegrationTest.xml
 create mode 100644 docs/superpowers/verification/evidence/xlsx-text-fidelity-20261008-worker/006-worker-full/build-test-results-test/TEST-com.datacube.fx.SqlFileTabRegistryTest.xml
 create mode 100644 docs/superpowers/verification/evidence/xlsx-text-fidelity-20261008-worker/006-worker-full/build-test-results-test/TEST-com.datacube.fx.SqlFindBarTest.xml
 create mode 100644 docs/superpowers/verification/evidence/xlsx-text-fidelity-20261008-worker/006-worker-full/build-test-results-test/TEST-com.datacube.fx.SqlFormatActionTest.xml
 create mode 100644 docs/superpowers/verification/evidence/xlsx-text-fidelity-20261008-worker/006-worker-full/build-test-results-test/TEST-com.datacube.fx.SqlGoToLineBarTest.xml
 create mode 100644 docs/superpowers/verification/evidence/xlsx-text-fidelity-20261008-worker/006-worker-full/build-test-results-test/TEST-com.datacube.fx.SqlHighlighterTest.xml
 create mode 100644 docs/superpowers/verification/evidence/xlsx-text-fidelity-20261008-worker/006-worker-full/build-test-results-test/TEST-com.datacube.fx.SqlHistoryDialogTest.xml
 create mode 100644 docs/superpowers/verification/evidence/xlsx-text-fidelity-20261008-worker/006-worker-full/build-test-results-test/TEST-com.datacube.fx.SqlHistoryTabsTest.xml
 create mode 100644 docs/superpowers/verification/evidence/xlsx-text-fidelity-20261008-worker/006-worker-full/build-test-results-test/TEST-com.datacube.fx.SqlIncrementalResultsTest.xml
 create mode 100644 docs/superpowers/verification/evidence/xlsx-text-fidelity-20261008-worker/006-worker-full/build-test-results-test/TEST-com.datacube.fx.SqlIndentActionsTest.xml
 create mode 100644 docs/superpowers/verification/evidence/xlsx-text-fidelity-20261008-worker/006-worker-full/build-test-results-test/TEST-com.datacube.fx.SqlLineCommentActionTest.xml
 create mode 100644 docs/superpowers/verification/evidence/xlsx-text-fidelity-20261008-worker/006-worker-full/build-test-results-test/TEST-com.datacube.fx.SqlMoveLinesActionsTest.xml
 create mode 100644 docs/superpowers/verification/evidence/xlsx-text-fidelity-20261008-worker/006-worker-full/build-test-results-test/TEST-com.datacube.fx.SqlNewScriptTabsTest.xml
 create mode 100644 docs/superpowers/verification/evidence/xlsx-text-fidelity-20261008-worker/006-worker-full/build-test-results-test/TEST-com.datacube.fx.SqlOverviewDurationSortTest.xml
 create mode 100644 docs/superpowers/verification/evidence/xlsx-text-fidelity-20261008-worker/006-worker-full/build-test-results-test/TEST-com.datacube.fx.SqlOverviewFailureFilterTest.xml
 create mode 100644 docs/superpowers/verification/evidence/xlsx-text-fidelity-20261008-worker/006-worker-full/build-test-results-test/TEST-com.datacube.fx.SqlOverviewPreviewTest.xml
 create mode 100644 docs/superpowers/verification/evidence/xlsx-text-fidelity-20261008-worker/006-worker-full/build-test-results-test/TEST-com.datacube.fx.SqlOverviewResetOrderTest.xml
 create mode 100644 docs/superpowers/verification/evidence/xlsx-text-fidelity-20261008-worker/006-worker-full/build-test-results-test/TEST-com.datacube.fx.SqlOverviewResultNavigationTest.xml
 create mode 100644 docs/superpowers/verification/evidence/xlsx-text-fidelity-20261008-worker/006-worker-full/build-test-results-test/TEST-com.datacube.fx.SqlOverviewSearchTest.xml
 create mode 100644 docs/superpowers/verification/evidence/xlsx-text-fidelity-20261008-worker/006-worker-full/build-test-results-test/TEST-com.datacube.fx.SqlPanelLayoutIntegrationTest.xml
 create mode 100644 docs/superpowers/verification/evidence/xlsx-text-fidelity-20261008-worker/006-worker-full/build-test-results-test/TEST-com.datacube.fx.SqlPanelLayoutTest.xml
 create mode 100644 docs/superpowers/verification/evidence/xlsx-text-fidelity-20261008-worker/006-worker-full/build-test-results-test/TEST-com.datacube.fx.SqlPinnedResultsTest.xml
 create mode 100644 docs/superpowers/verification/evidence/xlsx-text-fidelity-20261008-worker/006-worker-full/build-test-results-test/TEST-com.datacube.fx.SqlProgressMailboxTest.xml
 create mode 100644 docs/superpowers/verification/evidence/xlsx-text-fidelity-20261008-worker/006-worker-full/build-test-results-test/TEST-com.datacube.fx.SqlReplaceBarTest.xml
 create mode 100644 docs/superpowers/verification/evidence/xlsx-text-fidelity-20261008-worker/006-worker-full/build-test-results-test/TEST-com.datacube.fx.SqlResultCellIntegrationTest.xml
 create mode 100644 docs/superpowers/verification/evidence/xlsx-text-fidelity-20261008-worker/006-worker-full/build-test-results-test/TEST-com.datacube.fx.SqlResultColumnResetTest.xml
 create mode 100644 docs/superpowers/verification/evidence/xlsx-text-fidelity-20261008-worker/006-worker-full/build-test-results-test/TEST-com.datacube.fx.SqlResultExportCoordinatorTest.xml
 create mode 100644 docs/superpowers/verification/evidence/xlsx-text-fidelity-20261008-worker/006-worker-full/build-test-results-test/TEST-com.datacube.fx.SqlResultOrderResetTest.xml
 create mode 100644 docs/superpowers/verification/evidence/xlsx-text-fidelity-20261008-worker/006-worker-full/build-test-results-test/TEST-com.datacube.fx.SqlResultRowDisplayTest.xml
 create mode 100644 docs/superpowers/verification/evidence/xlsx-text-fidelity-20261008-worker/006-worker-full/build-test-results-test/TEST-com.datacube.fx.SqlResultSearchNavigationTest.xml
 create mode 100644 docs/superpowers/verification/evidence/xlsx-text-fidelity-20261008-worker/006-worker-full/build-test-results-test/TEST-com.datacube.fx.SqlResultToolbarLayoutTest.xml
 create mode 100644 docs/superpowers/verification/evidence/xlsx-text-fidelity-20261008-worker/006-worker-full/build-test-results-test/TEST-com.datacube.fx.SqlResultToolbarTest.xml
 create mode 100644 docs/superpowers/verification/evidence/xlsx-text-fidelity-20261008-worker/006-worker-full/build-test-results-test/TEST-com.datacube.fx.SqlResultViewMenuTest.xml
 create mode 100644 docs/superpowers/verification/evidence/xlsx-text-fidelity-20261008-worker/006-worker-full/build-test-results-test/TEST-com.datacube.fx.SqlResultXlsxExportFailureTest.xml
 create mode 100644 docs/superpowers/verification/evidence/xlsx-text-fidelity-20261008-worker/006-worker-full/build-test-results-test/TEST-com.datacube.fx.SqlResultXmlExportFailureTest.xml
 create mode 100644 docs/superpowers/verification/evidence/xlsx-text-fidelity-20261008-worker/006-worker-full/build-test-results-test/TEST-com.datacube.fx.SqlScriptDetailFindTest.xml
 create mode 100644 docs/superpowers/verification/evidence/xlsx-text-fidelity-20261008-worker/006-worker-full/build-test-results-test/TEST-com.datacube.fx.SqlScriptDetailsDialogTest.xml
 create mode 100644 docs/superpowers/verification/evidence/xlsx-text-fidelity-20261008-worker/006-worker-full/build-test-results-test/TEST-com.datacube.fx.SqlScriptDetailsIntegrationTest.xml
 create mode 100644 docs/superpowers/verification/evidence/xlsx-text-fidelity-20261008-worker/006-worker-full/build-test-results-test/TEST-com.datacube.fx.SqlScriptFileControllerTest.xml
 create mode 100644 docs/superpowers/verification/evidence/xlsx-text-fidelity-20261008-worker/006-worker-full/build-test-results-test/TEST-com.datacube.fx.SqlScriptFileEntryTest.xml
 create mode 100644 docs/superpowers/verification/evidence/xlsx-text-fidelity-20261008-worker/006-worker-full/build-test-results-test/TEST-com.datacube.fx.SqlTabFileLifecycleTest.xml
 create mode 100644 docs/superpowers/verification/evidence/xlsx-text-fidelity-20261008-worker/006-worker-full/build-test-results-test/TEST-com.datacube.fx.SqlWorkspaceManagerTest.xml
 create mode 100644 docs/superpowers/verification/evidence/xlsx-text-fidelity-20261008-worker/006-worker-full/build-test-results-test/TEST-com.datacube.fx.SqlWorkspaceRecoveryTabsTest.xml
 create mode 100644 docs/superpowers/verification/evidence/xlsx-text-fidelity-20261008-worker/006-worker-full/build-test-results-test/TEST-com.datacube.fx.SqlWorkspaceUiTest.xml
 create mode 100644 docs/superpowers/verification/evidence/xlsx-text-fidelity-20261008-worker/006-worker-full/build-test-results-test/TEST-com.datacube.fx.StrictCleanupRetryChannelTest.xml
 create mode 100644 docs/superpowers/verification/evidence/xlsx-text-fidelity-20261008-worker/006-worker-full/build-test-results-test/TEST-com.datacube.fx.TableDesignerPaneLifecycleTest.xml
 create mode 100644 docs/superpowers/verification/evidence/xlsx-text-fidelity-20261008-worker/006-worker-full/build-test-results-test/TEST-com.datacube.fx.TableSelectSqlTabsTest.xml
 create mode 100644 docs/superpowers/verification/evidence/xlsx-text-fidelity-20261008-worker/006-worker-full/build-test-results-test/TEST-com.datacube.fx.Task6ConstructionPlanContractTest.xml
 create mode 100644 docs/superpowers/verification/evidence/xlsx-text-fidelity-20261008-worker/006-worker-full/build-test-results-test/TEST-com.datacube.fx.WorkspaceStartPaneTest.xml
 create mode 100644 docs/superpowers/verification/evidence/xlsx-text-fidelity-20261008-worker/006-worker-full/build-test-results-test/TEST-com.datacube.fx.WriteSafetyIntegrationTest.xml
 create mode 100644 docs/superpowers/verification/evidence/xlsx-text-fidelity-20261008-worker/006-worker-full/build-test-results-test/TEST-com.datacube.fx.task.FxSerialTaskQueueTest.xml
 create mode 100644 docs/superpowers/verification/evidence/xlsx-text-fidelity-20261008-worker/006-worker-full/build-test-results-test/TEST-com.datacube.fx.task.FxTaskRunnerTest.xml
 create mode 100644 docs/superpowers/verification/evidence/xlsx-text-fidelity-20261008-worker/006-worker-full/build-test-results-test/TEST-com.datacube.fx.task.FxTaskScopeTest.xml
 create mode 100644 docs/superpowers/verification/evidence/xlsx-text-fidelity-20261008-worker/006-worker-full/build-test-results-test/TEST-com.datacube.fx.task.SerialSessionOperationQueueTest.xml
 create mode 100644 docs/superpowers/verification/evidence/xlsx-text-fidelity-20261008-worker/006-worker-full/build-test-results-test/TEST-com.datacube.io.BoundedRegularFileReaderTest.xml
 create mode 100644 docs/superpowers/verification/evidence/xlsx-text-fidelity-20261008-worker/006-worker-full/build-test-results-test/TEST-com.datacube.migration.MigrationCancellationTest.xml
 create mode 100644 docs/superpowers/verification/evidence/xlsx-text-fidelity-20261008-worker/006-worker-full/build-test-results-test/TEST-com.datacube.migration.MigrationConnectionsTest.xml
 create mode 100644 docs/superpowers/verification/evidence/xlsx-text-fidelity-20261008-worker/006-worker-full/build-test-results-test/TEST-com.datacube.migration.MigrationDataFileTest.xml
 create mode 100644 docs/superpowers/verification/evidence/xlsx-text-fidelity-20261008-worker/006-worker-full/build-test-results-test/TEST-com.datacube.migration.MigrationOperationsTest.xml
 create mode 100644 docs/superpowers/verification/evidence/xlsx-text-fidelity-20261008-worker/006-worker-full/build-test-results-test/TEST-com.datacube.migration.MigrationPreflightTest.xml
 create mode 100644 docs/superpowers/verification/evidence/xlsx-text-fidelity-20261008-worker/006-worker-full/build-test-results-test/TEST-com.datacube.migration.MigrationReportTest.xml
 create mode 100644 docs/superpowers/verification/evidence/xlsx-text-fidelity-20261008-worker/006-worker-full/build-test-results-test/TEST-com.datacube.migration.MigrationTableExporterTest.xml
 create mode 100644 docs/superpowers/verification/evidence/xlsx-text-fidelity-20261008-worker/006-worker-full/build-test-results-test/TEST-com.datacube.migration.MigrationTaskCoordinatorTest.xml
 create mode 100644 docs/superpowers/verification/evidence/xlsx-text-fidelity-20261008-worker/006-worker-full/build-test-results-test/TEST-com.datacube.migration.PgImporterTest.xml
 create mode 100644 docs/superpowers/verification/evidence/xlsx-text-fidelity-20261008-worker/006-worker-full/build-test-results-test/TEST-com.datacube.migration.PgVerifierTest.xml
 create mode 100644 docs/superpowers/verification/evidence/xlsx-text-fidelity-20261008-worker/006-worker-full/build-test-results-test/TEST-com.datacube.provider.ResultFilterCapabilityMatrixTest.xml
 create mode 100644 docs/superpowers/verification/evidence/xlsx-text-fidelity-20261008-worker/006-worker-full/build-test-results-test/TEST-com.datacube.provider.SchemaObjectNamesTest.xml
 create mode 100644 docs/superpowers/verification/evidence/xlsx-text-fidelity-20261008-worker/006-worker-full/build-test-results-test/TEST-com.datacube.provider.jdbc.DriverCancellationClassificationTest.xml
 create mode 100644 docs/superpowers/verification/evidence/xlsx-text-fidelity-20261008-worker/006-worker-full/build-test-results-test/TEST-com.datacube.provider.jdbc.JdbcDataEditorTest.xml
 create mode 100644 docs/superpowers/verification/evidence/xlsx-text-fidelity-20261008-worker/006-worker-full/build-test-results-test/TEST-com.datacube.provider.jdbc.JdbcPreparedQueryExecutorTest.xml
 create mode 100644 docs/superpowers/verification/evidence/xlsx-text-fidelity-20261008-worker/006-worker-full/build-test-results-test/TEST-com.datacube.provider.jdbc.JdbcRowTransactionTest.xml
 create mode 100644 docs/superpowers/verification/evidence/xlsx-text-fidelity-20261008-worker/006-worker-full/build-test-results-test/TEST-com.datacube.provider.jdbc.ScriptContinuationTest.xml
 create mode 100644 docs/superpowers/verification/evidence/xlsx-text-fidelity-20261008-worker/006-worker-full/build-test-results-test/TEST-com.datacube.provider.jdbc.SqlResultBudgetTest.xml
 create mode 100644 docs/superpowers/verification/evidence/xlsx-text-fidelity-20261008-worker/006-worker-full/build-test-results-test/TEST-com.datacube.provider.oracle.OracleResultFilterSqlRendererTest.xml
 create mode 100644 docs/superpowers/verification/evidence/xlsx-text-fidelity-20261008-worker/006-worker-full/build-test-results-test/TEST-com.datacube.provider.oracle.OracleSchemaChangeRendererTest.xml
 create mode 100644 docs/superpowers/verification/evidence/xlsx-text-fidelity-20261008-worker/006-worker-full/build-test-results-test/TEST-com.datacube.provider.oracle.OracleSchemaDiffCapabilityTest.xml
 create mode 100644 docs/superpowers/verification/evidence/xlsx-text-fidelity-20261008-worker/006-worker-full/build-test-results-test/TEST-com.datacube.provider.oracle.OracleSchemaIdentifierNormalizerTest.xml
 create mode 100644 docs/superpowers/verification/evidence/xlsx-text-fidelity-20261008-worker/006-worker-full/build-test-results-test/TEST-com.datacube.provider.oracle.OracleSchemaSnapshotCancellationTest.xml
 create mode 100644 docs/superpowers/verification/evidence/xlsx-text-fidelity-20261008-worker/006-worker-full/build-test-results-test/TEST-com.datacube.provider.oracle.OracleSchemaSnapshotReaderTest.xml
 create mode 100644 docs/superpowers/verification/evidence/xlsx-text-fidelity-20261008-worker/006-worker-full/build-test-results-test/TEST-com.datacube.provider.oracle.OracleSequenceDdlBuilderTest.xml
 create mode 100644 docs/superpowers/verification/evidence/xlsx-text-fidelity-20261008-worker/006-worker-full/build-test-results-test/TEST-com.datacube.provider.oracle.OracleSqlRunnerExecutionControlTest.xml
 create mode 100644 docs/superpowers/verification/evidence/xlsx-text-fidelity-20261008-worker/006-worker-full/build-test-results-test/TEST-com.datacube.provider.oracle.OracleTableDdlBuilderTest.xml
 create mode 100644 docs/superpowers/verification/evidence/xlsx-text-fidelity-20261008-worker/006-worker-full/build-test-results-test/TEST-com.datacube.provider.postgres.PgErrorPositionTest.xml
 create mode 100644 docs/superpowers/verification/evidence/xlsx-text-fidelity-20261008-worker/006-worker-full/build-test-results-test/TEST-com.datacube.provider.postgres.PgResultFilterSqlRendererTest.xml
 create mode 100644 docs/superpowers/verification/evidence/xlsx-text-fidelity-20261008-worker/006-worker-full/build-test-results-test/TEST-com.datacube.provider.postgres.PgSchemaChangeRendererTest.xml
 create mode 100644 docs/superpowers/verification/evidence/xlsx-text-fidelity-20261008-worker/006-worker-full/build-test-results-test/TEST-com.datacube.provider.postgres.PgSchemaDiffCapabilityTest.xml
 create mode 100644 docs/superpowers/verification/evidence/xlsx-text-fidelity-20261008-worker/006-worker-full/build-test-results-test/TEST-com.datacube.provider.postgres.PgSchemaIdentifierNormalizerTest.xml
 create mode 100644 docs/superpowers/verification/evidence/xlsx-text-fidelity-20261008-worker/006-worker-full/build-test-results-test/TEST-com.datacube.provider.postgres.PgSchemaSnapshotCancellationTest.xml
 create mode 100644 docs/superpowers/verification/evidence/xlsx-text-fidelity-20261008-worker/006-worker-full/build-test-results-test/TEST-com.datacube.provider.postgres.PgSchemaSnapshotReaderTest.xml
 create mode 100644 docs/superpowers/verification/evidence/xlsx-text-fidelity-20261008-worker/006-worker-full/build-test-results-test/TEST-com.datacube.provider.postgres.PgSequenceDdlBuilderTest.xml
 create mode 100644 docs/superpowers/verification/evidence/xlsx-text-fidelity-20261008-worker/006-worker-full/build-test-results-test/TEST-com.datacube.provider.postgres.PgSqlRunnerExecutionControlTest.xml
 create mode 100644 docs/superpowers/verification/evidence/xlsx-text-fidelity-20261008-worker/006-worker-full/build-test-results-test/TEST-com.datacube.provider.postgres.PgTableDdlBuilderTest.xml
 create mode 100644 docs/superpowers/verification/evidence/xlsx-text-fidelity-20261008-worker/006-worker-full/build-test-results-test/TEST-com.datacube.redis.KeyTreeBuilderTest.xml
 create mode 100644 docs/superpowers/verification/evidence/xlsx-text-fidelity-20261008-worker/006-worker-full/build-test-results-test/TEST-com.datacube.redis.RedisConsoleSupportTest.xml
 create mode 100644 docs/superpowers/verification/evidence/xlsx-text-fidelity-20261008-worker/006-worker-full/build-test-results-test/TEST-com.datacube.redis.RedisLiveIntegrationTest.xml
 create mode 100644 docs/superpowers/verification/evidence/xlsx-text-fidelity-20261008-worker/006-worker-full/build-test-results-test/TEST-com.datacube.redis.RedisSessionManagerTest.xml
 create mode 100644 docs/superpowers/verification/evidence/xlsx-text-fidelity-20261008-worker/006-worker-full/build-test-results-test/TEST-com.datacube.redis.RedisSessionTest.xml
 create mode 100644 docs/superpowers/verification/evidence/xlsx-text-fidelity-20261008-worker/006-worker-full/build-test-results-test/TEST-com.datacube.redis.RespClientTest.xml
 create mode 100644 docs/superpowers/verification/evidence/xlsx-text-fidelity-20261008-worker/006-worker-full/build-test-results-test/TEST-com.datacube.redis.RespCodecTest.xml
 create mode 100644 docs/superpowers/verification/evidence/xlsx-text-fidelity-20261008-worker/006-worker-full/build-test-results-test/TEST-com.datacube.schemadiff.SchemaChangePlannerTest.xml
 create mode 100644 docs/superpowers/verification/evidence/xlsx-text-fidelity-20261008-worker/006-worker-full/build-test-results-test/TEST-com.datacube.schemadiff.SchemaCrossOwnerComparisonTest.xml
 create mode 100644 docs/superpowers/verification/evidence/xlsx-text-fidelity-20261008-worker/006-worker-full/build-test-results-test/TEST-com.datacube.schemadiff.SchemaDependencyPlannerTest.xml
 create mode 100644 docs/superpowers/verification/evidence/xlsx-text-fidelity-20261008-worker/006-worker-full/build-test-results-test/TEST-com.datacube.schemadiff.SchemaDiffCompletenessTest.xml
 create mode 100644 docs/superpowers/verification/evidence/xlsx-text-fidelity-20261008-worker/006-worker-full/build-test-results-test/TEST-com.datacube.schemadiff.SchemaDiffEngineTest.xml
 create mode 100644 docs/superpowers/verification/evidence/xlsx-text-fidelity-20261008-worker/006-worker-full/build-test-results-test/TEST-com.datacube.schemadiff.SchemaDiffLiveIntegrationTest.xml
 create mode 100644 docs/superpowers/verification/evidence/xlsx-text-fidelity-20261008-worker/006-worker-full/build-test-results-test/TEST-com.datacube.schemadiff.SchemaRenameSuggestionTest.xml
 create mode 100644 docs/superpowers/verification/evidence/xlsx-text-fidelity-20261008-worker/006-worker-full/build-test-results-test/TEST-com.datacube.service.ConnectionManagerDedicatedSessionTest.xml
 create mode 100644 docs/superpowers/verification/evidence/xlsx-text-fidelity-20261008-worker/006-worker-full/build-test-results-test/TEST-com.datacube.service.GridSaveServiceTest.xml
 create mode 100644 docs/superpowers/verification/evidence/xlsx-text-fidelity-20261008-worker/006-worker-full/build-test-results-test/TEST-com.datacube.service.JdbcEditorSessionCancellationIdentityTest.xml
 create mode 100644 docs/superpowers/verification/evidence/xlsx-text-fidelity-20261008-worker/006-worker-full/build-test-results-test/TEST-com.datacube.service.JdbcEditorSessionTest.xml
 create mode 100644 docs/superpowers/verification/evidence/xlsx-text-fidelity-20261008-worker/006-worker-full/build-test-results-test/TEST-com.datacube.service.JdbcWriteSafetyTest.xml
 create mode 100644 docs/superpowers/verification/evidence/xlsx-text-fidelity-20261008-worker/006-worker-full/build-test-results-test/TEST-com.datacube.service.RelationalWriteSafetyTest.xml
 create mode 100644 docs/superpowers/verification/evidence/xlsx-text-fidelity-20261008-worker/006-worker-full/build-test-results-test/TEST-com.datacube.service.SchemaDeploymentCancellationTest.xml
 create mode 100644 docs/superpowers/verification/evidence/xlsx-text-fidelity-20261008-worker/006-worker-full/build-test-results-test/TEST-com.datacube.service.SchemaDeploymentDriftTest.xml
 create mode 100644 docs/superpowers/verification/evidence/xlsx-text-fidelity-20261008-worker/006-worker-full/build-test-results-test/TEST-com.datacube.service.SchemaDeploymentServiceTest.xml
 create mode 100644 docs/superpowers/verification/evidence/xlsx-text-fidelity-20261008-worker/006-worker-full/build-test-results-test/TEST-com.datacube.service.SchemaDiffConcurrencyTest.xml
 create mode 100644 docs/superpowers/verification/evidence/xlsx-text-fidelity-20261008-worker/006-worker-full/build-test-results-test/TEST-com.datacube.service.SchemaDiffServiceTest.xml
 create mode 100644 docs/superpowers/verification/evidence/xlsx-text-fidelity-20261008-worker/006-worker-full/build-test-results-test/TEST-com.datacube.service.SchemaMetadataSearchTest.xml
 create mode 100644 docs/superpowers/verification/evidence/xlsx-text-fidelity-20261008-worker/006-worker-full/build-test-results-test/TEST-com.datacube.service.SchemaObjectCatalogTest.xml
 create mode 100644 docs/superpowers/verification/evidence/xlsx-text-fidelity-20261008-worker/006-worker-full/build-test-results-test/TEST-com.datacube.service.SqlCompletionMetadataTest.xml
 create mode 100644 docs/superpowers/verification/evidence/xlsx-text-fidelity-20261008-worker/006-worker-full/build-test-results-test/TEST-com.datacube.spi.SchemaDiffCapabilityContractTest.xml
 create mode 100644 docs/superpowers/verification/evidence/xlsx-text-fidelity-20261008-worker/006-worker-full/build-test-results-test/TEST-com.datacube.spi.SqlExecutionControlTest.xml
 create mode 100644 docs/superpowers/verification/evidence/xlsx-text-fidelity-20261008-worker/006-worker-full/build-test-results-test/TEST-com.datacube.spi.model.QueryResultMetadataTest.xml
 create mode 100644 docs/superpowers/verification/evidence/xlsx-text-fidelity-20261008-worker/006-worker-full/build-test-results-test/TEST-com.datacube.spi.schemadiff.SchemaSnapshotModelTest.xml
 create mode 100644 docs/superpowers/verification/evidence/xlsx-text-fidelity-20261008-worker/006-worker-full/build-test-results-test/TEST-com.datacube.spi.schemadiff.SnapshotFingerprintTest.xml
 create mode 100644 docs/superpowers/verification/evidence/xlsx-text-fidelity-20261008-worker/006-worker-full/build-test-results-test/TEST-com.datacube.sqleditor.InsertSqlGeneratorTest.xml
 create mode 100644 docs/superpowers/verification/evidence/xlsx-text-fidelity-20261008-worker/006-worker-full/build-test-results-test/TEST-com.datacube.sqleditor.SqlCompletionContextTest.xml
 create mode 100644 docs/superpowers/verification/evidence/xlsx-text-fidelity-20261008-worker/006-worker-full/build-test-results-test/TEST-com.datacube.sqleditor.SqlCurrentStatementTest.xml
 create mode 100644 docs/superpowers/verification/evidence/xlsx-text-fidelity-20261008-worker/006-worker-full/build-test-results-test/TEST-com.datacube.sqleditor.SqlDuplicateLinesTest.xml
 create mode 100644 docs/superpowers/verification/evidence/xlsx-text-fidelity-20261008-worker/006-worker-full/build-test-results-test/TEST-com.datacube.sqleditor.SqlExecutionRangeTest.xml
 create mode 100644 docs/superpowers/verification/evidence/xlsx-text-fidelity-20261008-worker/006-worker-full/build-test-results-test/TEST-com.datacube.sqleditor.SqlExecutionSourceTest.xml
 create mode 100644 docs/superpowers/verification/evidence/xlsx-text-fidelity-20261008-worker/006-worker-full/build-test-results-test/TEST-com.datacube.sqleditor.SqlFormatScopeTest.xml
 create mode 100644 docs/superpowers/verification/evidence/xlsx-text-fidelity-20261008-worker/006-worker-full/build-test-results-test/TEST-com.datacube.sqleditor.SqlFormatterTest.xml
 create mode 100644 docs/superpowers/verification/evidence/xlsx-text-fidelity-20261008-worker/006-worker-full/build-test-results-test/TEST-com.datacube.sqleditor.SqlLineCommentTest.xml
 create mode 100644 docs/superpowers/verification/evidence/xlsx-text-fidelity-20261008-worker/006-worker-full/build-test-results-test/TEST-com.datacube.sqleditor.SqlLineIndentTest.xml
 create mode 100644 docs/superpowers/verification/evidence/xlsx-text-fidelity-20261008-worker/006-worker-full/build-test-results-test/TEST-com.datacube.sqleditor.SqlMoveLinesTest.xml
 create mode 100644 docs/superpowers/verification/evidence/xlsx-text-fidelity-20261008-worker/006-worker-full/build-test-results-test/TEST-com.datacube.sqleditor.SqlObjectNamesTest.xml
 create mode 100644 docs/superpowers/verification/evidence/xlsx-text-fidelity-20261008-worker/006-worker-full/build-test-results-test/TEST-com.datacube.sqleditor.SqlSafetyAnalyzerTest.xml
 create mode 100644 docs/superpowers/verification/evidence/xlsx-text-fidelity-20261008-worker/006-worker-full/build-test-results-test/TEST-com.datacube.sqleditor.SqlSafetyPolicyTest.xml
 create mode 100644 docs/superpowers/verification/evidence/xlsx-text-fidelity-20261008-worker/006-worker-full/build-test-results-test/TEST-com.datacube.sqleditor.SqlScriptDocumentTest.xml
 create mode 100644 docs/superpowers/verification/evidence/xlsx-text-fidelity-20261008-worker/006-worker-full/build-test-results-test/TEST-com.datacube.sqleditor.SqlScriptExecutionReportTest.xml
 create mode 100644 docs/superpowers/verification/evidence/xlsx-text-fidelity-20261008-worker/006-worker-full/build-test-results-test/TEST-com.datacube.sqleditor.SqlScriptFileStoreTest.xml
 create mode 100644 docs/superpowers/verification/evidence/xlsx-text-fidelity-20261008-worker/006-worker-full/build-test-results-test/TEST-com.datacube.sqleditor.SqlScriptPreviewTest.xml
 create mode 100644 docs/superpowers/verification/evidence/xlsx-text-fidelity-20261008-worker/006-worker-full/build-test-results-test/TEST-com.datacube.sqleditor.SqlScriptSplitterTest.xml
 create mode 100644 docs/superpowers/verification/evidence/xlsx-text-fidelity-20261008-worker/006-worker-full/build-test-results-test/TEST-com.datacube.sqleditor.SqlTextReplacementTest.xml
 create mode 100644 docs/superpowers/verification/evidence/xlsx-text-fidelity-20261008-worker/006-worker-full/build-test-results-test/TEST-com.datacube.sqleditor.SqlTextSearchTest.xml
 create mode 100644 docs/superpowers/verification/evidence/xlsx-text-fidelity-20261008-worker/006-worker-full/build-test-results-test/TEST-com.datacube.sqleditor.SqlWholeWordSearchTest.xml
 create mode 100644 docs/superpowers/verification/evidence/xlsx-text-fidelity-20261008-worker/006-worker-full/build-test-results-test/TEST-com.datacube.sqleditor.TableSelectSqlTest.xml
 create mode 100644 docs/superpowers/verification/evidence/xlsx-text-fidelity-20261008-worker/006-worker-full/build-test-results-test/TEST-com.datacube.sqleditor.result.CompactResultTextTest.xml
 create mode 100644 docs/superpowers/verification/evidence/xlsx-text-fidelity-20261008-worker/006-worker-full/build-test-results-test/TEST-com.datacube.sqleditor.result.LocalResultFilterTest.xml
 create mode 100644 docs/superpowers/verification/evidence/xlsx-text-fidelity-20261008-worker/006-worker-full/build-test-results-test/TEST-com.datacube.sqleditor.result.PinnedResultStoreTest.xml
 create mode 100644 docs/superpowers/verification/evidence/xlsx-text-fidelity-20261008-worker/006-worker-full/build-test-results-test/TEST-com.datacube.sqleditor.result.ResultCellPreviewTest.xml
 create mode 100644 docs/superpowers/verification/evidence/xlsx-text-fidelity-20261008-worker/006-worker-full/build-test-results-test/TEST-com.datacube.sqleditor.result.ResultExportSnapshotTest.xml
 create mode 100644 docs/superpowers/verification/evidence/xlsx-text-fidelity-20261008-worker/006-worker-full/build-test-results-test/TEST-com.datacube.sqleditor.result.ResultExportValuePolicyTest.xml
 create mode 100644 docs/superpowers/verification/evidence/xlsx-text-fidelity-20261008-worker/006-worker-full/build-test-results-test/TEST-com.datacube.sqleditor.result.ResultFilterSavedViewTest.xml
 create mode 100644 docs/superpowers/verification/evidence/xlsx-text-fidelity-20261008-worker/006-worker-full/build-test-results-test/TEST-com.datacube.sqleditor.result.ResultFilterStateTest.xml
 create mode 100644 docs/superpowers/verification/evidence/xlsx-text-fidelity-20261008-worker/006-worker-full/build-test-results-test/TEST-com.datacube.sqleditor.result.ResultRowPreviewTest.xml
 create mode 100644 docs/superpowers/verification/evidence/xlsx-text-fidelity-20261008-worker/006-worker-full/build-test-results-test/TEST-com.datacube.sqleditor.result.SafeSelectEligibilityTest.xml
 create mode 100644 docs/superpowers/verification/evidence/xlsx-text-fidelity-20261008-worker/006-worker-full/build-test-results-test/TEST-com.datacube.sqleditor.result.TsvClipboardFormatterTest.xml
 create mode 100644 docs/superpowers/verification/evidence/xlsx-text-fidelity-20261008-worker/006-worker-full/build-test-results-test/TEST-com.datacube.update.PortableArchiveTest.xml
 create mode 100644 docs/superpowers/verification/evidence/xlsx-text-fidelity-20261008-worker/006-worker-full/build-test-results-test/TEST-com.datacube.update.PortableUpdateHelperTest.xml
 create mode 100644 docs/superpowers/verification/evidence/xlsx-text-fidelity-20261008-worker/006-worker-full/build-test-results-test/TEST-com.datacube.update.UpdateApplierTest.xml
 create mode 100644 docs/superpowers/verification/evidence/xlsx-text-fidelity-20261008-worker/006-worker-full/build-test-results-test/TEST-com.datacube.update.UpdateCheckerTest.xml
 create mode 100644 docs/superpowers/verification/evidence/xlsx-text-fidelity-20261008-worker/006-worker-full/build-test-results-test/TEST-com.datacube.update.UpdateDownloadsTest.xml
 create mode 100644 docs/superpowers/verification/evidence/xlsx-text-fidelity-20261008-worker/006-worker-full/build-test-results-test/TEST-com.datacube.update.UpdateManifestTest.xml
 create mode 100644 docs/superpowers/verification/evidence/xlsx-text-fidelity-20261008-worker/006-worker-full/build-test-results-test/TEST-com.datacube.update.UpdatePathsTest.xml
 create mode 100644 docs/superpowers/verification/evidence/xlsx-text-fidelity-20261008-worker/006-worker-full/build-test-results-test/TEST-com.datacube.update.UpdateServiceLifecycleTest.xml
 create mode 100644 docs/superpowers/verification/evidence/xlsx-text-fidelity-20261008-worker/006-worker-full/build-test-results-test/TEST-com.datacube.update.UpdateServiceSafetyTest.xml
 create mode 100644 docs/superpowers/verification/evidence/xlsx-text-fidelity-20261008-worker/006-worker-full/build-test-results-test/TEST-com.datacube.update.UpdateStartupTest.xml
 create mode 100644 docs/superpowers/verification/evidence/xlsx-text-fidelity-20261008-worker/006-worker-full/build-test-results-test/TEST-com.datacube.update.UpdateTaskDispatcherTest.xml
 create mode 100644 docs/superpowers/verification/evidence/xlsx-text-fidelity-20261008-worker/006-worker-full/command.json
 create mode 100644 docs/superpowers/verification/evidence/xlsx-text-fidelity-20261008-worker/006-worker-full/exit.json
 create mode 100644 docs/superpowers/verification/evidence/xlsx-text-fidelity-20261008-worker/006-worker-full/gradle.log
 create mode 100644 docs/superpowers/verification/evidence/xlsx-text-fidelity-20261008-worker/006-worker-full/skipped-original-reasons.json
 create mode 100644 docs/superpowers/verification/evidence/xlsx-text-fidelity-20261008-worker/006-worker-full/xml-summary.json
 create mode 100644 docs/superpowers/verification/evidence/xlsx-text-fidelity-20261008-worker/007-worker-buildsrc/buildSrc-build-test-results-test/TEST-datacube.build.IcoGeneratorTest.xml
 create mode 100644 docs/superpowers/verification/evidence/xlsx-text-fidelity-20261008-worker/007-worker-buildsrc/command.json
 create mode 100644 docs/superpowers/verification/evidence/xlsx-text-fidelity-20261008-worker/007-worker-buildsrc/exit.json
 create mode 100644 docs/superpowers/verification/evidence/xlsx-text-fidelity-20261008-worker/007-worker-buildsrc/gradle.log
 create mode 100644 docs/superpowers/verification/evidence/xlsx-text-fidelity-20261008-worker/007-worker-buildsrc/xml-summary.json
 create mode 100644 docs/superpowers/verification/evidence/xlsx-text-fidelity-20261008-worker/008-worker-image/command.json
 create mode 100644 docs/superpowers/verification/evidence/xlsx-text-fidelity-20261008-worker/008-worker-image/exit.json
 create mode 100644 docs/superpowers/verification/evidence/xlsx-text-fidelity-20261008-worker/008-worker-image/gradle.log
 create mode 100644 docs/superpowers/verification/evidence/xlsx-text-fidelity-20261008-worker/009-worker-image-audit-wrapper/command.json
 create mode 100644 docs/superpowers/verification/evidence/xlsx-text-fidelity-20261008-worker/009-worker-image-audit-wrapper/exit.json
 create mode 100644 docs/superpowers/verification/evidence/xlsx-text-fidelity-20261008-worker/009-worker-image-audit/DataCube.cfg.txt
 create mode 100644 docs/superpowers/verification/evidence/xlsx-text-fidelity-20261008-worker/009-worker-image-audit/audit.json
 create mode 100644 docs/superpowers/verification/evidence/xlsx-text-fidelity-20261008-worker/009-worker-image-audit/driver-compile.log
 create mode 100644 docs/superpowers/verification/evidence/xlsx-text-fidelity-20261008-worker/009-worker-image-audit/driver-discovery.log
 create mode 100644 docs/superpowers/verification/evidence/xlsx-text-fidelity-20261008-worker/009-worker-image-audit/file-list.txt
 create mode 100644 docs/superpowers/verification/evidence/xlsx-text-fidelity-20261008-worker/009-worker-image-audit/module-list.txt
 create mode 100644 docs/superpowers/verification/evidence/xlsx-text-fidelity-20261008-worker/009-worker-image-audit/xlsx-compile.log
 create mode 100644 docs/superpowers/verification/evidence/xlsx-text-fidelity-20261008-worker/009-worker-image-audit/xlsx-independent-audit.json
 create mode 100644 docs/superpowers/verification/evidence/xlsx-text-fidelity-20261008-worker/009-worker-image-audit/xlsx-independent-audit.log
 create mode 100644 docs/superpowers/verification/evidence/xlsx-text-fidelity-20261008-worker/009-worker-image-audit/xlsx-packages/expected-text.tsv
 create mode 100644 docs/superpowers/verification/evidence/xlsx-text-fidelity-20261008-worker/009-worker-image-audit/xlsx-packages/invalid-0.xlsx
 create mode 100644 docs/superpowers/verification/evidence/xlsx-text-fidelity-20261008-worker/009-worker-image-audit/xlsx-packages/invalid-1.xlsx
 create mode 100644 docs/superpowers/verification/evidence/xlsx-text-fidelity-20261008-worker/009-worker-image-audit/xlsx-packages/invalid-2.xlsx
 create mode 100644 docs/superpowers/verification/evidence/xlsx-text-fidelity-20261008-worker/009-worker-image-audit/xlsx-packages/invalid-3.xlsx
 create mode 100644 docs/superpowers/verification/evidence/xlsx-text-fidelity-20261008-worker/009-worker-image-audit/xlsx-packages/invalid-4.xlsx
 create mode 100644 docs/superpowers/verification/evidence/xlsx-text-fidelity-20261008-worker/009-worker-image-audit/xlsx-packages/invalid-5.xlsx
 create mode 100644 docs/superpowers/verification/evidence/xlsx-text-fidelity-20261008-worker/009-worker-image-audit/xlsx-packages/plain-0.xlsx
 create mode 100644 docs/superpowers/verification/evidence/xlsx-text-fidelity-20261008-worker/009-worker-image-audit/xlsx-packages/plain-1.xlsx
 create mode 100644 docs/superpowers/verification/evidence/xlsx-text-fidelity-20261008-worker/009-worker-image-audit/xlsx-packages/plain-2.xlsx
 create mode 100644 docs/superpowers/verification/evidence/xlsx-text-fidelity-20261008-worker/009-worker-image-audit/xlsx-packages/plain-3.xlsx
 create mode 100644 docs/superpowers/verification/evidence/xlsx-text-fidelity-20261008-worker/009-worker-image-audit/xlsx-packages/plain-4.xlsx
 create mode 100644 docs/superpowers/verification/evidence/xlsx-text-fidelity-20261008-worker/009-worker-image-audit/xlsx-packages/plain-5.xlsx
 create mode 100644 docs/superpowers/verification/evidence/xlsx-text-fidelity-20261008-worker/009-worker-image-audit/xlsx-packages/plain-6.xlsx
 create mode 100644 docs/superpowers/verification/evidence/xlsx-text-fidelity-20261008-worker/009-worker-image-audit/xlsx-packages/plain-7.xlsx
 create mode 100644 docs/superpowers/verification/evidence/xlsx-text-fidelity-20261008-worker/009-worker-image-audit/xlsx-packages/plain-8.xlsx
 create mode 100644 docs/superpowers/verification/evidence/xlsx-text-fidelity-20261008-worker/009-worker-image-audit/xlsx-packages/plain-9.xlsx
 create mode 100644 docs/superpowers/verification/evidence/xlsx-text-fidelity-20261008-worker/009-worker-image-audit/xlsx-packages/styled-0.xlsx
 create mode 100644 docs/superpowers/verification/evidence/xlsx-text-fidelity-20261008-worker/009-worker-image-audit/xlsx-packages/styled-1.xlsx
 create mode 100644 docs/superpowers/verification/evidence/xlsx-text-fidelity-20261008-worker/009-worker-image-audit/xlsx-packages/styled-2.xlsx
 create mode 100644 docs/superpowers/verification/evidence/xlsx-text-fidelity-20261008-worker/009-worker-image-audit/xlsx-packages/styled-3.xlsx
 create mode 100644 docs/superpowers/verification/evidence/xlsx-text-fidelity-20261008-worker/009-worker-image-audit/xlsx-packages/styled-4.xlsx
 create mode 100644 docs/superpowers/verification/evidence/xlsx-text-fidelity-20261008-worker/009-worker-image-audit/xlsx-packages/styled-5.xlsx
 create mode 100644 docs/superpowers/verification/evidence/xlsx-text-fidelity-20261008-worker/009-worker-image-audit/xlsx-packages/styled-6.xlsx
 create mode 100644 docs/superpowers/verification/evidence/xlsx-text-fidelity-20261008-worker/009-worker-image-audit/xlsx-packages/styled-7.xlsx
 create mode 100644 docs/superpowers/verification/evidence/xlsx-text-fidelity-20261008-worker/009-worker-image-audit/xlsx-packages/styled-8.xlsx
 create mode 100644 docs/superpowers/verification/evidence/xlsx-text-fidelity-20261008-worker/009-worker-image-audit/xlsx-packages/styled-9.xlsx
 create mode 100644 docs/superpowers/verification/evidence/xlsx-text-fidelity-20261008-worker/009-worker-image-audit/xlsx-runtime.log
 create mode 100644 docs/superpowers/verification/evidence/xlsx-text-fidelity-20261008-worker/009-worker-image-audit/xml-compile.log
 create mode 100644 docs/superpowers/verification/evidence/xlsx-text-fidelity-20261008-worker/009-worker-image-audit/xml-runtime.log
 create mode 100644 docs/superpowers/verification/evidence/xlsx-text-fidelity-20261008-worker/009a-audit-invocation-failure/failure.json
 create mode 100644 docs/superpowers/verification/evidence/xlsx-text-fidelity-20261008-worker/009a-audit-invocation-failure/original-command.ps1
 create mode 100644 docs/superpowers/verification/evidence/xlsx-text-fidelity-20261008-worker/009a-audit-invocation-failure/tool-output-transcript.txt
 create mode 100644 docs/superpowers/verification/evidence/xlsx-text-fidelity-20261008-worker/Audit-Main-Image.ps1
 create mode 100644 docs/superpowers/verification/evidence/xlsx-text-fidelity-20261008-worker/Audit-Staged.cjs
 create mode 100644 docs/superpowers/verification/evidence/xlsx-text-fidelity-20261008-worker/Audit-Xlsx-Text.py
 create mode 100644 docs/superpowers/verification/evidence/xlsx-text-fidelity-20261008-worker/Freeze-Raw.cjs
 create mode 100644 docs/superpowers/verification/evidence/xlsx-text-fidelity-20261008-worker/NulEvidenceAlias.java
 create mode 100644 docs/superpowers/verification/evidence/xlsx-text-fidelity-20261008-worker/Run-Diagnosis.ps1
 create mode 100644 docs/superpowers/verification/evidence/xlsx-text-fidelity-20261008-worker/Run-Image-Audit.ps1
 create mode 100644 docs/superpowers/verification/evidence/xlsx-text-fidelity-20261008-worker/Run-Main.ps1
 create mode 100644 docs/superpowers/verification/evidence/xlsx-text-fidelity-20261008-worker/Stage-Raw.cjs
 create mode 100644 docs/superpowers/verification/evidence/xlsx-text-fidelity-20261008-worker/XlsxRuntimeTextProbe.java
 create mode 100644 docs/superpowers/verification/evidence/xlsx-text-fidelity-20261008-worker/XlsxTextDiagnosis.java
 create mode 100644 docs/superpowers/verification/evidence/xlsx-text-fidelity-20261008-worker/XmlRuntimeExportProbe.java
 create mode 100644 docs/superpowers/verification/evidence/xlsx-text-fidelity-20261008-worker/before-003-red-source/Run-Main.ps1
 create mode 100644 docs/superpowers/verification/evidence/xlsx-text-fidelity-20261008-worker/before-003-red-source/SqlResultXlsxExportFailureTest.java
 create mode 100644 docs/superpowers/verification/evidence/xlsx-text-fidelity-20261008-worker/before-003-red-source/XlsxTextFidelityTest.java
 create mode 100644 docs/superpowers/verification/evidence/xlsx-text-fidelity-20261008-worker/before-003-red-source/XlsxWriter.java
 create mode 100644 docs/superpowers/verification/evidence/xlsx-text-fidelity-20261008-worker/final-freeze-005/Run-Main.ps1
 create mode 100644 docs/superpowers/verification/evidence/xlsx-text-fidelity-20261008-worker/final-freeze-005/final-targeted-tasks.json
 create mode 100644 docs/superpowers/verification/evidence/xlsx-text-fidelity-20261008-worker/final-freeze-005/shared-callers-unchanged.json
 create mode 100644 docs/superpowers/verification/evidence/xlsx-text-fidelity-20261008-worker/final-freeze-005/source-sha256.json
 create mode 100644 docs/superpowers/verification/evidence/xlsx-text-fidelity-20261008-worker/final-freeze-005/src/com/datacube/export/XlsxWriter.java
 create mode 100644 docs/superpowers/verification/evidence/xlsx-text-fidelity-20261008-worker/final-freeze-005/test/com/datacube/export/XlsxTextFidelityTest.java
 create mode 100644 docs/superpowers/verification/evidence/xlsx-text-fidelity-20261008-worker/final-freeze-005/test/com/datacube/fx/SqlResultXlsxExportFailureTest.java
 create mode 100644 docs/superpowers/verification/evidence/xlsx-text-fidelity-20261008-worker/final-stability-after-009.json
 create mode 100644 docs/superpowers/verification/evidence/xlsx-text-fidelity-20261008-worker/final-targeted-tasks.json
 create mode 100644 docs/superpowers/verification/evidence/xlsx-text-fidelity-20261008-worker/raw-manifest.json
 create mode 100644 docs/superpowers/verification/evidence/xlsx-text-fidelity-20261008-worker/runtime-probe-copy-provenance.json
 create mode 100644 docs/superpowers/verification/evidence/xlsx-text-fidelity-20261008-worker/staged-raw-audit.json
 create mode 100644 docs/superpowers/verification/evidence/xlsx-text-fidelity-20261008-worker/worker-report.original.md
 create mode 100644 test/com/datacube/export/XlsxTextFidelityTest.java
 create mode 100644 test/com/datacube/fx/SqlResultXlsxExportFailureTest.java
